<?xml version="1.0" encoding="ASCII"?>
<EM:ExpertModule xmi:version="2.0" xmlns:xmi="http://www.omg.org/XMI" xmlns:xsi="http://www.w3.org/2001/XMLSchema-instance" xmlns:EM="http:///com.cerner.expert/expertmodule/1.0.0" moduleName="COV_CE_INFLUENZA_DC_ORDER">
  <information>
    <runtimeInformation versionString="001.026" externalFileName="COV_CE_INFLUENZA_DC_ORDER" lastUpdated="2021-04-21T12:38:28.000-0400" validtionType="EXPIRED" title="COV_CE_INFLUENZA_DC_ORDER" reconcileFlag="1" reconcileDate="2021-04-21T12:38:28.000-0400">
      <duration start="2018-03-20T00:00:00.000-0400" end="2100-12-31T23:59:59.000-0500"/>
      <updateUser userName="HESTER, PAUL"/>
    </runtimeInformation>
    <documentation author="Chad  Cummings" institution=" CERNER" specialist="Girish Gangadhara" purpose="This fires a page to the House Supervisor if the flu imm is not addressed." query="Girish&#x9;&#x9;&#x9;&#x9;03/27/2018&#x9;&#x9;&#x9;&#x9;Initial Development" citation="&#xD;&#xA;">
      <keywords>	Flu</keywords>
    </documentation>
  </information>
  <expertTemplates>
    <events>
      <event name=""/>
      <event name="ADDPROBLEM"/>
      <event name="ADDTOSCRATCHPAD"/>
      <event name="ALLERGY_EVENT"/>
      <event name="AP_ORDER_EVENT"/>
      <event name="BB_RESULT_EVENT"/>
      <event name="CBTFLEXORDERS"/>
      <event name="CHART_SERVER_EVENT"/>
      <event name="CLINICALTRIALSCREEN"/>
      <event name="CLINICAL_EVENT"/>
      <event name="CLOSECHART"/>
      <event name="COLLECTION_EVENT"/>
      <event name="DCP_CN_TASK_UPD"/>
      <event name="DCP_MODTASK_EVENT"/>
      <event name="DCP_PW_COND"/>
      <event name="DCP_PW_OUTCOME_EVENT"/>
      <event name="DIAGNOSIS_EVENT"/>
      <event name="EKS_FORMAT"/>
      <event name="EKS_SYNC_TEST01"/>
      <event name="EKS_TEST_02"/>
      <event name="EKS_TEST_EVENT"/>
      <event name="EKS_TEST_EVENT01"/>
      <event name="ENSURE_EVENT"/>
      <event name="EXPERT_EVENT"/>
      <event name="HEALTHE_EVENT"/>
      <event name="HEALTH_MAINT_QUAL_EVENT"/>
      <event name="HIM_ADD_REQUEST"/>
      <event name="HIM_ADMIT_EVENT"/>
      <event name="HIM_PATIENT_INFO_REQUEST"/>
      <event name="HIM_TEST_EVENT"/>
      <event name="HL7_EVENT"/>
      <event name="MB_EXPEDITE"/>
      <event name="MB_RESULT_EVENT"/>
      <event name="MB_SCRIPTED_WORKUPS"/>
      <event name="MB_SUSCEPTIBILITY"/>
      <event name="MDI_RESULT_EVENT"/>
      <event name="MEDCHARTACTIVATE"/>
      <event name="MPI_ADT"/>
      <event name="OPENCHART"/>
      <event name="ORDER_EVENT"/>
      <event name="ORDER_PRO_TEST1"/>
      <event name="PATIENT_EVENT"/>
      <event name="PCA_EXPERT_EVENT"/>
      <event name="Person_Transaction"/>
      <event name="PFT_Add_Account"/>
      <event name="PFT_ADJ_WO"/>
      <event name="PFT_CHARGE_EVENT"/>
      <event name="pft_check_amount"/>
      <event name="PFT_VEHICLE"/>
      <event name="PNTFLEXREFRANGE"/>
      <event name="POWERPLANFLEX"/>
      <event name="PROBLEM_EVENT"/>
      <event name="PROFIT_1450_CLAIM_EVENT"/>
      <event name="PROFIT_1500_CLAIM_EVENT"/>
      <event name="PROVIDER_CHG_EVENT"/>
      <event name="PROVIDE_EVENT"/>
      <event name="PWRCHRT_ADD_ORDER"/>
      <event name="RESULT_EVENT"/>
      <event name="RESULT_EVENT_CSM"/>
      <event name="RESULT_EVENT_TEST"/>
      <event name="SCH_ACTION_EVENT"/>
      <event name="SIGNORDER"/>
      <event name="SN New Pref Card Created"/>
      <event name="SN_CASE_CHECK_IN_EVENT"/>
      <event name="SN_CASE_EVENT"/>
      <event name="SN_CASE_SCHEDULE_EVENT"/>
      <event name="SN_DOCUMENT_OPEN"/>
      <event name="SN_DOCUMENT_STATE"/>
      <event name="SN_FINALIZE_DOC_EVENT"/>
      <event name="SN_PROCEDURE_SCHEDULE"/>
      <event name="SN_SAVE_PROCEDURE"/>
      <event name="SN_TEST_EVENT"/>
      <event name="SOCIAL_HISTORY_ADD"/>
      <event name="SYNCHEVENT"/>
      <event name="TOCFLEX"/>
      <event name="TOUCHOPENCHART"/>
    </events>
    <evokeTemplates>
      <templateDefinitions xsi:type="EM:ExpertTemplate" name="EKS_CE_RESULT_EVAL_E" definition="the triggering request contains a STATUS result for EVENT_SET_NAME that is EVALUATION VALUE1 and OPT_VALUE2" description="Numeric results" eventDependency="//@expertTemplates/@events/@event.9" optimizable="true" reconcilable="true">
        <keywords>CLINICALEVENT</keywords>
        <arguments xsi:type="EM:ReferentialArgument" name="STATUS" dataType="CHARACTER" controlType="LISTBOX" validationType="READ_ONLY" required="true" optimizable="true" reconcileScript="eks_p_codeset_cki_refhelp  &quot;8&quot;,&quot;CKI&quot;,&quot;*ANY_STATUS&quot;" keyFieldIndex="2">
          <statements dependency="STATUS" statement="eks_codeset_cki_refhelp &quot;8&quot;,&quot;CKI&quot;,&quot;*ANY_STATUS&quot; go&#xD;&#xA;/*&#xD;&#xA;select distinct&#xD;&#xA;    Result_Status = if (t.seq = 1) &#xD;&#xA;              cv.description &#xD;&#xA;           else &#xD;&#xA;              &quot;*ANY_STATUS&quot;&#xD;&#xA;           endif,&#xD;&#xA; _hidden = if (t.seq = 1) &#xD;&#xA;              cv.code_value &#xD;&#xA;           else&#xD;&#xA;              0.0&#xD;&#xA;           endif&#xD;&#xA;from code_value cv, (dummyt t with seq=2)&#xD;&#xA;plan cv where cv.code_set = 8 and cv.active_ind = 1 and cv.cdf_meaning > &quot; &quot;&#xD;&#xA;join t&#xD;&#xA;order Result_Status&#xD;&#xA;*/"/>
        </arguments>
        <arguments xsi:type="EM:ReferentialArgument" name="EVENT_SET_NAME" dataType="CHARACTER" controlType="LISTBOX" validationType="READ_ONLY" required="true" optimizable="true" reconcileScript="eks_p_event_set_name" keyFieldIndex="2">
          <statements dependency="EVENT_SET_NAME" statement="EKS_ABC_REFHELP &quot;ANY&quot; GO"/>
          <statements dependency="EVENT_SET_NAME" statement="eks_event_set_name_refhelp PAR1, &quot;EVENT_SET&quot; go&#xD;&#xA;&#xD;&#xA;/* SELECT&#xD;&#xA;IF (PAR1=&quot;*ANY&quot;)&#xD;&#xA;   EVENT_SET_NAME=&quot;*ANY_EVENT_SET_NAME&quot;&#xD;&#xA; ELSEIF (PAR1=&quot;ALL&quot;)&#xD;&#xA;    EVENT_SET_NAME = V.EVENT_SET_NAME&#xD;&#xA;  FROM V500_EVENT_SET_CODE V&#xD;&#xA;  ORDER cnvtupper(V.EVENT_SET_NAME)&#xD;&#xA; ELSEIF (PAR1 != &quot;OTHER&quot;) &#xD;&#xA;    EVENT_SET_NAME = V.EVENT_SET_NAME&#xD;&#xA;  FROM V500_EVENT_SET_CODE V&#xD;&#xA;  WHERE CNVTUPPER(V.EVENT_SET_NAME) =PATSTRING(CONCAT(cnvtupper(PAR1),&quot;*&quot;))    &#xD;&#xA;  ORDER cnvtupper(V.EVENT_SET_NAME)&#xD;&#xA; ELSE&#xD;&#xA;  EVENT_SET_NAME= V.EVENT_SET_NAME&#xD;&#xA;  FROM V500_EVENT_SET_CODE V&#xD;&#xA;  WHERE CNVTUPPER(substring(1,1,V.EVENT_SET_NAME)) NOT BETWEEN &quot;0&quot; AND &quot;Z&quot;&#xD;&#xA;  ORDER cnvtupper(V.EVENT_SET_NAME)    &#xD;&#xA; ENDIF */"/>
        </arguments>
        <arguments xsi:type="EM:FixedListArgument" name="EVALUATION" dataType="CHARACTER" validationType="READ_ONLY" required="true" reconcileScript="N/A">
          <stringTable>
            <column value="EQUAL TO"/>
            <column value="alpha or numeric"/>
          </stringTable>
          <stringTable>
            <column value="NOT EQUAL TO"/>
            <column value="alpha or numeric"/>
          </stringTable>
          <stringTable>
            <column value="LESS THAN"/>
            <column value="numeric only"/>
          </stringTable>
          <stringTable>
            <column value="LESS THAN OR EQUAL TO"/>
            <column value="numeric only"/>
          </stringTable>
          <stringTable>
            <column value="GREATER THAN"/>
            <column value="numeric only"/>
          </stringTable>
          <stringTable>
            <column value="GREATER THAN OR EQUAL TO"/>
            <column value="numeric only"/>
          </stringTable>
          <stringTable>
            <column value="BETWEEN"/>
            <column value="numeric only"/>
          </stringTable>
          <stringTable>
            <column value="OUTSIDE"/>
            <column value="numeric only"/>
          </stringTable>
        </arguments>
        <arguments name="VALUE1" dataType="CHARACTER" required="true" reconcileScript="N/A"/>
        <arguments name="OPT_VALUE2" dataType="CHARACTER" reconcileScript="N/A"/>
      </templateDefinitions>
    </evokeTemplates>
    <logicTemplates>
      <templateDefinitions xsi:type="EM:ExpertTemplate" name="EKS_STOP_LOGIC_L" definition="the following templates are false, MODE logic evaluation" description="Used to control efficiency of Action Group rules" eventDependency="//@expertTemplates/@events/@event.1 //@expertTemplates/@events/@event.2 //@expertTemplates/@events/@event.3 //@expertTemplates/@events/@event.5 //@expertTemplates/@events/@event.8 //@expertTemplates/@events/@event.9 //@expertTemplates/@events/@event.10 //@expertTemplates/@events/@event.11 //@expertTemplates/@events/@event.13 //@expertTemplates/@events/@event.16 //@expertTemplates/@events/@event.23 //@expertTemplates/@events/@event.32 //@expertTemplates/@events/@event.36 //@expertTemplates/@events/@event.38 //@expertTemplates/@events/@event.39 //@expertTemplates/@events/@event.41 //@expertTemplates/@events/@event.42 //@expertTemplates/@events/@event.49 //@expertTemplates/@events/@event.50 //@expertTemplates/@events/@event.51 //@expertTemplates/@events/@event.55 //@expertTemplates/@events/@event.57 //@expertTemplates/@events/@event.58 //@expertTemplates/@events/@event.61 //@expertTemplates/@events/@event.72 //@expertTemplates/@events/@event.73 //@expertTemplates/@events/@event.74 //@expertTemplates/@events/@event.75" reconcilable="true" alwaysTrue="true">
        <keywords>UTILITY</keywords>
        <arguments xsi:type="EM:FixedListArgument" name="MODE" dataType="CHARACTER" validationType="READ_ONLY" reconcileScript="N/A">
          <defaultValue xsi:type="EM:StringValue" value="STOP"/>
          <stringTable>
            <column value="STOP"/>
            <column value=" "/>
          </stringTable>
          <stringTable>
            <column value="CONTINUE"/>
            <column value=" "/>
          </stringTable>
        </arguments>
      </templateDefinitions>
      <templateDefinitions xsi:type="EM:ExpertTemplate" name="EKS_CE_RESULT_INCOMING_REQ_L" definition="the triggering request contains a STATUS result for EVENT_SET_NAME that is EVALUATION VALUE1 and OPT_VALUE2" description="Incoming numeric result value, status" eventDependency="//@expertTemplates/@events/@event.9" optimizable="true" reconcilable="true">
        <keywords>CLINICALEVENT</keywords>
        <arguments xsi:type="EM:ReferentialArgument" name="STATUS" dataType="CHARACTER" controlType="LISTBOX" validationType="READ_ONLY" required="true" optimizable="true" reconcileScript="eks_p_codeset_cki_refhelp &quot;8&quot;,&quot;CKI&quot;,&quot;*ANY_STATUS&quot;" keyFieldIndex="2">
          <statements dependency="STATUS" statement="eks_codeset_cki_refhelp &quot;8&quot;,&quot;CKI&quot;,&quot;*ANY_STATUS&quot; go&#xD;&#xA;&#xD;&#xA;/* select distinct&#xD;&#xA;    Result_Status = if (t.seq = 1) &#xD;&#xA;              cv.description &#xD;&#xA;           else &#xD;&#xA;              &quot;*ANY_STATUS&quot;&#xD;&#xA;           endif,&#xD;&#xA; _hidden = if (t.seq = 1) &#xD;&#xA;              cv.code_value &#xD;&#xA;           else&#xD;&#xA;              0.0&#xD;&#xA;           endif&#xD;&#xA;from code_value cv, (dummyt t with seq=2)&#xD;&#xA;plan cv where cv.code_set = 8 and cv.active_ind = 1 and cv.cdf_meaning > &quot; &quot;&#xD;&#xA;join t&#xD;&#xA;order Result_Status */&#xD;&#xA;"/>
        </arguments>
        <arguments xsi:type="EM:ReferentialArgument" name="EVENT_SET_NAME" dataType="CHARACTER" controlType="LISTBOX" validationType="READ_ONLY" required="true" optimizable="true" reconcileScript="eks_p_event_set_name" keyFieldIndex="2">
          <statements dependency="EVENT_SET_NAME" statement="EKS_ABC_REFHELP &quot;ANY&quot; GO"/>
          <statements dependency="EVENT_SET_NAME" statement="eks_event_set_name_refhelp PAR1, &quot;EVENT_SET&quot; go&#xD;&#xA;&#xD;&#xA;/* SELECT&#xD;&#xA;IF (PAR1=&quot;*ANY&quot;)&#xD;&#xA;   EVENT_SET_NAME=&quot;*ANY_EVENT_SET_NAME&quot;&#xD;&#xA; ELSEIF (PAR1=&quot;ALL&quot;)&#xD;&#xA;    EVENT_SET_NAME = V.EVENT_SET_NAME&#xD;&#xA;  FROM V500_EVENT_SET_CODE V&#xD;&#xA;  ORDER cnvtupper(V.EVENT_SET_NAME)&#xD;&#xA; ELSEIF (PAR1 != &quot;OTHER&quot;) &#xD;&#xA;    EVENT_SET_NAME = V.EVENT_SET_NAME&#xD;&#xA;  FROM V500_EVENT_SET_CODE V&#xD;&#xA;  WHERE CNVTUPPER(V.EVENT_SET_NAME) =PATSTRING(CONCAT(cnvtupper(PAR1),&quot;*&quot;))    &#xD;&#xA;  ORDER cnvtupper(V.EVENT_SET_NAME)&#xD;&#xA; ELSE&#xD;&#xA;  EVENT_SET_NAME= V.EVENT_SET_NAME&#xD;&#xA;  FROM V500_EVENT_SET_CODE V&#xD;&#xA;  WHERE CNVTUPPER(substring(1,1,V.EVENT_SET_NAME)) NOT BETWEEN &quot;0&quot; AND &quot;Z&quot;&#xD;&#xA;  ORDER cnvtupper(V.EVENT_SET_NAME)    &#xD;&#xA; ENDIF */"/>
        </arguments>
        <arguments xsi:type="EM:FixedListArgument" name="EVALUATION" dataType="CHARACTER" validationType="READ_ONLY" required="true" reconcileScript="N/A">
          <stringTable>
            <column value="equal to"/>
            <column value="alpha or numeric"/>
          </stringTable>
          <stringTable>
            <column value="not equal to"/>
            <column value="alpha or numeric"/>
          </stringTable>
          <stringTable>
            <column value="less than"/>
            <column value="numeric only"/>
          </stringTable>
          <stringTable>
            <column value="less than or equal to"/>
            <column value="numeric only"/>
          </stringTable>
          <stringTable>
            <column value="greater than"/>
            <column value="numeric only"/>
          </stringTable>
          <stringTable>
            <column value="greater than or equal to"/>
            <column value="numeric only"/>
          </stringTable>
          <stringTable>
            <column value="between"/>
            <column value="numeric only"/>
          </stringTable>
          <stringTable>
            <column value="outside"/>
            <column value="numeric only"/>
          </stringTable>
        </arguments>
        <arguments name="VALUE1" dataType="CHARACTER" required="true" reconcileScript="N/A"/>
        <arguments name="OPT_VALUE2" dataType="CHARACTER" reconcileScript="N/A"/>
      </templateDefinitions>
      <templateDefinitions xsi:type="EM:ExpertTemplate" name="EKS_ORDERS_FIND_L" definition="orders exist ORD_METHOD OPT_ORDERS with order status of OPT_ORDER_STATUS on OPT_SCOPE OPT_LINK whose date criteria is OPT_QUAL OPT_TIME_NUM OPT_TIME_UNIT from the anchor OPT_ANCHOR_DT_TM." description="Orderable, status, attributes" recommeded="CAUTION" eventDependency="//@expertTemplates/@events/@event.1 //@expertTemplates/@events/@event.2 //@expertTemplates/@events/@event.3 //@expertTemplates/@events/@event.4 //@expertTemplates/@events/@event.5 //@expertTemplates/@events/@event.8 //@expertTemplates/@events/@event.9 //@expertTemplates/@events/@event.10 //@expertTemplates/@events/@event.11 //@expertTemplates/@events/@event.13 //@expertTemplates/@events/@event.16 //@expertTemplates/@events/@event.23 //@expertTemplates/@events/@event.36 //@expertTemplates/@events/@event.38 //@expertTemplates/@events/@event.39 //@expertTemplates/@events/@event.41 //@expertTemplates/@events/@event.42 //@expertTemplates/@events/@event.49 //@expertTemplates/@events/@event.50 //@expertTemplates/@events/@event.51 //@expertTemplates/@events/@event.55 //@expertTemplates/@events/@event.57 //@expertTemplates/@events/@event.61 //@expertTemplates/@events/@event.72 //@expertTemplates/@events/@event.73 //@expertTemplates/@events/@event.74 //@expertTemplates/@events/@event.75" optimizable="true" reconcilable="true">
        <keywords>ORDER</keywords>
        <arguments xsi:type="EM:ReferentialArgument" name="ORD_METHOD" dataType="CHARACTER" controlType="REFERENTIAL" validationType="READ_ONLY" required="true" reconcileScript="N/A">
          <statements dependency="ORD_METHOD" statement="execute eks_t_db_ref_help &quot;HELPNEWORDMETHOD^&quot; go"/>
        </arguments>
        <arguments xsi:type="EM:ReferentialArgument" name="OPT_ORDERS" dataType="CHARACTER" controlType="LISTBOX" validationType="READ_ONLY" dependency="ORD_METHOD" optimizable="true" reconcileScript="eks_p_ord_method_orders" keyFieldIndex="2">
          <statements dependency="OPT_ORDERS" statement="execute eks_t_db_ref_help ConCat(&quot;HELPCATALOGTYPE^&quot;, PAR1) go&#xD;&#xA;"/>
          <statements dependency="OPT_ORDERS" statement="execute eks_t_db_ref_help ConCat(&quot;HELPORDALPHA^&quot;, PAR1) go&#xD;&#xA;"/>
          <statements dependency="OPT_ORDERS" statement="execute eks_t_db_ref_help ConCat(&quot;HELPORDERS^&quot;, PAR1) go"/>
        </arguments>
        <arguments xsi:type="EM:ReferentialArgument" name="OPT_ORDER_STATUS" dataType="CHARACTER" controlType="LISTBOX" validationType="READ_ONLY" optimizable="true" reconcileScript="eks_p_codeset_cki_refhelp  &quot;6004&quot;,&quot;CKI&quot;,&quot;*ANY_STATUS&quot;" keyFieldIndex="2">
          <statements dependency="OPT_ORDER_STATUS" statement="eks_codeset_cki_refhelp &quot;6004&quot;,&quot;CKI&quot;,&quot;*ANY_STATUS&quot; go"/>
        </arguments>
        <arguments xsi:type="EM:FixedListArgument" name="OPT_SCOPE" dataType="CHARACTER" validationType="READ_ONLY" reconcileScript="N/A">
          <stringTable>
            <column value="the same accession as "/>
            <column value="link to other template by the same accession_id"/>
          </stringTable>
          <stringTable>
            <column value="the same encounter as "/>
            <column value="link to other template by the same encounter_id"/>
          </stringTable>
        </arguments>
        <arguments name="OPT_LINK" dataType="LINK" controlType="TEMPLATE_REFERENCE" reconcileScript="N/A"/>
        <arguments xsi:type="EM:FixedListArgument" name="OPT_QUAL" dataType="CHARACTER" validationType="READ_ONLY" reconcileScript="N/A">
          <stringTable>
            <column value="greater than"/>
            <column value="greater than"/>
          </stringTable>
          <stringTable>
            <column value="less than"/>
            <column value="less than"/>
          </stringTable>
          <stringTable>
            <column value="within"/>
            <column value="within"/>
          </stringTable>
          <stringTable>
            <column value="outside"/>
            <column value="outside"/>
          </stringTable>
        </arguments>
        <arguments name="OPT_TIME_NUM" dataType="CHARACTER" reconcileScript="N/A"/>
        <arguments xsi:type="EM:FixedListArgument" name="OPT_TIME_UNIT" dataType="CHARACTER" validationType="READ_ONLY" reconcileScript="N/A">
          <stringTable>
            <column value="minutes"/>
            <column value="minutes"/>
          </stringTable>
          <stringTable>
            <column value="hours"/>
            <column value="hours"/>
          </stringTable>
          <stringTable>
            <column value="days"/>
            <column value="days"/>
          </stringTable>
        </arguments>
        <arguments xsi:type="EM:FixedListArgument" name="OPT_ANCHOR_DT_TM" dataType="CHARACTER" validationType="READ_ONLY" reconcileScript="N/A">
          <stringTable>
            <column value="collection date &amp; time"/>
            <column value="collection date &amp; time"/>
          </stringTable>
          <stringTable>
            <column value="current start date &amp; time"/>
            <column value="current start date &amp; time"/>
          </stringTable>
          <stringTable>
            <column value="original order date &amp; time"/>
            <column value="original order date &amp; time"/>
          </stringTable>
          <stringTable>
            <column value="projected stop date &amp; time"/>
            <column value="projected stop date &amp; time"/>
          </stringTable>
        </arguments>
      </templateDefinitions>
      <templateDefinitions xsi:type="EM:ExpertTemplate" name="EKS_EXEC_CCL_L" definition="Execute PROGRAM_NAME with parameters OPT_PARAM and link to OPT_LINK" description="Execute CCL program" eventDependency="//@expertTemplates/@events/@event.1 //@expertTemplates/@events/@event.2 //@expertTemplates/@events/@event.3 //@expertTemplates/@events/@event.4 //@expertTemplates/@events/@event.5 //@expertTemplates/@events/@event.8 //@expertTemplates/@events/@event.9 //@expertTemplates/@events/@event.10 //@expertTemplates/@events/@event.11 //@expertTemplates/@events/@event.13 //@expertTemplates/@events/@event.16 //@expertTemplates/@events/@event.23 //@expertTemplates/@events/@event.32 //@expertTemplates/@events/@event.34 //@expertTemplates/@events/@event.36 //@expertTemplates/@events/@event.38 //@expertTemplates/@events/@event.39 //@expertTemplates/@events/@event.41 //@expertTemplates/@events/@event.42 //@expertTemplates/@events/@event.49 //@expertTemplates/@events/@event.50 //@expertTemplates/@events/@event.51 //@expertTemplates/@events/@event.55 //@expertTemplates/@events/@event.56 //@expertTemplates/@events/@event.57 //@expertTemplates/@events/@event.58 //@expertTemplates/@events/@event.60 //@expertTemplates/@events/@event.61 //@expertTemplates/@events/@event.72 //@expertTemplates/@events/@event.73 //@expertTemplates/@events/@event.74 //@expertTemplates/@events/@event.75" reconcilable="true">
        <keywords>UTILITY</keywords>
        <arguments name="PROGRAM_NAME" dataType="CHARACTER" required="true" reconcileScript="eks_p_checkprg"/>
        <arguments name="OPT_PARAM" dataType="CHARACTER" reconcileScript="N/A"/>
        <arguments name="OPT_LINK" dataType="LINK" controlType="TEMPLATE_REFERENCE" reconcileScript="N/A"/>
      </templateDefinitions>
      <templateDefinitions xsi:type="EM:ExpertTemplate" name="EKS_CALC_SAVE_L" definition="EXPRESSION" description="Create a value to be used by subsequent templates" eventDependency="//@expertTemplates/@events/@event.1 //@expertTemplates/@events/@event.2 //@expertTemplates/@events/@event.3 //@expertTemplates/@events/@event.5 //@expertTemplates/@events/@event.8 //@expertTemplates/@events/@event.9 //@expertTemplates/@events/@event.10 //@expertTemplates/@events/@event.11 //@expertTemplates/@events/@event.13 //@expertTemplates/@events/@event.16 //@expertTemplates/@events/@event.23 //@expertTemplates/@events/@event.36 //@expertTemplates/@events/@event.38 //@expertTemplates/@events/@event.39 //@expertTemplates/@events/@event.41 //@expertTemplates/@events/@event.42 //@expertTemplates/@events/@event.49 //@expertTemplates/@events/@event.50 //@expertTemplates/@events/@event.51 //@expertTemplates/@events/@event.55 //@expertTemplates/@events/@event.57 //@expertTemplates/@events/@event.58 //@expertTemplates/@events/@event.61 //@expertTemplates/@events/@event.72 //@expertTemplates/@events/@event.73 //@expertTemplates/@events/@event.74 //@expertTemplates/@events/@event.75" reconcilable="true">
        <keywords>UTILITY, LOG_RETVAL</keywords>
        <arguments name="EXPRESSION" dataType="CHARACTER" controlType="TEXT_MULTI_LINE" required="true" reconcileScript="N/A"/>
      </templateDefinitions>
      <templateDefinitions xsi:type="EM:ExpertTemplate" name="EKS_ENCOUNTER_LOC_DETAIL_L" definition="the patient's ENC_DETAIL that QUAL in DETAIL_VALUE for the same encounter as OPT_LINK" description="Encounter location attributes" eventDependency="//@expertTemplates/@events/@event.1 //@expertTemplates/@events/@event.2 //@expertTemplates/@events/@event.3 //@expertTemplates/@events/@event.4 //@expertTemplates/@events/@event.5 //@expertTemplates/@events/@event.8 //@expertTemplates/@events/@event.9 //@expertTemplates/@events/@event.10 //@expertTemplates/@events/@event.11 //@expertTemplates/@events/@event.13 //@expertTemplates/@events/@event.16 //@expertTemplates/@events/@event.23 //@expertTemplates/@events/@event.32 //@expertTemplates/@events/@event.34 //@expertTemplates/@events/@event.36 //@expertTemplates/@events/@event.38 //@expertTemplates/@events/@event.39 //@expertTemplates/@events/@event.41 //@expertTemplates/@events/@event.42 //@expertTemplates/@events/@event.49 //@expertTemplates/@events/@event.50 //@expertTemplates/@events/@event.51 //@expertTemplates/@events/@event.55 //@expertTemplates/@events/@event.57 //@expertTemplates/@events/@event.60 //@expertTemplates/@events/@event.61 //@expertTemplates/@events/@event.72 //@expertTemplates/@events/@event.73 //@expertTemplates/@events/@event.74 //@expertTemplates/@events/@event.75" reconcilable="true">
        <keywords>ENCOUNTER</keywords>
        <arguments xsi:type="EM:ReferentialArgument" name="ENC_DETAIL" dataType="CHARACTER" controlType="REFERENTIAL" validationType="READ_ONLY" required="true" reconcileScript="N/A" keyFieldIndex="2">
          <statements dependency="ENC_DETAIL" statement="execute EKS_T_ENC_DETAIL_REFHELP &quot;LOC&quot; go"/>
        </arguments>
        <arguments xsi:type="EM:ReferentialArgument" name="QUAL" dataType="CHARACTER" controlType="REFERENTIAL" validationType="READ_ONLY" required="true" dependency="ENC_DETAIL" reconcileScript="N/A" keyFieldIndex="2">
          <statements dependency="QUAL" statement="execute EKS_T_ENC_DETAIL_REFHELP concat(&quot;QUAL&quot;, PAR1) go"/>
        </arguments>
        <arguments xsi:type="EM:ReferentialArgument" name="DETAIL_VALUE" dataType="CHARACTER" controlType="LISTBOX" validationType="READ_ONLY" required="true" dependency="ENC_DETAIL" reconcileScript="eks_p_encDetail" keyFieldIndex="2">
          <statements dependency="DETAIL_VALUE" statement="execute EKS_T_DB_LOCATION_REFHELP &quot;0&quot; go"/>
          <statements dependency="DETAIL_VALUE" statement="execute EKS_T_DB_LOCATION_REFHELP ConCat(PAR1, &quot;^2&quot;) go"/>
          <statements dependency="DETAIL_VALUE" statement="execute EKS_T_DB_LOCATION_REFHELP ConCat(PAR1, &quot;^3&quot;) go"/>
          <statements dependency="DETAIL_VALUE" statement="execute EKS_T_DB_LOCATION_REFHELP ConCat(PAR1, &quot;^4&quot;) go"/>
          <statements dependency="DETAIL_VALUE" statement="execute EKS_T_DB_LOCATION_REFHELP ConCat(PAR1, &quot;^5&quot;) go"/>
        </arguments>
        <arguments name="OPT_LINK" dataType="LINK" controlType="TEMPLATE_REFERENCE" reconcileScript="N/A"/>
      </templateDefinitions>
      <templateDefinitions xsi:type="EM:ExpertTemplate" name="EKS_EVAL_L" definition="EXPRESSION" description="Freetext CCL evaluation" eventDependency="//@expertTemplates/@events/@event.1 //@expertTemplates/@events/@event.2 //@expertTemplates/@events/@event.3 //@expertTemplates/@events/@event.5 //@expertTemplates/@events/@event.8 //@expertTemplates/@events/@event.9 //@expertTemplates/@events/@event.10 //@expertTemplates/@events/@event.11 //@expertTemplates/@events/@event.13 //@expertTemplates/@events/@event.16 //@expertTemplates/@events/@event.23 //@expertTemplates/@events/@event.24 //@expertTemplates/@events/@event.36 //@expertTemplates/@events/@event.38 //@expertTemplates/@events/@event.39 //@expertTemplates/@events/@event.41 //@expertTemplates/@events/@event.42 //@expertTemplates/@events/@event.49 //@expertTemplates/@events/@event.50 //@expertTemplates/@events/@event.51 //@expertTemplates/@events/@event.55 //@expertTemplates/@events/@event.57 //@expertTemplates/@events/@event.58 //@expertTemplates/@events/@event.61 //@expertTemplates/@events/@event.72 //@expertTemplates/@events/@event.73 //@expertTemplates/@events/@event.74 //@expertTemplates/@events/@event.75" reconcilable="true">
        <keywords>UTILITY</keywords>
        <arguments name="EXPRESSION" dataType="CHARACTER" controlType="TEXT_MULTI_LINE" required="true" reconcileScript="N/A"/>
      </templateDefinitions>
      <templateDefinitions xsi:type="EM:ExpertTemplate" name="EKS_LOGIC_TRUE" definition="LOGIC is true" description="Always true" eventDependency="//@expertTemplates/@events/@event.1 //@expertTemplates/@events/@event.2 //@expertTemplates/@events/@event.3 //@expertTemplates/@events/@event.8 //@expertTemplates/@events/@event.9 //@expertTemplates/@events/@event.10 //@expertTemplates/@events/@event.11 //@expertTemplates/@events/@event.13 //@expertTemplates/@events/@event.16 //@expertTemplates/@events/@event.23 //@expertTemplates/@events/@event.24 //@expertTemplates/@events/@event.36 //@expertTemplates/@events/@event.38 //@expertTemplates/@events/@event.39 //@expertTemplates/@events/@event.41 //@expertTemplates/@events/@event.42 //@expertTemplates/@events/@event.49 //@expertTemplates/@events/@event.50 //@expertTemplates/@events/@event.51 //@expertTemplates/@events/@event.55 //@expertTemplates/@events/@event.57 //@expertTemplates/@events/@event.58 //@expertTemplates/@events/@event.60 //@expertTemplates/@events/@event.61 //@expertTemplates/@events/@event.72 //@expertTemplates/@events/@event.73 //@expertTemplates/@events/@event.74 //@expertTemplates/@events/@event.75" reconcilable="true" alwaysTrue="true">
        <keywords>UTILITY</keywords>
        <arguments name="LOGIC" dataType="CHARACTER" reconcileScript="N/A">
          <defaultValue xsi:type="EM:StringValue" value="@quot;LOGIC@quot;"/>
        </arguments>
      </templateDefinitions>
    </logicTemplates>
    <actionTemplates>
      <templateDefinitions xsi:type="EM:ExpertTemplate" name="EKS_MESSENGER_A" definition="Send message  to RECIPIENT with subject OPT_SUBJECT and message MSG with a OPT_PRIORITY priority." description="Send message to printer, email, alphapager" eventDependency="//@expertTemplates/@events/@event.1 //@expertTemplates/@events/@event.2 //@expertTemplates/@events/@event.3 //@expertTemplates/@events/@event.4 //@expertTemplates/@events/@event.5 //@expertTemplates/@events/@event.7 //@expertTemplates/@events/@event.8 //@expertTemplates/@events/@event.9 //@expertTemplates/@events/@event.10 //@expertTemplates/@events/@event.11 //@expertTemplates/@events/@event.12 //@expertTemplates/@events/@event.13 //@expertTemplates/@events/@event.14 //@expertTemplates/@events/@event.15 //@expertTemplates/@events/@event.16 //@expertTemplates/@events/@event.17 //@expertTemplates/@events/@event.20 //@expertTemplates/@events/@event.22 //@expertTemplates/@events/@event.23 //@expertTemplates/@events/@event.26 //@expertTemplates/@events/@event.27 //@expertTemplates/@events/@event.28 //@expertTemplates/@events/@event.30 //@expertTemplates/@events/@event.31 //@expertTemplates/@events/@event.32 //@expertTemplates/@events/@event.33 //@expertTemplates/@events/@event.34 //@expertTemplates/@events/@event.35 //@expertTemplates/@events/@event.36 //@expertTemplates/@events/@event.37 //@expertTemplates/@events/@event.38 //@expertTemplates/@events/@event.39 //@expertTemplates/@events/@event.41 //@expertTemplates/@events/@event.42 //@expertTemplates/@events/@event.45 //@expertTemplates/@events/@event.44 //@expertTemplates/@events/@event.48 //@expertTemplates/@events/@event.51 //@expertTemplates/@events/@event.54 //@expertTemplates/@events/@event.55 //@expertTemplates/@events/@event.56 //@expertTemplates/@events/@event.57 //@expertTemplates/@events/@event.58 //@expertTemplates/@events/@event.59 //@expertTemplates/@events/@event.61 //@expertTemplates/@events/@event.62 //@expertTemplates/@events/@event.63 //@expertTemplates/@events/@event.64 //@expertTemplates/@events/@event.65 //@expertTemplates/@events/@event.66 //@expertTemplates/@events/@event.67 //@expertTemplates/@events/@event.68 //@expertTemplates/@events/@event.69 //@expertTemplates/@events/@event.70 //@expertTemplates/@events/@event.71 //@expertTemplates/@events/@event.72 //@expertTemplates/@events/@event.73 //@expertTemplates/@events/@event.75 //@expertTemplates/@events/@event.47" reconcilable="true">
        <keywords>NOTIFICATION</keywords>
        <arguments xsi:type="EM:ReferentialArgument" name="RECIPIENT" dataType="CHARACTER" controlType="LISTBOX" validationType="READ_ONLY" required="true" reconcileScript="N/A">
          <statements dependency="RECIPIENT" statement="execute eks_t_messenger &quot;HELPRECIPIENT^EMAIL^PRINTER^ALPHAPAGER&quot; go"/>
        </arguments>
        <arguments name="OPT_SUBJECT" dataType="CHARACTER" reconcileScript="N/A"/>
        <arguments name="MSG" dataType="CHARACTER" controlType="TEXT_MULTI_LINE" required="true" reconcileScript="N/A"/>
        <arguments xsi:type="EM:ReferentialArgument" name="OPT_PRIORITY" dataType="CHARACTER" controlType="REFERENTIAL" validationType="REFERENTIAL" reconcileScript="N/A">
          <statements dependency="OPT_PRIORITY" statement="execute eks_t_messenger &quot;HELPPRIORITY&quot; go"/>
        </arguments>
      </templateDefinitions>
    </actionTemplates>
  </expertTemplates>
  <ruleDefinition>
    <evokeSection>
      <evokes evokeEvent="//@expertTemplates/@events/@event.9">
        <logicExpression xsi:type="EM:Antecedent" id="E1" template="EKS_CE_RESULT_EVAL_E">
          <facts argument="STATUS">
            <value xsi:type="EM:ListValue">
              <values xsi:type="EM:ListValue">
                <values xsi:type="EM:CustomValue" hideDisplay="true">
                  <customValue xsi:type="EM:StringValue" value="CDF8:AUTH"/>
                </values>
                <values xsi:type="EM:StringValue" value="Auth (Verified)"/>
              </values>
            </value>
          </facts>
          <facts argument="EVENT_SET_NAME">
            <value xsi:type="EM:ListValue">
              <values xsi:type="EM:ListValue">
                <values xsi:type="EM:CustomValue" hideDisplay="true">
                  <customValue xsi:type="EM:StringValue" value="Discharge Instructions"/>
                </values>
                <values xsi:type="EM:StringValue" value="Discharge Instructions"/>
                <values xsi:type="EM:ListValue">
                  <values xsi:type="EM:CustomValue" hideDisplay="true">
                    <customValue xsi:type="EM:StringValue" value="D"/>
                  </values>
                </values>
              </values>
            </value>
          </facts>
          <facts argument="EVALUATION">
            <value xsi:type="EM:StringValue" value="NOT EQUAL TO"/>
          </facts>
          <facts argument="VALUE1">
            <value xsi:type="EM:StringValue" value="ABC123"/>
          </facts>
          <facts argument="OPT_VALUE2">
            <value xsi:type="EM:StringValue"/>
          </facts>
        </logicExpression>
      </evokes>
    </evokeSection>
    <logicSection>
      <logicExpression xsi:type="EM:InfixExpression">
        <leftExpression xsi:type="EM:Antecedent" id="L1" template="EKS_STOP_LOGIC_L">
          <facts argument="MODE">
            <value xsi:type="EM:StringValue" value="STOP"/>
          </facts>
        </leftExpression>
        <rightExpression xsi:type="EM:InfixExpression">
          <leftExpression xsi:type="EM:Antecedent" alias="DischargeDocumentation" id="L2" template="EKS_CE_RESULT_INCOMING_REQ_L">
            <facts argument="STATUS">
              <value xsi:type="EM:ListValue">
                <values xsi:type="EM:ListValue">
                  <values xsi:type="EM:CustomValue" hideDisplay="true">
                    <customValue xsi:type="EM:StringValue" value="CDF8:AUTH"/>
                  </values>
                  <values xsi:type="EM:StringValue" value="Auth (Verified)"/>
                </values>
              </value>
            </facts>
            <facts argument="EVENT_SET_NAME">
              <value xsi:type="EM:ListValue">
                <values xsi:type="EM:ListValue">
                  <values xsi:type="EM:CustomValue" hideDisplay="true">
                    <customValue xsi:type="EM:StringValue" value="Discharge Instructions"/>
                  </values>
                  <values xsi:type="EM:StringValue" value="Discharge Instructions"/>
                  <values xsi:type="EM:ListValue">
                    <values xsi:type="EM:CustomValue" hideDisplay="true">
                      <customValue xsi:type="EM:StringValue" value="D"/>
                    </values>
                  </values>
                </values>
              </value>
            </facts>
            <facts argument="EVALUATION">
              <value xsi:type="EM:StringValue" value="not equal to"/>
            </facts>
            <facts argument="VALUE1">
              <value xsi:type="EM:StringValue" value="ABC123"/>
            </facts>
            <facts argument="OPT_VALUE2">
              <value xsi:type="EM:StringValue"/>
            </facts>
          </leftExpression>
          <rightExpression xsi:type="EM:InfixExpression">
            <leftExpression xsi:type="EM:Antecedent" alias="DischargeOrder" id="L3" template="EKS_ORDERS_FIND_L">
              <facts argument="ORD_METHOD">
                <value xsi:type="EM:StringValue" value="whose primary mnemonic is"/>
              </facts>
              <facts argument="OPT_ORDERS">
                <value xsi:type="EM:ListValue">
                  <values xsi:type="EM:ListValue">
                    <values xsi:type="EM:CustomValue" hideDisplay="true">
                      <customValue xsi:type="EM:StringValue" value="CCK200:CERNER!AEBiWAEAguYNJIABn4waeg"/>
                    </values>
                    <values xsi:type="EM:StringValue" value="Discharge Patient"/>
                    <values xsi:type="EM:ListValue">
                      <values xsi:type="EM:CustomValue" hideDisplay="true">
                        <customValue xsi:type="EM:StringValue" value="636727.0|whose primary mnemonic is"/>
                      </values>
                      <values xsi:type="EM:CustomValue" hideDisplay="true">
                        <customValue xsi:type="EM:StringValue" value="D|636727.0|whose primary mnemonic is"/>
                      </values>
                    </values>
                  </values>
                </value>
              </facts>
              <facts argument="OPT_ORDER_STATUS">
                <value xsi:type="EM:ListValue">
                  <values xsi:type="EM:ListValue">
                    <values xsi:type="EM:CustomValue" hideDisplay="true">
                      <customValue xsi:type="EM:StringValue" value="CDF6004:ORDERED"/>
                    </values>
                    <values xsi:type="EM:StringValue" value="Ordered"/>
                  </values>
                </value>
              </facts>
              <facts argument="OPT_SCOPE">
                <value xsi:type="EM:StringValue" value="the same encounter as "/>
              </facts>
              <facts argument="OPT_LINK">
                <value xsi:type="EM:AntecedentReference" antecedent="//@ruleDefinition/@logicSection/@logicExpression/@rightExpression/@leftExpression"/>
              </facts>
              <facts argument="OPT_QUAL">
                <value xsi:type="EM:StringValue"/>
              </facts>
              <facts argument="OPT_TIME_NUM">
                <value xsi:type="EM:StringValue"/>
              </facts>
              <facts argument="OPT_TIME_UNIT">
                <value xsi:type="EM:StringValue"/>
              </facts>
              <facts argument="OPT_ANCHOR_DT_TM">
                <value xsi:type="EM:StringValue"/>
              </facts>
            </leftExpression>
            <rightExpression xsi:type="EM:InfixExpression">
              <leftExpression xsi:type="EM:Antecedent" alias="InfluenzaOrder" id="L4" template="EKS_ORDERS_FIND_L">
                <facts argument="ORD_METHOD">
                  <value xsi:type="EM:StringValue" value="whose primary mnemonic is"/>
                </facts>
                <facts argument="OPT_ORDERS">
                  <value xsi:type="EM:ListValue">
                    <values xsi:type="EM:ListValue">
                      <values xsi:type="EM:CustomValue" hideDisplay="true">
                        <customValue xsi:type="EM:StringValue" value="MUL.ORD!d01164"/>
                      </values>
                      <values xsi:type="EM:StringValue" value="influenza virus vaccine, inactivated"/>
                      <values xsi:type="EM:ListValue">
                        <values xsi:type="EM:CustomValue" hideDisplay="true">
                          <customValue xsi:type="EM:StringValue" value="2516.0|whose primary mnemonic is"/>
                        </values>
                        <values xsi:type="EM:CustomValue" hideDisplay="true">
                          <customValue xsi:type="EM:StringValue" value="I|2516.0|whose primary mnemonic is"/>
                        </values>
                      </values>
                    </values>
                    <values xsi:type="EM:ListValue">
                      <values xsi:type="EM:CustomValue" hideDisplay="true">
                        <customValue xsi:type="EM:StringValue" value="MUL.ORD!d04892"/>
                      </values>
                      <values xsi:type="EM:StringValue" value="influenza virus vaccine, live"/>
                      <values xsi:type="EM:ListValue">
                        <values xsi:type="EM:CustomValue" hideDisplay="true">
                          <customValue xsi:type="EM:StringValue" value="2516.0|whose primary mnemonic is"/>
                        </values>
                        <values xsi:type="EM:CustomValue" hideDisplay="true">
                          <customValue xsi:type="EM:StringValue" value="I|2516.0|whose primary mnemonic is"/>
                        </values>
                      </values>
                    </values>
                  </value>
                </facts>
                <facts argument="OPT_ORDER_STATUS">
                  <value xsi:type="EM:ListValue">
                    <values xsi:type="EM:ListValue">
                      <values xsi:type="EM:CustomValue" hideDisplay="true">
                        <customValue xsi:type="EM:StringValue" value="CDF6004:ORDERED"/>
                      </values>
                      <values xsi:type="EM:StringValue" value="Ordered"/>
                    </values>
                  </value>
                </facts>
                <facts argument="OPT_SCOPE">
                  <value xsi:type="EM:StringValue" value="the same encounter as "/>
                </facts>
                <facts argument="OPT_LINK">
                  <value xsi:type="EM:AntecedentReference" antecedent="//@ruleDefinition/@logicSection/@logicExpression/@rightExpression/@rightExpression/@leftExpression"/>
                </facts>
                <facts argument="OPT_QUAL">
                  <value xsi:type="EM:StringValue"/>
                </facts>
                <facts argument="OPT_TIME_NUM">
                  <value xsi:type="EM:StringValue"/>
                </facts>
                <facts argument="OPT_TIME_UNIT">
                  <value xsi:type="EM:StringValue"/>
                </facts>
                <facts argument="OPT_ANCHOR_DT_TM">
                  <value xsi:type="EM:StringValue"/>
                </facts>
              </leftExpression>
              <rightExpression xsi:type="EM:InfixExpression">
                <leftExpression xsi:type="EM:Antecedent" alias="AuthorName" id="L5" template="EKS_EXEC_CCL_L">
                  <facts argument="PROGRAM_NAME">
                    <value xsi:type="EM:StringValue" value="cov_disch_doc_author"/>
                  </facts>
                  <facts argument="OPT_PARAM">
                    <value xsi:type="EM:StringValue" value="^MINE^,^DISCHARGEINSTRUCTIONS^"/>
                  </facts>
                  <facts argument="OPT_LINK">
                    <value xsi:type="EM:AntecedentReference" antecedent="//@ruleDefinition/@logicSection/@logicExpression/@rightExpression/@leftExpression"/>
                  </facts>
                </leftExpression>
                <rightExpression xsi:type="EM:InfixExpression">
                  <leftExpression xsi:type="EM:Antecedent" alias="PTLastName" id="L6" template="EKS_CALC_SAVE_L">
                    <facts argument="EXPRESSION">
                      <value xsi:type="EM:StringValue" value="SELECT FROM PERSON P WHERE P.PERSON_ID = trigger_personid AND P.ACTIVE_IND = 1@NEWLINEdetail   @NEWLINElog_misc1 = trim(&quot; &quot;)@NEWLINEwith nocounter @NEWLINEgo"/>
                    </facts>
                  </leftExpression>
                  <rightExpression xsi:type="EM:InfixExpression">
                    <leftExpression xsi:type="EM:Antecedent" alias="PatientFacility" id="L7" template="EKS_ENCOUNTER_LOC_DETAIL_L">
                      <facts argument="ENC_DETAIL">
                        <value xsi:type="EM:ListValue">
                          <values xsi:type="EM:ListValue">
                            <values xsi:type="EM:CustomValue" hideDisplay="true">
                              <customValue xsi:type="EM:StringValue" value="LOC_FACILITY_CD\220"/>
                            </values>
                            <values xsi:type="EM:StringValue" value="Location Facility"/>
                          </values>
                        </value>
                      </facts>
                      <facts argument="QUAL">
                        <value xsi:type="EM:ListValue">
                          <values xsi:type="EM:ListValue">
                            <values xsi:type="EM:CustomValue" hideDisplay="true">
                              <customValue xsi:type="EM:StringValue" value="="/>
                            </values>
                            <values xsi:type="EM:StringValue" value="is listed"/>
                          </values>
                        </value>
                      </facts>
                      <facts argument="DETAIL_VALUE">
                        <value xsi:type="EM:ListValue">
                          <values xsi:type="EM:ListValue">
                            <values xsi:type="EM:CustomValue" hideDisplay="true">
                              <customValue xsi:type="EM:StringValue" value="2552503645"/>
                            </values>
                            <values xsi:type="EM:StringValue" value="PW"/>
                            <values xsi:type="EM:ListValue">
                              <values xsi:type="EM:CustomValue" hideDisplay="true">
                                <customValue xsi:type="EM:StringValue" value="2552503645^PW^1"/>
                              </values>
                              <values xsi:type="EM:CustomValue" hideDisplay="true">
                                <customValue xsi:type="EM:StringValue" value="2552503645^PW^1"/>
                              </values>
                              <values xsi:type="EM:CustomValue" hideDisplay="true">
                                <customValue xsi:type="EM:StringValue" value="2552503645^PW^1"/>
                              </values>
                              <values xsi:type="EM:CustomValue" hideDisplay="true">
                                <customValue xsi:type="EM:StringValue" value="2552503645^PW^1"/>
                              </values>
                            </values>
                          </values>
                          <values xsi:type="EM:ListValue">
                            <values xsi:type="EM:CustomValue" hideDisplay="true">
                              <customValue xsi:type="EM:StringValue" value="21250403"/>
                            </values>
                            <values xsi:type="EM:StringValue" value="FSR"/>
                            <values xsi:type="EM:ListValue">
                              <values xsi:type="EM:CustomValue" hideDisplay="true">
                                <customValue xsi:type="EM:StringValue" value="21250403^FSR^1"/>
                              </values>
                              <values xsi:type="EM:CustomValue" hideDisplay="true">
                                <customValue xsi:type="EM:StringValue" value="21250403^FSR^1"/>
                              </values>
                              <values xsi:type="EM:CustomValue" hideDisplay="true">
                                <customValue xsi:type="EM:StringValue" value="21250403^FSR^1"/>
                              </values>
                              <values xsi:type="EM:CustomValue" hideDisplay="true">
                                <customValue xsi:type="EM:StringValue" value="21250403^FSR^1"/>
                              </values>
                            </values>
                          </values>
                          <values xsi:type="EM:ListValue">
                            <values xsi:type="EM:CustomValue" hideDisplay="true">
                              <customValue xsi:type="EM:StringValue" value="2552503635"/>
                            </values>
                            <values xsi:type="EM:StringValue" value="FLMC"/>
                            <values xsi:type="EM:ListValue">
                              <values xsi:type="EM:CustomValue" hideDisplay="true">
                                <customValue xsi:type="EM:StringValue" value="2552503635^FLMC^1"/>
                              </values>
                              <values xsi:type="EM:CustomValue" hideDisplay="true">
                                <customValue xsi:type="EM:StringValue" value="2552503635^FLMC^1"/>
                              </values>
                              <values xsi:type="EM:CustomValue" hideDisplay="true">
                                <customValue xsi:type="EM:StringValue" value="2552503635^FLMC^1"/>
                              </values>
                              <values xsi:type="EM:CustomValue" hideDisplay="true">
                                <customValue xsi:type="EM:StringValue" value="2552503635^FLMC^1"/>
                              </values>
                            </values>
                          </values>
                          <values xsi:type="EM:ListValue">
                            <values xsi:type="EM:CustomValue" hideDisplay="true">
                              <customValue xsi:type="EM:StringValue" value="2552503613"/>
                            </values>
                            <values xsi:type="EM:StringValue" value="MMC"/>
                            <values xsi:type="EM:ListValue">
                              <values xsi:type="EM:CustomValue" hideDisplay="true">
                                <customValue xsi:type="EM:StringValue" value="2552503613^MMC^1"/>
                              </values>
                              <values xsi:type="EM:CustomValue" hideDisplay="true">
                                <customValue xsi:type="EM:StringValue" value="2552503613^MMC^1"/>
                              </values>
                              <values xsi:type="EM:CustomValue" hideDisplay="true">
                                <customValue xsi:type="EM:StringValue" value="2552503613^MMC^1"/>
                              </values>
                              <values xsi:type="EM:CustomValue" hideDisplay="true">
                                <customValue xsi:type="EM:StringValue" value="2552503613^MMC^1"/>
                              </values>
                            </values>
                          </values>
                          <values xsi:type="EM:ListValue">
                            <values xsi:type="EM:CustomValue" hideDisplay="true">
                              <customValue xsi:type="EM:StringValue" value="2552503653"/>
                            </values>
                            <values xsi:type="EM:StringValue" value="LCMC"/>
                            <values xsi:type="EM:ListValue">
                              <values xsi:type="EM:CustomValue" hideDisplay="true">
                                <customValue xsi:type="EM:StringValue" value="2552503653^LCMC^1"/>
                              </values>
                              <values xsi:type="EM:CustomValue" hideDisplay="true">
                                <customValue xsi:type="EM:StringValue" value="2552503653^LCMC^1"/>
                              </values>
                              <values xsi:type="EM:CustomValue" hideDisplay="true">
                                <customValue xsi:type="EM:StringValue" value="2552503653^LCMC^1"/>
                              </values>
                              <values xsi:type="EM:CustomValue" hideDisplay="true">
                                <customValue xsi:type="EM:StringValue" value="2552503653^LCMC^1"/>
                              </values>
                            </values>
                          </values>
                          <values xsi:type="EM:ListValue">
                            <values xsi:type="EM:CustomValue" hideDisplay="true">
                              <customValue xsi:type="EM:StringValue" value="2552503639"/>
                            </values>
                            <values xsi:type="EM:StringValue" value="MHHS"/>
                            <values xsi:type="EM:ListValue">
                              <values xsi:type="EM:CustomValue" hideDisplay="true">
                                <customValue xsi:type="EM:StringValue" value="2552503639^MHHS^1"/>
                              </values>
                              <values xsi:type="EM:CustomValue" hideDisplay="true">
                                <customValue xsi:type="EM:StringValue" value="2552503639^MHHS^1"/>
                              </values>
                              <values xsi:type="EM:CustomValue" hideDisplay="true">
                                <customValue xsi:type="EM:StringValue" value="2552503639^MHHS^1"/>
                              </values>
                              <values xsi:type="EM:CustomValue" hideDisplay="true">
                                <customValue xsi:type="EM:StringValue" value="2552503639^MHHS^1"/>
                              </values>
                            </values>
                          </values>
                          <values xsi:type="EM:ListValue">
                            <values xsi:type="EM:CustomValue" hideDisplay="true">
                              <customValue xsi:type="EM:StringValue" value="2552503649"/>
                            </values>
                            <values xsi:type="EM:StringValue" value="RMC"/>
                            <values xsi:type="EM:ListValue">
                              <values xsi:type="EM:CustomValue" hideDisplay="true">
                                <customValue xsi:type="EM:StringValue" value="2552503649^RMC^1"/>
                              </values>
                              <values xsi:type="EM:CustomValue" hideDisplay="true">
                                <customValue xsi:type="EM:StringValue" value="2552503649^RMC^1"/>
                              </values>
                              <values xsi:type="EM:CustomValue" hideDisplay="true">
                                <customValue xsi:type="EM:StringValue" value="2552503649^RMC^1"/>
                              </values>
                              <values xsi:type="EM:CustomValue" hideDisplay="true">
                                <customValue xsi:type="EM:StringValue" value="2552503649^RMC^1"/>
                              </values>
                            </values>
                          </values>
                          <values xsi:type="EM:ListValue">
                            <values xsi:type="EM:CustomValue" hideDisplay="true">
                              <customValue xsi:type="EM:StringValue" value="2552552449"/>
                            </values>
                            <values xsi:type="EM:StringValue" value="COV CORP HOSP"/>
                            <values xsi:type="EM:ListValue">
                              <values xsi:type="EM:CustomValue" hideDisplay="true">
                                <customValue xsi:type="EM:StringValue" value="2552552449^COV CORP HOSP^1"/>
                              </values>
                              <values xsi:type="EM:CustomValue" hideDisplay="true">
                                <customValue xsi:type="EM:StringValue" value="2552552449^COV CORP HOSP^1"/>
                              </values>
                              <values xsi:type="EM:CustomValue" hideDisplay="true">
                                <customValue xsi:type="EM:StringValue" value="2552552449^COV CORP HOSP^1"/>
                              </values>
                              <values xsi:type="EM:CustomValue" hideDisplay="true">
                                <customValue xsi:type="EM:StringValue" value="2552552449^COV CORP HOSP^1"/>
                              </values>
                            </values>
                          </values>
                        </value>
                      </facts>
                      <facts argument="OPT_LINK">
                        <value xsi:type="EM:AntecedentReference" antecedent="//@ruleDefinition/@logicSection/@logicExpression/@rightExpression/@leftExpression"/>
                      </facts>
                    </leftExpression>
                    <rightExpression xsi:type="EM:GroupExpression">
                      <expression xsi:type="EM:GroupExpression">
                        <expression xsi:type="EM:InfixExpression" operator="OR">
                          <leftExpression xsi:type="EM:Antecedent" alias="Facility FLMC Flag" id="L8" template="EKS_EVAL_L">
                            <facts argument="EXPRESSION">
                              <value xsi:type="EM:StringValue" value="&quot;@PTFACENC:{DischargeDocumentation}&quot; = &quot;FLMC&quot;"/>
                            </facts>
                          </leftExpression>
                          <rightExpression xsi:type="EM:InfixExpression" operator="OR">
                            <leftExpression xsi:type="EM:Antecedent" alias="Facility MMC Flag" id="L9" template="EKS_EVAL_L">
                              <facts argument="EXPRESSION">
                                <value xsi:type="EM:StringValue" value="&quot;@PTFACENC:{DischargeDocumentation}&quot; = &quot;MMC&quot;"/>
                              </facts>
                            </leftExpression>
                            <rightExpression xsi:type="EM:InfixExpression" operator="OR">
                              <leftExpression xsi:type="EM:Antecedent" alias="Facility RMC Flag" id="L10" template="EKS_EVAL_L">
                                <facts argument="EXPRESSION">
                                  <value xsi:type="EM:StringValue" value="&quot;@PTFACENC:{DischargeDocumentation}&quot; = &quot;RMC&quot;"/>
                                </facts>
                              </leftExpression>
                              <rightExpression xsi:type="EM:InfixExpression" operator="OR">
                                <leftExpression xsi:type="EM:Antecedent" alias="Facility LCMC Flag" id="L11" template="EKS_EVAL_L">
                                  <facts argument="EXPRESSION">
                                    <value xsi:type="EM:StringValue" value="&quot;@PTFACENC:{DischargeDocumentation}&quot; = &quot;LCMC&quot;"/>
                                  </facts>
                                </leftExpression>
                                <rightExpression xsi:type="EM:InfixExpression" operator="OR">
                                  <leftExpression xsi:type="EM:Antecedent" alias="Facility PW Flag" id="L12" template="EKS_EVAL_L">
                                    <facts argument="EXPRESSION">
                                      <value xsi:type="EM:StringValue" value="&quot;@PTFACENC:{DischargeDocumentation}&quot; = &quot;PW&quot;"/>
                                    </facts>
                                  </leftExpression>
                                  <rightExpression xsi:type="EM:InfixExpression" operator="OR">
                                    <leftExpression xsi:type="EM:Antecedent" alias="Facility MHHS Flag" id="L13" template="EKS_EVAL_L">
                                      <facts argument="EXPRESSION">
                                        <value xsi:type="EM:StringValue" value="&quot;@PTFACENC:{DischargeDocumentation}&quot; = &quot;MHHS&quot;"/>
                                      </facts>
                                    </leftExpression>
                                    <rightExpression xsi:type="EM:InfixExpression" operator="OR">
                                      <leftExpression xsi:type="EM:Antecedent" alias="Facility FSR Flag" id="L14" template="EKS_EVAL_L">
                                        <facts argument="EXPRESSION">
                                          <value xsi:type="EM:StringValue" value="&quot;@PTFACENC:{DischargeDocumentation}&quot; = &quot;FSR&quot;"/>
                                        </facts>
                                      </leftExpression>
                                      <rightExpression xsi:type="EM:InfixExpression" operator="OR">
                                        <leftExpression xsi:type="EM:Antecedent" alias="Facility COV CORP Flag" id="L15" template="EKS_EVAL_L">
                                          <facts argument="EXPRESSION">
                                            <value xsi:type="EM:StringValue" value="&quot;@PTFACENC:{DischargeDocumentation}&quot; = &quot;COV CORP HOSP&quot;"/>
                                          </facts>
                                        </leftExpression>
                                        <rightExpression xsi:type="EM:Antecedent" alias="Facility Other Flag" id="L16" template="EKS_LOGIC_TRUE">
                                          <facts argument="LOGIC">
                                            <value xsi:type="EM:StringValue" value="@quot;LOGIC@quot;"/>
                                          </facts>
                                        </rightExpression>
                                      </rightExpression>
                                    </rightExpression>
                                  </rightExpression>
                                </rightExpression>
                              </rightExpression>
                            </rightExpression>
                          </rightExpression>
                        </expression>
                      </expression>
                    </rightExpression>
                  </rightExpression>
                </rightExpression>
              </rightExpression>
            </rightExpression>
          </rightExpression>
        </rightExpression>
      </logicExpression>
    </logicSection>
    <actionSection>
      <action xsi:type="EM:ActionGroups">
        <actionGroups>
          <logicExpression xsi:type="EM:LogicReference" antecedent="//@ruleDefinition/@logicSection/@logicExpression/@rightExpression/@rightExpression/@rightExpression/@rightExpression/@rightExpression/@rightExpression/@rightExpression/@expression/@expression/@leftExpression"/>
          <actionExpression>
            <logicExpression xsi:type="EM:Antecedent" alias="FLMC" id="A1" template="EKS_MESSENGER_A">
              <facts argument="RECIPIENT">
                <value xsi:type="EM:ListValue">
                  <values xsi:type="EM:ListValue">
                    <values xsi:type="EM:CustomValue" hideDisplay="true">
                      <customValue xsi:type="EM:StringValue" value=" "/>
                    </values>
                    <values xsi:type="EM:StringValue" value="@EMAIL:[ccummin4@covhlth.com]"/>
                  </values>
                  <values xsi:type="EM:ListValue">
                    <values xsi:type="EM:CustomValue" hideDisplay="true">
                      <customValue xsi:type="EM:StringValue" value=" "/>
                    </values>
                    <values xsi:type="EM:StringValue" value="@EMAIL:[8655973068@usamobility.net]"/>
                  </values>
                </value>
              </facts>
              <facts argument="OPT_SUBJECT">
                <value xsi:type="EM:StringValue" value="Location - @PTNURSENC:{PatientFacility} | @PTROOMENC:{PatientFacility} | @PTLOCENC:{PatientFacility}, DC without Influenza Vaccine by @MISC:{AuthorName}"/>
              </facts>
              <facts argument="MSG">
                <value xsi:type="EM:StringValue" value="Location - @PTNURSENC:{PatientFacility} | @PTROOMENC:{PatientFacility} | @PTLOCENC:{PatientFacility} , DC without Influenza Vaccine by @MISC:{AuthorName}"/>
              </facts>
              <facts argument="OPT_PRIORITY">
                <value xsi:type="EM:StringValue"/>
              </facts>
            </logicExpression>
          </actionExpression>
        </actionGroups>
        <actionGroups>
          <logicExpression xsi:type="EM:LogicReference" antecedent="//@ruleDefinition/@logicSection/@logicExpression/@rightExpression/@rightExpression/@rightExpression/@rightExpression/@rightExpression/@rightExpression/@rightExpression/@expression/@expression/@rightExpression/@rightExpression/@rightExpression/@rightExpression/@rightExpression/@rightExpression/@leftExpression"/>
          <actionExpression>
            <logicExpression xsi:type="EM:Antecedent" alias="FSR" id="A2" template="EKS_MESSENGER_A">
              <facts argument="RECIPIENT">
                <value xsi:type="EM:ListValue">
                  <values xsi:type="EM:ListValue">
                    <values xsi:type="EM:CustomValue" hideDisplay="true">
                      <customValue xsi:type="EM:StringValue" value=" "/>
                    </values>
                    <values xsi:type="EM:StringValue" value="@EMAIL:[ccummin4@covhlth.com]"/>
                  </values>
                  <values xsi:type="EM:ListValue">
                    <values xsi:type="EM:CustomValue" hideDisplay="true">
                      <customValue xsi:type="EM:StringValue" value=" "/>
                    </values>
                    <values xsi:type="EM:StringValue" value="@EMAIL:[8655972500@usamobility.net]"/>
                  </values>
                </value>
              </facts>
              <facts argument="OPT_SUBJECT">
                <value xsi:type="EM:StringValue" value="Location - @PTNURSENC:{PatientFacility} | @PTROOMENC:{PatientFacility} | @PTLOCENC:{PatientFacility}, DC without Influenza Vaccine by @MISC:{AuthorName}"/>
              </facts>
              <facts argument="MSG">
                <value xsi:type="EM:StringValue" value="Location - @PTNURSENC:{PatientFacility} | @PTROOMENC:{PatientFacility} | @PTLOCENC:{PatientFacility} , DC without Influenza Vaccine by @MISC:{AuthorName}"/>
              </facts>
              <facts argument="OPT_PRIORITY">
                <value xsi:type="EM:StringValue"/>
              </facts>
            </logicExpression>
          </actionExpression>
        </actionGroups>
        <actionGroups>
          <logicExpression xsi:type="EM:LogicReference" antecedent="//@ruleDefinition/@logicSection/@logicExpression/@rightExpression/@rightExpression/@rightExpression/@rightExpression/@rightExpression/@rightExpression/@rightExpression/@expression/@expression/@rightExpression/@rightExpression/@rightExpression/@rightExpression/@rightExpression/@leftExpression"/>
          <actionExpression>
            <logicExpression xsi:type="EM:Antecedent" alias="MHHS" id="A3" template="EKS_MESSENGER_A">
              <facts argument="RECIPIENT">
                <value xsi:type="EM:ListValue">
                  <values xsi:type="EM:ListValue">
                    <values xsi:type="EM:CustomValue" hideDisplay="true">
                      <customValue xsi:type="EM:StringValue" value=" "/>
                    </values>
                    <values xsi:type="EM:StringValue" value="@EMAIL:[ccummin4@covhlth.com]"/>
                  </values>
                  <values xsi:type="EM:ListValue">
                    <values xsi:type="EM:CustomValue" hideDisplay="true">
                      <customValue xsi:type="EM:StringValue" value=" "/>
                    </values>
                    <values xsi:type="EM:StringValue" value="@EMAIL:[4237142738@usamobility.net]"/>
                  </values>
                </value>
              </facts>
              <facts argument="OPT_SUBJECT">
                <value xsi:type="EM:StringValue" value="Location - @PTNURSENC:{PatientFacility} | @PTROOMENC:{PatientFacility} | @PTLOCENC:{PatientFacility}, DC without Influenza Vaccine by @MISC:{AuthorName}"/>
              </facts>
              <facts argument="MSG">
                <value xsi:type="EM:StringValue" value="Location - @PTNURSENC:{PatientFacility} | @PTROOMENC:{PatientFacility} | @PTLOCENC:{PatientFacility} , DC without Influenza Vaccine by @MISC:{AuthorName}"/>
              </facts>
              <facts argument="OPT_PRIORITY">
                <value xsi:type="EM:StringValue"/>
              </facts>
            </logicExpression>
          </actionExpression>
        </actionGroups>
        <actionGroups>
          <logicExpression xsi:type="EM:LogicReference" antecedent="//@ruleDefinition/@logicSection/@logicExpression/@rightExpression/@rightExpression/@rightExpression/@rightExpression/@rightExpression/@rightExpression/@rightExpression/@expression/@expression/@rightExpression/@rightExpression/@rightExpression/@leftExpression"/>
          <actionExpression>
            <logicExpression xsi:type="EM:Antecedent" alias="LCMC" id="A4" template="EKS_MESSENGER_A">
              <facts argument="RECIPIENT">
                <value xsi:type="EM:ListValue">
                  <values xsi:type="EM:ListValue">
                    <values xsi:type="EM:CustomValue" hideDisplay="true">
                      <customValue xsi:type="EM:StringValue" value=" "/>
                    </values>
                    <values xsi:type="EM:StringValue" value="@EMAIL:[ccummin4@covhlth.com]"/>
                  </values>
                  <values xsi:type="EM:ListValue">
                    <values xsi:type="EM:CustomValue" hideDisplay="true">
                      <customValue xsi:type="EM:StringValue" value=" "/>
                    </values>
                    <values xsi:type="EM:StringValue" value="@EMAIL:[8652560777@usamobility.net]"/>
                  </values>
                </value>
              </facts>
              <facts argument="OPT_SUBJECT">
                <value xsi:type="EM:StringValue" value="Location - @PTNURSENC:{PatientFacility} | @PTROOMENC:{PatientFacility} | @PTLOCENC:{PatientFacility}, DC without Influenza Vaccine by @MISC:{AuthorName}"/>
              </facts>
              <facts argument="MSG">
                <value xsi:type="EM:StringValue" value="Location - @PTNURSENC:{PatientFacility} | @PTROOMENC:{PatientFacility} | @PTLOCENC:{PatientFacility} , DC without Influenza Vaccine by @MISC:{AuthorName}"/>
              </facts>
              <facts argument="OPT_PRIORITY">
                <value xsi:type="EM:StringValue"/>
              </facts>
            </logicExpression>
          </actionExpression>
        </actionGroups>
        <actionGroups>
          <logicExpression xsi:type="EM:LogicReference" antecedent="//@ruleDefinition/@logicSection/@logicExpression/@rightExpression/@rightExpression/@rightExpression/@rightExpression/@rightExpression/@rightExpression/@rightExpression/@expression/@expression/@rightExpression/@leftExpression"/>
          <actionExpression>
            <logicExpression xsi:type="EM:Antecedent" alias="MMC" id="A5" template="EKS_MESSENGER_A">
              <facts argument="RECIPIENT">
                <value xsi:type="EM:ListValue">
                  <values xsi:type="EM:ListValue">
                    <values xsi:type="EM:CustomValue" hideDisplay="true">
                      <customValue xsi:type="EM:StringValue" value=" "/>
                    </values>
                    <values xsi:type="EM:StringValue" value="@EMAIL:[ccummin4@covhlth.com]"/>
                  </values>
                  <values xsi:type="EM:ListValue">
                    <values xsi:type="EM:CustomValue" hideDisplay="true">
                      <customValue xsi:type="EM:StringValue" value=" "/>
                    </values>
                    <values xsi:type="EM:StringValue" value="@EMAIL:[8655974846@usamobility.net]"/>
                  </values>
                </value>
              </facts>
              <facts argument="OPT_SUBJECT">
                <value xsi:type="EM:StringValue" value="Location - @PTNURSENC:{PatientFacility} | @PTROOMENC:{PatientFacility} | @PTLOCENC:{PatientFacility}, DC without Influenza Vaccine by @MISC:{AuthorName}"/>
              </facts>
              <facts argument="MSG">
                <value xsi:type="EM:StringValue" value="Location - @PTNURSENC:{PatientFacility} | @PTROOMENC:{PatientFacility} | @PTLOCENC:{PatientFacility} , DC without Influenza Vaccine by @MISC:{AuthorName}"/>
              </facts>
              <facts argument="OPT_PRIORITY">
                <value xsi:type="EM:StringValue"/>
              </facts>
            </logicExpression>
          </actionExpression>
        </actionGroups>
        <actionGroups>
          <logicExpression xsi:type="EM:LogicReference" antecedent="//@ruleDefinition/@logicSection/@logicExpression/@rightExpression/@rightExpression/@rightExpression/@rightExpression/@rightExpression/@rightExpression/@rightExpression/@expression/@expression/@rightExpression/@rightExpression/@rightExpression/@rightExpression/@leftExpression"/>
          <actionExpression>
            <logicExpression xsi:type="EM:Antecedent" alias="PW" id="A6" template="EKS_MESSENGER_A">
              <facts argument="RECIPIENT">
                <value xsi:type="EM:ListValue">
                  <values xsi:type="EM:ListValue">
                    <values xsi:type="EM:CustomValue" hideDisplay="true">
                      <customValue xsi:type="EM:StringValue" value=" "/>
                    </values>
                    <values xsi:type="EM:StringValue" value="@EMAIL:[ccummin4@covhlth.com]"/>
                  </values>
                  <values xsi:type="EM:ListValue">
                    <values xsi:type="EM:CustomValue" hideDisplay="true">
                      <customValue xsi:type="EM:StringValue" value=" "/>
                    </values>
                    <values xsi:type="EM:StringValue" value="@EMAIL:[8655972828@usamobility.net]"/>
                  </values>
                  <values xsi:type="EM:ListValue">
                    <values xsi:type="EM:CustomValue" hideDisplay="true">
                      <customValue xsi:type="EM:StringValue" value=" "/>
                    </values>
                    <values xsi:type="EM:StringValue" value="@EMAIL:[kshirley@covhlth.com]"/>
                  </values>
                </value>
              </facts>
              <facts argument="OPT_SUBJECT">
                <value xsi:type="EM:StringValue" value="Location - @PTNURSENC:{PatientFacility} | @PTROOMENC:{PatientFacility} | @PTLOCENC:{PatientFacility}, DC without Influenza Vaccine by @MISC:{AuthorName}"/>
              </facts>
              <facts argument="MSG">
                <value xsi:type="EM:StringValue" value="Location - @PTNURSENC:{PatientFacility} | @PTROOMENC:{PatientFacility} | @PTLOCENC:{PatientFacility} , DC without Influenza Vaccine by @MISC:{AuthorName}"/>
              </facts>
              <facts argument="OPT_PRIORITY">
                <value xsi:type="EM:StringValue"/>
              </facts>
            </logicExpression>
          </actionExpression>
        </actionGroups>
        <actionGroups>
          <logicExpression xsi:type="EM:LogicReference" antecedent="//@ruleDefinition/@logicSection/@logicExpression/@rightExpression/@rightExpression/@rightExpression/@rightExpression/@rightExpression/@rightExpression/@rightExpression/@expression/@expression/@rightExpression/@rightExpression/@leftExpression"/>
          <actionExpression>
            <logicExpression xsi:type="EM:Antecedent" alias="RMC" id="A7" template="EKS_MESSENGER_A">
              <facts argument="RECIPIENT">
                <value xsi:type="EM:ListValue">
                  <values xsi:type="EM:ListValue">
                    <values xsi:type="EM:CustomValue" hideDisplay="true">
                      <customValue xsi:type="EM:StringValue" value=" "/>
                    </values>
                    <values xsi:type="EM:StringValue" value="@EMAIL:[ccummin4@covhlth.com]"/>
                  </values>
                  <values xsi:type="EM:ListValue">
                    <values xsi:type="EM:CustomValue" hideDisplay="true">
                      <customValue xsi:type="EM:StringValue" value=" "/>
                    </values>
                    <values xsi:type="EM:StringValue" value="@EMAIL:[8657010448@usamobility.net]"/>
                  </values>
                </value>
              </facts>
              <facts argument="OPT_SUBJECT">
                <value xsi:type="EM:StringValue" value="Location - @PTNURSENC:{PatientFacility} | @PTROOMENC:{PatientFacility} | @PTLOCENC:{PatientFacility}, DC without Influenza Vaccine by @MISC:{AuthorName}"/>
              </facts>
              <facts argument="MSG">
                <value xsi:type="EM:StringValue" value="Location - @PTNURSENC:{PatientFacility} | @PTROOMENC:{PatientFacility} | @PTLOCENC:{PatientFacility} , DC without Influenza Vaccine by @MISC:{AuthorName}"/>
              </facts>
              <facts argument="OPT_PRIORITY">
                <value xsi:type="EM:StringValue"/>
              </facts>
            </logicExpression>
          </actionExpression>
        </actionGroups>
        <actionGroups>
          <logicExpression xsi:type="EM:LogicReference" antecedent="//@ruleDefinition/@logicSection/@logicExpression/@rightExpression/@rightExpression/@rightExpression/@rightExpression/@rightExpression/@rightExpression/@rightExpression/@expression/@expression/@rightExpression/@rightExpression/@rightExpression/@rightExpression/@rightExpression/@rightExpression/@rightExpression/@leftExpression"/>
          <actionExpression>
            <logicExpression xsi:type="EM:Antecedent" alias="Cov Corp" id="A8" template="EKS_MESSENGER_A">
              <facts argument="RECIPIENT">
                <value xsi:type="EM:ListValue">
                  <values xsi:type="EM:ListValue">
                    <values xsi:type="EM:CustomValue" hideDisplay="true">
                      <customValue xsi:type="EM:StringValue" value=" "/>
                    </values>
                    <values xsi:type="EM:StringValue" value="@EMAIL:[ccummin4@covhlth.com]"/>
                  </values>
                  <values xsi:type="EM:ListValue">
                    <values xsi:type="EM:CustomValue" hideDisplay="true">
                      <customValue xsi:type="EM:StringValue" value=" "/>
                    </values>
                    <values xsi:type="EM:StringValue" value="@EMAIL:[kshirley@CovHlth.com]"/>
                  </values>
                  <values xsi:type="EM:ListValue">
                    <values xsi:type="EM:CustomValue" hideDisplay="true">
                      <customValue xsi:type="EM:StringValue" value=" "/>
                    </values>
                    <values xsi:type="EM:StringValue" value="@EMAIL:[charayda@CovHlth.com]"/>
                  </values>
                  <values xsi:type="EM:ListValue">
                    <values xsi:type="EM:CustomValue" hideDisplay="true">
                      <customValue xsi:type="EM:StringValue" value=" "/>
                    </values>
                    <values xsi:type="EM:StringValue" value="@EMAIL:[8162886144@tmomail.net]"/>
                  </values>
                  <values xsi:type="EM:ListValue">
                    <values xsi:type="EM:CustomValue" hideDisplay="true">
                      <customValue xsi:type="EM:StringValue" value=" "/>
                    </values>
                    <values xsi:type="EM:StringValue" value="@EMAIL:[8652567533@vtext.com]"/>
                  </values>
                </value>
              </facts>
              <facts argument="OPT_SUBJECT">
                <value xsi:type="EM:StringValue" value="Location - @PTNURSENC:{PatientFacility} | @PTROOMENC:{PatientFacility} | @PTLOCENC:{PatientFacility}, DC without Influenza Vaccine by @MISC:{AuthorName}"/>
              </facts>
              <facts argument="MSG">
                <value xsi:type="EM:StringValue" value="Location - @PTNURSENC:{PatientFacility} | @PTROOMENC:{PatientFacility} | @PTLOCENC:{PatientFacility} , DC without Influenza Vaccine by @MISC:{AuthorName}"/>
              </facts>
              <facts argument="OPT_PRIORITY">
                <value xsi:type="EM:StringValue"/>
              </facts>
            </logicExpression>
          </actionExpression>
        </actionGroups>
      </action>
    </actionSection>
  </ruleDefinition>
</EM:ExpertModule>
