<?xml version="1.0" encoding="ASCII"?>
<EM:ExpertModule xmi:version="2.0" xmlns:xmi="http://www.omg.org/XMI" xmlns:xsi="http://www.w3.org/2001/XMLSchema-instance" xmlns:EM="http:///com.cerner.expert/expertmodule/1.0.0" moduleName="COV_OE_VIEW_ONLY_COSIGN">
  <information>
    <runtimeInformation versionString="001.017" externalFileName="COV_OE_VIEW_ONLY_COSIGN" lastUpdated="2020-08-24T11:21:33.000-0400" validtionType="PRODUCTION" title="COV_OE_VIEW_ONLY_COSIGN" reconcileFlag="1" reconcileDate="2020-08-24T11:21:34.000-0400">
      <duration start="2020-05-06T00:00:00.000-0400" end="2100-12-31T23:59:59.000-0500"/>
      <updateUser userName="CUMMINGS, CHAD"/>
    </runtimeInformation>
    <documentation author="ccummin4" institution="" specialist=""/>
  </information>
  <expertTemplates>
    <events>
      <event name=""/>
      <event name="ADDPROBLEM"/>
      <event name="ADDTOSCRATCHPAD"/>
      <event name="ALLERGY_EVENT"/>
      <event name="AP_ORDER_EVENT"/>
      <event name="BB_RESULT_EVENT"/>
      <event name="CBTFLEXORDERS"/>
      <event name="CHART_SERVER_EVENT"/>
      <event name="CLINICALTRIALSCREEN"/>
      <event name="CLINICAL_EVENT"/>
      <event name="CLOSECHART"/>
      <event name="COLLECTION_EVENT"/>
      <event name="DCP_CN_TASK_UPD"/>
      <event name="DCP_MODTASK_EVENT"/>
      <event name="DCP_PW_COND"/>
      <event name="DCP_PW_OUTCOME_EVENT"/>
      <event name="DIAGNOSIS_EVENT"/>
      <event name="EKS_FORMAT"/>
      <event name="EKS_SYNC_TEST01"/>
      <event name="EKS_TEST_02"/>
      <event name="EKS_TEST_EVENT"/>
      <event name="EKS_TEST_EVENT01"/>
      <event name="ENSURE_EVENT"/>
      <event name="EXPERT_EVENT"/>
      <event name="HEALTHE_EVENT"/>
      <event name="HEALTH_MAINT_QUAL_EVENT"/>
      <event name="HIM_ADD_REQUEST"/>
      <event name="HIM_ADMIT_EVENT"/>
      <event name="HIM_PATIENT_INFO_REQUEST"/>
      <event name="HIM_TEST_EVENT"/>
      <event name="HL7_EVENT"/>
      <event name="MB_EXPEDITE"/>
      <event name="MB_RESULT_EVENT"/>
      <event name="MB_SCRIPTED_WORKUPS"/>
      <event name="MB_SUSCEPTIBILITY"/>
      <event name="MDI_RESULT_EVENT"/>
      <event name="MEDCHARTACTIVATE"/>
      <event name="MPI_ADT"/>
      <event name="OPENCHART"/>
      <event name="ORDER_EVENT"/>
      <event name="ORDER_PRO_TEST1"/>
      <event name="PATIENT_EVENT"/>
      <event name="PCA_EXPERT_EVENT"/>
      <event name="Person_Transaction"/>
      <event name="PFT_Add_Account"/>
      <event name="PFT_ADJ_WO"/>
      <event name="PFT_CHARGE_EVENT"/>
      <event name="pft_check_amount"/>
      <event name="PFT_VEHICLE"/>
      <event name="PNTFLEXREFRANGE"/>
      <event name="POWERPLANFLEX"/>
      <event name="PROBLEM_EVENT"/>
      <event name="PROFIT_1450_CLAIM_EVENT"/>
      <event name="PROFIT_1500_CLAIM_EVENT"/>
      <event name="PROVIDER_CHG_EVENT"/>
      <event name="PROVIDE_EVENT"/>
      <event name="PWRCHRT_ADD_ORDER"/>
      <event name="RESULT_EVENT"/>
      <event name="RESULT_EVENT_CSM"/>
      <event name="RESULT_EVENT_TEST"/>
      <event name="SCH_ACTION_EVENT"/>
      <event name="SIGNORDER"/>
      <event name="SN New Pref Card Created"/>
      <event name="SN_CASE_CHECK_IN_EVENT"/>
      <event name="SN_CASE_EVENT"/>
      <event name="SN_CASE_SCHEDULE_EVENT"/>
      <event name="SN_DOCUMENT_OPEN"/>
      <event name="SN_DOCUMENT_STATE"/>
      <event name="SN_FINALIZE_DOC_EVENT"/>
      <event name="SN_PROCEDURE_SCHEDULE"/>
      <event name="SN_SAVE_PROCEDURE"/>
      <event name="SN_TEST_EVENT"/>
      <event name="SOCIAL_HISTORY_ADD"/>
      <event name="SYNCHEVENT"/>
      <event name="TOCFLEX"/>
      <event name="TOUCHOPENCHART"/>
    </events>
    <evokeTemplates>
      <templateDefinitions xsi:type="EM:ExpertTemplate" name="EKS_ORDER_LIST_E" definition="an order ORD_METHOD OPT_ORDERS with status of OPT_ORDER_STATUS and an optional order detail of OPT_ORDER_DETAIL that OPT_QUALIFIER OPT_LIST" description="Orderable, status, attributes" eventDependency="//@expertTemplates/@events/@event.39" optimizable="true" reconcilable="true">
        <keywords>ORDER</keywords>
        <arguments xsi:type="EM:ReferentialArgument" name="ORD_METHOD" dataType="CHARACTER" controlType="REFERENTIAL" validationType="READ_ONLY" required="true" reconcileScript="N/A">
          <statements dependency="ORD_METHOD" statement="execute eks_t_db_ref_help &quot;HELPNEWORDMETHOD^&quot; go"/>
        </arguments>
        <arguments xsi:type="EM:ReferentialArgument" name="OPT_ORDERS" dataType="CHARACTER" controlType="LISTBOX" validationType="READ_ONLY" dependency="ORD_METHOD" optimizable="true" reconcileScript="eks_p_ord_method_orders" keyFieldIndex="2">
          <statements dependency="OPT_ORDERS" statement="execute eks_t_db_ref_help ConCat(&quot;HELPCATALOGTYPE^&quot;, PAR1) go"/>
          <statements dependency="OPT_ORDERS" statement="execute eks_t_db_ref_help ConCat(&quot;HELPORDALPHA^&quot;, PAR1) go"/>
          <statements dependency="OPT_ORDERS" statement="execute eks_t_db_ref_help ConCat(&quot;HELPORDERS^&quot;, PAR1) go"/>
        </arguments>
        <arguments xsi:type="EM:ReferentialArgument" name="OPT_ORDER_STATUS" dataType="CHARACTER" controlType="LISTBOX" validationType="READ_ONLY" optimizable="true" reconcileScript="eks_p_codeset_cki_refhelp  &quot;6004&quot;,&quot;CDF&quot;,&quot;*ANY&quot;" keyFieldIndex="2">
          <statements dependency="OPT_ORDER_STATUS" statement="execute eks_t_db_ref_help &quot;HELPSTATUS&quot; go&#xD;&#xA;;eks_codeset_cki_refhelp &quot;6004&quot;,&quot;CDF&quot;,&quot;*ANY&quot; go"/>
        </arguments>
        <arguments xsi:type="EM:ReferentialArgument" name="OPT_ORDER_DETAIL" dataType="CHARACTER" controlType="REFERENTIAL" validationType="READ_ONLY" reconcileScript="eks_p_order_detail" keyFieldIndex="2">
          <statements dependency="OPT_ORDER_DETAIL" statement="execute eks_t_db_ref_help &quot;HELPDETAILSSEL^USEREQUEST&quot; go"/>
          <statements dependency="OPT_ORDER_DETAIL" statement="execute eks_t_db_ref_help ConCat(&quot;HELPDETAILS^1^&quot;, PAR1) go"/>
        </arguments>
        <arguments xsi:type="EM:ReferentialArgument" name="OPT_QUALIFIER" dataType="CHARACTER" controlType="REFERENTIAL" validationType="READ_ONLY" dependency="OPT_ORDER_DETAIL" reconcileScript="eks_p_qualifier &quot;1&quot;" keyFieldIndex="2">
          <statements dependency="OPT_QUALIFIER" statement="execute eks_t_db_ref_help ConCat(&quot;HELPQUALIFIERS^&quot;, PAR1)  go"/>
        </arguments>
        <arguments xsi:type="EM:ReferentialArgument" name="OPT_LIST" dataType="CHARACTER" controlType="LISTBOX" validationType="READ_ONLY" dependency="OPT_ORDER_DETAIL" optimizable="true" reconcileScript="eks_p_list" keyFieldIndex="2">
          <statements dependency="OPT_LIST" statement="execute eks_t_db_ref_help ConCat(&quot;HELPORDDETLIST1^&quot;, PAR1) go"/>
          <statements dependency="OPT_LIST" statement="execute eks_t_db_ref_help ConCat(&quot;HELPORDDETLIST2^&quot;, PAR1) go"/>
        </arguments>
      </templateDefinitions>
      <templateDefinitions xsi:type="EM:ExpertTemplate" name="EKS_DEBUGEKM_E" definition="Turn debug messaging DEBUG_STATUS" description="Turn debug messaging on or off" eventDependency="//@expertTemplates/@events/@event.1 //@expertTemplates/@events/@event.2 //@expertTemplates/@events/@event.3 //@expertTemplates/@events/@event.4 //@expertTemplates/@events/@event.5 //@expertTemplates/@events/@event.8 //@expertTemplates/@events/@event.9 //@expertTemplates/@events/@event.10 //@expertTemplates/@events/@event.11 //@expertTemplates/@events/@event.13 //@expertTemplates/@events/@event.16 //@expertTemplates/@events/@event.23 //@expertTemplates/@events/@event.26 //@expertTemplates/@events/@event.27 //@expertTemplates/@events/@event.28 //@expertTemplates/@events/@event.31 //@expertTemplates/@events/@event.32 //@expertTemplates/@events/@event.33 //@expertTemplates/@events/@event.34 //@expertTemplates/@events/@event.36 //@expertTemplates/@events/@event.38 //@expertTemplates/@events/@event.39 //@expertTemplates/@events/@event.41 //@expertTemplates/@events/@event.42 //@expertTemplates/@events/@event.45 //@expertTemplates/@events/@event.44 //@expertTemplates/@events/@event.48 //@expertTemplates/@events/@event.49 //@expertTemplates/@events/@event.50 //@expertTemplates/@events/@event.51 //@expertTemplates/@events/@event.55 //@expertTemplates/@events/@event.57 //@expertTemplates/@events/@event.58 //@expertTemplates/@events/@event.61 //@expertTemplates/@events/@event.62 //@expertTemplates/@events/@event.63 //@expertTemplates/@events/@event.64 //@expertTemplates/@events/@event.65 //@expertTemplates/@events/@event.66 //@expertTemplates/@events/@event.67 //@expertTemplates/@events/@event.68 //@expertTemplates/@events/@event.69 //@expertTemplates/@events/@event.70 //@expertTemplates/@events/@event.72 //@expertTemplates/@events/@event.73 //@expertTemplates/@events/@event.74 //@expertTemplates/@events/@event.75 //@expertTemplates/@events/@event.47" reconcilable="true" alwaysTrue="true">
        <keywords>UTILITY</keywords>
        <arguments xsi:type="EM:ReferentialArgument" name="DEBUG_STATUS" dataType="CHARACTER" controlType="REFERENTIAL" validationType="READ_ONLY" required="true" reconcileScript="N/A" keyFieldIndex="2">
          <statements dependency="DEBUG_STATUS" statement="select debug_status = if (d.seq =  1) &quot;On for subsequent Evoke Templates&quot;&#xD;&#xA; elseif (d.seq = 2) &quot;Off for subsequent Evoke Templates&quot;&#xD;&#xA; elseif (d.seq = 3) &quot;On for all Logic Templates&quot;&#xD;&#xA; elseif (d.seq = 4) &quot;On for all Action Templates&quot;&#xD;&#xA; elseif (d.seq = 5) &quot;On for all Logic and Action Templates&quot;&#xD;&#xA; elseif (d.seq = 6) &quot;To FullAudit for this module only&quot;&#xD;&#xA; elseif (d.seq = 7) &quot;Additional EKSDATA logging&quot;&#xD;&#xA;ENDIF,&#xD;&#xA;_hidden = if (d.seq = 1) 1&#xD;&#xA; elseif (d.seq=2) 0&#xD;&#xA; elseif (d.seq=3) 2&#xD;&#xA; elseif (d.seq=4) 3&#xD;&#xA; elseif (d.seq=5) 4&#xD;&#xA; elseif (d.seq=6) 5&#xD;&#xA; elseif (d.seq=7) 6&#xD;&#xA;endif&#xD;&#xA;&#xD;&#xA;FROM (DUMMYT D WITH SEQ = VALUE(7))"/>
        </arguments>
      </templateDefinitions>
    </evokeTemplates>
    <logicTemplates>
      <templateDefinitions xsi:type="EM:ExpertTemplate" name="EKS_CALC_SAVE_L" definition="EXPRESSION" description="Create a value to be used by subsequent templates" eventDependency="//@expertTemplates/@events/@event.1 //@expertTemplates/@events/@event.2 //@expertTemplates/@events/@event.3 //@expertTemplates/@events/@event.5 //@expertTemplates/@events/@event.8 //@expertTemplates/@events/@event.9 //@expertTemplates/@events/@event.10 //@expertTemplates/@events/@event.11 //@expertTemplates/@events/@event.13 //@expertTemplates/@events/@event.16 //@expertTemplates/@events/@event.23 //@expertTemplates/@events/@event.36 //@expertTemplates/@events/@event.38 //@expertTemplates/@events/@event.39 //@expertTemplates/@events/@event.41 //@expertTemplates/@events/@event.42 //@expertTemplates/@events/@event.49 //@expertTemplates/@events/@event.50 //@expertTemplates/@events/@event.51 //@expertTemplates/@events/@event.55 //@expertTemplates/@events/@event.57 //@expertTemplates/@events/@event.58 //@expertTemplates/@events/@event.61 //@expertTemplates/@events/@event.72 //@expertTemplates/@events/@event.73 //@expertTemplates/@events/@event.74 //@expertTemplates/@events/@event.75" reconcilable="true">
        <keywords>UTILITY, LOG_RETVAL</keywords>
        <arguments name="EXPRESSION" dataType="CHARACTER" controlType="TEXT_MULTI_LINE" required="true" reconcileScript="N/A"/>
      </templateDefinitions>
      <templateDefinitions xsi:type="EM:ExpertTemplate" name="EKS_LOGIC_TRUE" definition="LOGIC is true" description="Always true" eventDependency="//@expertTemplates/@events/@event.1 //@expertTemplates/@events/@event.2 //@expertTemplates/@events/@event.3 //@expertTemplates/@events/@event.8 //@expertTemplates/@events/@event.9 //@expertTemplates/@events/@event.10 //@expertTemplates/@events/@event.11 //@expertTemplates/@events/@event.13 //@expertTemplates/@events/@event.16 //@expertTemplates/@events/@event.23 //@expertTemplates/@events/@event.24 //@expertTemplates/@events/@event.36 //@expertTemplates/@events/@event.38 //@expertTemplates/@events/@event.39 //@expertTemplates/@events/@event.41 //@expertTemplates/@events/@event.42 //@expertTemplates/@events/@event.49 //@expertTemplates/@events/@event.50 //@expertTemplates/@events/@event.51 //@expertTemplates/@events/@event.55 //@expertTemplates/@events/@event.57 //@expertTemplates/@events/@event.58 //@expertTemplates/@events/@event.60 //@expertTemplates/@events/@event.61 //@expertTemplates/@events/@event.72 //@expertTemplates/@events/@event.73 //@expertTemplates/@events/@event.74 //@expertTemplates/@events/@event.75" reconcilable="true" alwaysTrue="true">
        <keywords>UTILITY</keywords>
        <arguments name="LOGIC" dataType="CHARACTER" reconcileScript="N/A">
          <defaultValue xsi:type="EM:StringValue" value="@quot;LOGIC@quot;"/>
        </arguments>
      </templateDefinitions>
      <templateDefinitions xsi:type="EM:ExpertTemplate" name="EKS_ORDER_LIST_INCOMING_L" definition="the triggering request contains an order ORD_METHOD OPT_ORDERS with status of OPT_ORDER_STATUS and an optional order detail of OPT_ORDER_DETAIL that OPT_QUALIFIER OPT_LIST" description="Incoming orderable, status, attributes" eventDependency="//@expertTemplates/@events/@event.39" optimizable="true" reconcilable="true">
        <keywords>ORDER</keywords>
        <arguments xsi:type="EM:ReferentialArgument" name="ORD_METHOD" dataType="CHARACTER" controlType="REFERENTIAL" validationType="READ_ONLY" required="true" reconcileScript="N/A">
          <statements dependency="ORD_METHOD" statement="execute eks_t_db_ref_help &quot;HELPNEWORDMETHOD^&quot; go"/>
        </arguments>
        <arguments xsi:type="EM:ReferentialArgument" name="OPT_ORDERS" dataType="CHARACTER" controlType="LISTBOX" validationType="READ_ONLY" dependency="ORD_METHOD" optimizable="true" reconcileScript="eks_p_ord_method_orders" keyFieldIndex="2">
          <statements dependency="OPT_ORDERS" statement="execute eks_t_db_ref_help ConCat(&quot;HELPCATALOGTYPE^&quot;, PAR1) go&#xD;&#xA;"/>
          <statements dependency="OPT_ORDERS" statement="execute eks_t_db_ref_help ConCat(&quot;HELPORDALPHA^&quot;, PAR1) go"/>
          <statements dependency="OPT_ORDERS" statement="execute eks_t_db_ref_help ConCat(&quot;HELPORDERS^&quot;, PAR1) go"/>
        </arguments>
        <arguments xsi:type="EM:ReferentialArgument" name="OPT_ORDER_STATUS" dataType="CHARACTER" controlType="LISTBOX" validationType="READ_ONLY" optimizable="true" reconcileScript="eks_p_codeset_cki_refhelp  &quot;6004&quot;,&quot;CDF&quot;,&quot;*ANY&quot;" keyFieldIndex="2">
          <statements dependency="OPT_ORDER_STATUS" statement="execute eks_t_db_ref_help &quot;HELPSTATUS&quot; go"/>
        </arguments>
        <arguments xsi:type="EM:ReferentialArgument" name="OPT_ORDER_DETAIL" dataType="CHARACTER" controlType="REFERENTIAL" validationType="READ_ONLY" reconcileScript="eks_p_order_detail" keyFieldIndex="2">
          <statements dependency="OPT_ORDER_DETAIL" statement="execute eks_t_db_ref_help &quot;HELPDETAILSSEL^USEREQUEST&quot; go"/>
          <statements dependency="OPT_ORDER_DETAIL" statement="execute eks_t_db_ref_help ConCat(&quot;HELPDETAILS^1^&quot;, PAR1) go"/>
        </arguments>
        <arguments xsi:type="EM:ReferentialArgument" name="OPT_QUALIFIER" dataType="CHARACTER" controlType="REFERENTIAL" validationType="READ_ONLY" dependency="OPT_ORDER_DETAIL" reconcileScript="eks_p_qualifier &quot;1&quot;" keyFieldIndex="2">
          <statements dependency="OPT_QUALIFIER" statement="execute eks_t_db_ref_help ConCat(&quot;HELPQUALIFIERS^&quot;, PAR1)  go"/>
        </arguments>
        <arguments xsi:type="EM:ReferentialArgument" name="OPT_LIST" dataType="CHARACTER" controlType="LISTBOX" validationType="READ_ONLY" dependency="OPT_ORDER_DETAIL" optimizable="true" reconcileScript="eks_p_list" keyFieldIndex="2">
          <statements dependency="OPT_LIST" statement="execute eks_t_db_ref_help ConCat(&quot;HELPORDDETLIST1^&quot;, PAR1) go"/>
          <statements dependency="OPT_LIST" statement="execute eks_t_db_ref_help ConCat(&quot;HELPORDDETLIST2^&quot;, PAR1) go"/>
        </arguments>
      </templateDefinitions>
      <templateDefinitions xsi:type="EM:ExpertTemplate" name="EKS_ORDERS_DETAIL_L" definition="the order detail  ORDER_DETAIL QUALIFIER  LIST for any order(s) in LINK" description="Orderable attributes" eventDependency="//@expertTemplates/@events/@event.1 //@expertTemplates/@events/@event.2 //@expertTemplates/@events/@event.3 //@expertTemplates/@events/@event.4 //@expertTemplates/@events/@event.5 //@expertTemplates/@events/@event.8 //@expertTemplates/@events/@event.9 //@expertTemplates/@events/@event.10 //@expertTemplates/@events/@event.11 //@expertTemplates/@events/@event.13 //@expertTemplates/@events/@event.16 //@expertTemplates/@events/@event.23 //@expertTemplates/@events/@event.32 //@expertTemplates/@events/@event.34 //@expertTemplates/@events/@event.35 //@expertTemplates/@events/@event.36 //@expertTemplates/@events/@event.38 //@expertTemplates/@events/@event.39 //@expertTemplates/@events/@event.41 //@expertTemplates/@events/@event.42 //@expertTemplates/@events/@event.49 //@expertTemplates/@events/@event.50 //@expertTemplates/@events/@event.51 //@expertTemplates/@events/@event.55 //@expertTemplates/@events/@event.57 //@expertTemplates/@events/@event.61 //@expertTemplates/@events/@event.72 //@expertTemplates/@events/@event.73 //@expertTemplates/@events/@event.74 //@expertTemplates/@events/@event.75" optimizable="true" reconcilable="true">
        <keywords>ORDER</keywords>
        <arguments xsi:type="EM:ReferentialArgument" name="ORDER_DETAIL" dataType="CHARACTER" controlType="REFERENTIAL" validationType="READ_ONLY" required="true" reconcileScript="eks_p_order_detail" keyFieldIndex="2">
          <statements dependency="ORDER_DETAIL" statement="execute eks_t_db_ref_help &quot;HELPDETAILSSELDB^USEREQUEST&quot; go"/>
          <statements dependency="ORDER_DETAIL" statement="execute eks_t_db_ref_help ConCat(&quot;HELPDETAILS^2^&quot;, PAR1) go"/>
        </arguments>
        <arguments xsi:type="EM:ReferentialArgument" name="QUALIFIER" dataType="CHARACTER" controlType="REFERENTIAL" validationType="READ_ONLY" required="true" dependency="ORDER_DETAIL" reconcileScript="eks_p_qualifier &quot;2&quot;" keyFieldIndex="2">
          <statements dependency="QUALIFIER" statement="execute eks_t_db_ref_help ConCat(&quot;HELPQUALIFIERS^&quot;, PAR1)  go"/>
        </arguments>
        <arguments xsi:type="EM:ReferentialArgument" name="LIST" dataType="CHARACTER" controlType="LISTBOX" validationType="READ_ONLY" dependency="ORDER_DETAIL" optimizable="true" reconcileScript="eks_p_list" keyFieldIndex="2">
          <statements dependency="LIST" statement="execute eks_t_db_ref_help ConCat(&quot;HELPORDDETLIST1^&quot;, PAR1) go"/>
          <statements dependency="LIST" statement="execute eks_t_db_ref_help ConCat(&quot;HELPORDDETLIST2^&quot;, PAR1) go"/>
        </arguments>
        <arguments name="LINK" dataType="LINK" controlType="TEMPLATE_REFERENCE" required="true" reconcileScript="N/A"/>
      </templateDefinitions>
      <templateDefinitions xsi:type="EM:ExpertTemplate" name="EKS_BUILD_MESSAGE_L" definition="ACTION a message named MSGNAME with text of MSGTEXT preceded by OPT_DELIMITER" description="Create or add to a text message to be used by subsequent templates" eventDependency="//@expertTemplates/@events/@event.1 //@expertTemplates/@events/@event.2 //@expertTemplates/@events/@event.3 //@expertTemplates/@events/@event.8 //@expertTemplates/@events/@event.9 //@expertTemplates/@events/@event.10 //@expertTemplates/@events/@event.11 //@expertTemplates/@events/@event.13 //@expertTemplates/@events/@event.16 //@expertTemplates/@events/@event.23 //@expertTemplates/@events/@event.32 //@expertTemplates/@events/@event.34 //@expertTemplates/@events/@event.36 //@expertTemplates/@events/@event.38 //@expertTemplates/@events/@event.39 //@expertTemplates/@events/@event.41 //@expertTemplates/@events/@event.42 //@expertTemplates/@events/@event.49 //@expertTemplates/@events/@event.50 //@expertTemplates/@events/@event.51 //@expertTemplates/@events/@event.55 //@expertTemplates/@events/@event.57 //@expertTemplates/@events/@event.58 //@expertTemplates/@events/@event.61 //@expertTemplates/@events/@event.72 //@expertTemplates/@events/@event.73 //@expertTemplates/@events/@event.74 //@expertTemplates/@events/@event.75" reconcilable="true" alwaysTrue="true">
        <keywords>UTILITY</keywords>
        <arguments xsi:type="EM:ReferentialArgument" name="ACTION" dataType="CHARACTER" controlType="REFERENTIAL" validationType="READ_ONLY" required="true" reconcileScript="N/A" keyFieldIndex="2">
          <statements dependency="ACTION" statement="select action = if (d.seq =  1) &quot;Create&quot;&#xD;&#xA;         elseif (d.seq =  2) &quot;Append To&quot;&#xD;&#xA;         ENDIF,&#xD;&#xA;         _hidden = if (d.seq =  1) &quot;1&quot;&#xD;&#xA;         elseif (d.seq =  2) &quot;2&quot;&#xD;&#xA;         ENDIF&#xD;&#xA;&#xD;&#xA;FROM (DUMMYT D WITH SEQ = VALUE(2))"/>
        </arguments>
        <arguments name="MSGNAME" dataType="CHARACTER" required="true" reconcileScript="N/A"/>
        <arguments name="MSGTEXT" dataType="CHARACTER" required="true" reconcileScript="N/A"/>
        <arguments name="OPT_DELIMITER" dataType="CHARACTER" reconcileScript="N/A"/>
      </templateDefinitions>
    </logicTemplates>
    <actionTemplates>
      <templateDefinitions xsi:type="EM:ExpertTemplate" name="EKS_NOTIFY" definition="send subject SUBJECT with message  MESSAGE to LOCATION linked to procedure PROCEDURE with priority PRIORITY under categories CLASS and SUBCLASS" description="Send message to Discern Notification" eventDependency="//@expertTemplates/@events/@event.1 //@expertTemplates/@events/@event.2 //@expertTemplates/@events/@event.3 //@expertTemplates/@events/@event.8 //@expertTemplates/@events/@event.9 //@expertTemplates/@events/@event.10 //@expertTemplates/@events/@event.11 //@expertTemplates/@events/@event.13 //@expertTemplates/@events/@event.16 //@expertTemplates/@events/@event.20 //@expertTemplates/@events/@event.23 //@expertTemplates/@events/@event.36 //@expertTemplates/@events/@event.38 //@expertTemplates/@events/@event.39 //@expertTemplates/@events/@event.41 //@expertTemplates/@events/@event.42 //@expertTemplates/@events/@event.45 //@expertTemplates/@events/@event.44 //@expertTemplates/@events/@event.48 //@expertTemplates/@events/@event.51 //@expertTemplates/@events/@event.55 //@expertTemplates/@events/@event.57 //@expertTemplates/@events/@event.58 //@expertTemplates/@events/@event.61 //@expertTemplates/@events/@event.72 //@expertTemplates/@events/@event.73 //@expertTemplates/@events/@event.75 //@expertTemplates/@events/@event.47" reconcilable="true">
        <keywords>NOTIFICATION</keywords>
        <arguments xsi:type="EM:FixedListArgument" name="SUBJECT" dataType="CHARACTER" controlType="TEXT_MULTI_LINE" required="true" reconcileScript="N/A">
          <stringTable>
            <column value="@ACCESSION:"/>
            <column value="Accession Number"/>
          </stringTable>
          <stringTable>
            <column value="@AGE:"/>
            <column value="Age and unit (i.e. days, years)"/>
          </stringTable>
          <stringTable>
            <column value="@AGEYRS:"/>
            <column value="Age in years without unit"/>
          </stringTable>
          <stringTable>
            <column value="@BIRTHDATE:"/>
            <column value="Birthdate"/>
          </stringTable>
          <stringTable>
            <column value="@BIRTHDTTM:"/>
            <column value="Birthdate Time"/>
          </stringTable>
          <stringTable>
            <column value="@CATALOGCDDISP:"/>
            <column value="Catalog Code Display"/>
          </stringTable>
          <stringTable>
            <column value="@CURDATETIME"/>
            <column value="Current Date Time"/>
          </stringTable>
          <stringTable>
            <column value="@CURREV"/>
            <column value="Current HNAM Revision"/>
          </stringTable>
          <stringTable>
            <column value="@CURSYS"/>
            <column value="Current System (VMS,AIX)"/>
          </stringTable>
          <stringTable>
            <column value="@EKSMODULENAME"/>
            <column value="EKS Module Name"/>
          </stringTable>
          <stringTable>
            <column value="@EVENTCDDISP:"/>
            <column value="Event Code Display"/>
          </stringTable>
          <stringTable>
            <column value="@MEDICALNUMBER:"/>
            <column value="Medical Number"/>
          </stringTable>
          <stringTable>
            <column value="@MISC:"/>
            <column value="Special Usage/Formatted Info"/>
          </stringTable>
          <stringTable>
            <column value="@EVENTENDDTTM"/>
            <column value="Clinical Event End Date and Time"/>
          </stringTable>
          <stringTable>
            <column value="@NEWLINE"/>
            <column value="New Line"/>
          </stringTable>
          <stringTable>
            <column value="@ORDERDOC:"/>
            <column value="Ordering Doctor"/>
          </stringTable>
          <stringTable>
            <column value="@ORDERDOCEMAIL:"/>
            <column value="Ordering Doctor's EMail"/>
          </stringTable>
          <stringTable>
            <column value="@ORDERDOCPRINTER:"/>
            <column value="Ordering Doctor's Printer"/>
          </stringTable>
          <stringTable>
            <column value="@ORDERID:"/>
            <column value="Order ID"/>
          </stringTable>
          <stringTable>
            <column value="@ORGPRINTER:"/>
            <column value="Patient's Organization Printer"/>
          </stringTable>
          <stringTable>
            <column value="@ORIGORDERDTTM:"/>
            <column value="Original Order Date/Time"/>
          </stringTable>
          <stringTable>
            <column value="@PATIENT:"/>
            <column value="Patient"/>
          </stringTable>
          <stringTable>
            <column value="@PATIENTID:"/>
            <column value="Patient ID"/>
          </stringTable>
          <stringTable>
            <column value="@PTBLDGENC:"/>
            <column value="Patient's Encounter Building"/>
          </stringTable>
          <stringTable>
            <column value="@PTBLDGENCEMAIL:"/>
            <column value="Patient's Encounter Building EMail"/>
          </stringTable>
          <stringTable>
            <column value="@PTBLDGENCPRINTER:"/>
            <column value="Patient's Encounter Building Printer"/>
          </stringTable>
          <stringTable>
            <column value="@PATFACENC:"/>
            <column value="Patient's Encounter Facility "/>
          </stringTable>
          <stringTable>
            <column value="@PTFACENCEMAIL:"/>
            <column value="Patient's Encounter Facility  EMail"/>
          </stringTable>
          <stringTable>
            <column value="@PTFACENCPRINTER:"/>
            <column value="Patient's Encounter Facility Printer"/>
          </stringTable>
          <stringTable>
            <column value="@PTLOCENC:"/>
            <column value="Patient's Encounter Location"/>
          </stringTable>
          <stringTable>
            <column value="@PTLOCENCEMAIL:"/>
            <column value="Patient's Encounter Location EMail"/>
          </stringTable>
          <stringTable>
            <column value="@PTLOCENCPRINTER:"/>
            <column value="Patient's Encounter Location Printer"/>
          </stringTable>
          <stringTable>
            <column value="@PTNURSENC:"/>
            <column value="Patient's Encounter Nurse Unit "/>
          </stringTable>
          <stringTable>
            <column value="@PTNURSENCEMAIL:"/>
            <column value="Patient's Encounter Nurse Unit EMail"/>
          </stringTable>
          <stringTable>
            <column value="@PTNURSENCPRINTER:"/>
            <column value="Patient's Encounter Nurse Unit  Printer"/>
          </stringTable>
          <stringTable>
            <column value="@PTLOCORD:"/>
            <column value="Patient's Order Location"/>
          </stringTable>
          <stringTable>
            <column value="@PTLOCORDEMAIL:"/>
            <column value="Patient's Order Location EMail"/>
          </stringTable>
          <stringTable>
            <column value="@PTLOCORDPRINTER:"/>
            <column value="Patient's Order Location Printer"/>
          </stringTable>
          <stringTable>
            <column value="@PTROOMENC:"/>
            <column value="Patient's Encounter Room"/>
          </stringTable>
          <stringTable>
            <column value="@RESULT:"/>
            <column value="Result"/>
          </stringTable>
          <stringTable>
            <column value="@TASKASSAY:"/>
            <column value="Task Assay"/>
          </stringTable>
        </arguments>
        <arguments xsi:type="EM:FixedListArgument" name="MESSAGE" dataType="CHARACTER" controlType="TEXT_MULTI_LINE" required="true" reconcileScript="N/A">
          <stringTable>
            <column value="@ACCESSION:"/>
            <column value="Accession Number"/>
          </stringTable>
          <stringTable>
            <column value="@AGE:"/>
            <column value="Age and unit (i.e. days, years)"/>
          </stringTable>
          <stringTable>
            <column value="@AGEYRS:"/>
            <column value="Age in years without unit"/>
          </stringTable>
          <stringTable>
            <column value="@BIRTHDATE:"/>
            <column value="Birthdate"/>
          </stringTable>
          <stringTable>
            <column value="@BIRTHDTTM:"/>
            <column value="Birthdate Time"/>
          </stringTable>
          <stringTable>
            <column value="@CATALOGCDDISP:"/>
            <column value="Catalog Code Display"/>
          </stringTable>
          <stringTable>
            <column value="@CURDATETIME"/>
            <column value="Current Date Time"/>
          </stringTable>
          <stringTable>
            <column value="@CURREV"/>
            <column value="Current HNAM Revision"/>
          </stringTable>
          <stringTable>
            <column value="@CURSYS"/>
            <column value="Current System (VMS.AIX)"/>
          </stringTable>
          <stringTable>
            <column value="@EKSMODULENAME"/>
            <column value="EKS Module Name"/>
          </stringTable>
          <stringTable>
            <column value="@EVENTCDDISP:"/>
            <column value="Event Code Display"/>
          </stringTable>
          <stringTable>
            <column value="@EVENTENDDTTM"/>
            <column value="Clinical Event End Date and Time"/>
          </stringTable>
          <stringTable>
            <column value="@MEDICALNUMBER:"/>
            <column value="Medical Number"/>
          </stringTable>
          <stringTable>
            <column value="@MISC:"/>
            <column value="Special Usage/Formatted Info"/>
          </stringTable>
          <stringTable>
            <column value="@NEWLINE"/>
            <column value="New Line"/>
          </stringTable>
          <stringTable>
            <column value="@ORDERDOC:"/>
            <column value="Ordering Doctor"/>
          </stringTable>
          <stringTable>
            <column value="@ORDERDOCEMAIL:"/>
            <column value="Ordering Doctor's Email"/>
          </stringTable>
          <stringTable>
            <column value="@ORDERDOCPRINTER:"/>
            <column value="Ordering Doctor's Printer"/>
          </stringTable>
          <stringTable>
            <column value="@ORDERID:"/>
            <column value="Order ID"/>
          </stringTable>
          <stringTable>
            <column value="@ORGPRINTER:"/>
            <column value="Patient's Organization Printer"/>
          </stringTable>
          <stringTable>
            <column value="@ORIGORDERDTTM:"/>
            <column value="Original Order Date/Time"/>
          </stringTable>
          <stringTable>
            <column value="@PATIENT:"/>
            <column value="Patient"/>
          </stringTable>
          <stringTable>
            <column value="@PATIENTID:"/>
            <column value="Patient ID"/>
          </stringTable>
          <stringTable>
            <column value="@PTBLDGENC:"/>
            <column value="Patient's Encounter Building"/>
          </stringTable>
          <stringTable>
            <column value="@PTBLDGENCEMAIL:"/>
            <column value="Patient's Encounter Building EMail"/>
          </stringTable>
          <stringTable>
            <column value="@PTBLDGENCPRINTER:"/>
            <column value="Patient's Encounter Building Printer"/>
          </stringTable>
          <stringTable>
            <column value="@PATFACENC:"/>
            <column value="Patient's Encounter Facility"/>
          </stringTable>
          <stringTable>
            <column value="@PTFACENCEMAIL:"/>
            <column value="Patient's Encounter Facility EMail"/>
          </stringTable>
          <stringTable>
            <column value="@PTFACENCPRINTER:"/>
            <column value="Patient's Encounter Facility Printer"/>
          </stringTable>
          <stringTable>
            <column value="@PTLOCENC:"/>
            <column value="Patient's Encounter Location"/>
          </stringTable>
          <stringTable>
            <column value="@PTLOCENCEMAIL:"/>
            <column value="Patient's Encounter Location EMail"/>
          </stringTable>
          <stringTable>
            <column value="@PTLOCENCPRINTER:"/>
            <column value="Patient's Encounter Location Printer"/>
          </stringTable>
          <stringTable>
            <column value="@PTNURSENC:"/>
            <column value="Patient's Encounter Nurse Unit"/>
          </stringTable>
          <stringTable>
            <column value="@PTNURSENCEMAIL:"/>
            <column value="Patient's Encounter Nurse Unit EMail"/>
          </stringTable>
          <stringTable>
            <column value="@PTNURSENCPRINTER:"/>
            <column value="Patient's Encounter Nurse Unit Printer"/>
          </stringTable>
          <stringTable>
            <column value="@PTLOCORD:"/>
            <column value="Patient's Order Location"/>
          </stringTable>
          <stringTable>
            <column value="@PTLOCORDEMAIL:"/>
            <column value="Patient's Order Location EMail"/>
          </stringTable>
          <stringTable>
            <column value="@PTLOCORDPRINTER:"/>
            <column value="Patient's Order Location Printer"/>
          </stringTable>
          <stringTable>
            <column value="@PTROOMENC:"/>
            <column value="Patient's Encounter Room"/>
          </stringTable>
          <stringTable>
            <column value="@RESULT:"/>
            <column value="Result"/>
          </stringTable>
          <stringTable>
            <column value="@TASKASSAY:"/>
            <column value="Task Assay"/>
          </stringTable>
        </arguments>
        <arguments xsi:type="EM:ReferentialArgument" name="LOCATION" dataType="CHARACTER" controlType="REFERENTIAL" validationType="REFERENTIAL" required="true" reconcileScript="eks_p_NotifyLoc">
          <defaultValue xsi:type="EM:StringValue" value="REPLY"/>
          <statements dependency="LOCATION" statement="select&#xD;&#xA; c.display_key&#xD;&#xA; ,c.cdf_meaning&#xD;&#xA; ,c.code_value&#xD;&#xA; from code_value c&#xD;&#xA; where c.code_set=220 &#xD;&#xA; and c.active_ind= 1 &#xD;&#xA; and c.begin_effective_dt_tm &lt;= cnvtdatetime(curdate,curtime3)&#xD;&#xA; and c.end_effective_dt_tm   >= cnvtdatetime(curdate,curtime3)&#xD;&#xA; and NOT c.cdf_meaning in (&quot;ROOM&quot;,&quot;BED&quot;,&quot;FACILITY&quot;,&quot;BUILDING&quot;,&#xD;&#xA; &quot;APPTROOT&quot;,&quot;BBDRAW&quot;,&quot;BBOWNERROOT&quot;,&quot;BBINVAREA&quot;,&#xD;&#xA; &quot;COLLROOT&quot;,&quot;COLLRTE&quot;,&quot;COLLRUN&quot;,&quot;CSLOGIN&quot;,&quot;CSTRACK&quot;,&#xD;&#xA; &quot;HIM&quot;,&quot;HIMROOT&quot;,&quot;INVGRP&quot;,&quot;INVLOC&quot;,&quot;INVLOCATOR&quot;,&quot;INVVIEW&quot;)&#xD;&#xA; and NOT c.cdf_meaning in (&quot;MICRO STATIS&quot;,&quot;MMGRPROOT&quot;,&#xD;&#xA; &quot;PTTRACK&quot;,&quot;PTTRACKROOT&quot;,&quot;PTRECYCLE&quot;,&quot;RXLOCGROUP&quot;,&quot;SRVAREA&quot;,&#xD;&#xA; &quot;STORAGERACK&quot;,&quot;STORAGEROOT&quot;,&quot;STORAGESHELF&quot;,&quot;STORAGETRAY&quot;,&#xD;&#xA; &quot;STORAGEUNIT&quot;,&quot;SURGFILL&quot;)&#xD;&#xA; order c.display_key"/>
        </arguments>
        <arguments name="PROCEDURE" dataType="LINK" controlType="TEMPLATE_REFERENCE" required="true" reconcileScript="N/A"/>
        <arguments xsi:type="EM:FixedListArgument" name="PRIORITY" dataType="CHARACTER" validationType="READ_ONLY" required="true" reconcileScript="N/A">
          <defaultValue xsi:type="EM:StringValue" value="HIGH"/>
          <stringTable>
            <column value="HIGH"/>
            <column value="High priority notification message"/>
          </stringTable>
          <stringTable>
            <column value="LOW"/>
            <column value="Low priority notification message"/>
          </stringTable>
        </arguments>
        <arguments xsi:type="EM:FixedListArgument" name="CLASS" dataType="CHARACTER" required="true" reconcileScript="N/A">
          <defaultValue xsi:type="EM:StringValue" value="APPLICATION"/>
          <stringTable>
            <column value="APPLICATION"/>
            <column value="Application"/>
          </stringTable>
        </arguments>
        <arguments xsi:type="EM:FixedListArgument" name="SUBCLASS" dataType="CHARACTER" reconcileScript="N/A">
          <defaultValue xsi:type="EM:StringValue" value="DISCERN"/>
          <stringTable>
            <column value="DISCERN"/>
            <column value="Discern Expert"/>
          </stringTable>
          <stringTable>
            <column value="MICROBIOLOGY"/>
            <column value="Microbiology"/>
          </stringTable>
          <stringTable>
            <column value="PRINTING SERVICES"/>
            <column value="Printing Services"/>
          </stringTable>
          <stringTable>
            <column value="PATIENT"/>
            <column value="Patient Services"/>
          </stringTable>
        </arguments>
      </templateDefinitions>
      <templateDefinitions xsi:type="EM:ExpertTemplate" name="EKS_LOG_ACTION_A" definition="Log action with name ACTION_NAME" description="Log action with name ACTION_NAME" eventDependency="//@expertTemplates/@events/@event.2 //@expertTemplates/@events/@event.3 //@expertTemplates/@events/@event.9 //@expertTemplates/@events/@event.10 //@expertTemplates/@events/@event.11 //@expertTemplates/@events/@event.13 //@expertTemplates/@events/@event.16 //@expertTemplates/@events/@event.23 //@expertTemplates/@events/@event.36 //@expertTemplates/@events/@event.38 //@expertTemplates/@events/@event.39 //@expertTemplates/@events/@event.41 //@expertTemplates/@events/@event.42 //@expertTemplates/@events/@event.51 //@expertTemplates/@events/@event.55 //@expertTemplates/@events/@event.57 //@expertTemplates/@events/@event.61 //@expertTemplates/@events/@event.72 //@expertTemplates/@events/@event.73 //@expertTemplates/@events/@event.75" reconcilable="true" alwaysTrue="true">
        <keywords>UTILITY</keywords>
        <arguments xsi:type="EM:ReferentialArgument" name="ACTION_NAME" dataType="CHARACTER" controlType="LISTBOX" validationType="READ_ONLY" required="true" reconcileScript="eks_p_moduleName" keyFieldIndex="2">
          <statements dependency="ACTION_NAME" statement="execute eks_t_dlg_refhelp &quot;step0^&quot; go"/>
          <statements dependency="ACTION_NAME" statement="execute eks_t_dlg_refhelp concat(&quot;step1^&quot;, PAR1) go"/>
        </arguments>
      </templateDefinitions>
    </actionTemplates>
  </expertTemplates>
  <ruleDefinition>
    <evokeSection>
      <evokes evokeEvent="//@expertTemplates/@events/@event.39">
        <logicExpression xsi:type="EM:InfixExpression">
          <leftExpression xsi:type="EM:Antecedent" id="E1" template="EKS_ORDER_LIST_E">
            <facts argument="ORD_METHOD">
              <value xsi:type="EM:StringValue" value="for any orderable"/>
            </facts>
            <facts argument="OPT_ORDERS">
              <value xsi:type="EM:StringValue"/>
            </facts>
            <facts argument="OPT_ORDER_STATUS">
              <value xsi:type="EM:ListValue">
                <values xsi:type="EM:ListValue">
                  <values xsi:type="EM:CustomValue" hideDisplay="true">
                    <customValue xsi:type="EM:StringValue" value="CDF6004:ORDERED"/>
                  </values>
                  <values xsi:type="EM:StringValue" value="Ordered"/>
                </values>
              </value>
            </facts>
            <facts argument="OPT_ORDER_DETAIL">
              <value xsi:type="EM:ListValue">
                <values xsi:type="EM:ListValue">
                  <values xsi:type="EM:CustomValue" hideDisplay="true">
                    <customValue xsi:type="EM:StringValue" value="I|ol.communicationTypeCd|1|2|6006"/>
                  </values>
                  <values xsi:type="EM:StringValue" value="Communication Type"/>
                </values>
              </value>
            </facts>
            <facts argument="OPT_QUALIFIER">
              <value xsi:type="EM:ListValue">
                <values xsi:type="EM:ListValue">
                  <values xsi:type="EM:CustomValue" hideDisplay="true">
                    <customValue xsi:type="EM:StringValue" value="not in"/>
                  </values>
                  <values xsi:type="EM:StringValue" value="is not listed in"/>
                </values>
              </value>
            </facts>
            <facts argument="OPT_LIST">
              <value xsi:type="EM:ListValue">
                <values xsi:type="EM:ListValue">
                  <values xsi:type="EM:CustomValue" hideDisplay="true">
                    <customValue xsi:type="EM:StringValue" value="2553560081.0"/>
                  </values>
                  <values xsi:type="EM:StringValue" value="Contingency Electronic Order No Cosign"/>
                  <values xsi:type="EM:ListValue">
                    <values xsi:type="EM:CustomValue" hideDisplay="true">
                      <customValue xsi:type="EM:StringValue" value="I|ol.communicationTypeCd|1|2|6006"/>
                    </values>
                  </values>
                </values>
                <values xsi:type="EM:ListValue">
                  <values xsi:type="EM:CustomValue" hideDisplay="true">
                    <customValue xsi:type="EM:StringValue" value="CKI.CODEVALUE!3362423"/>
                  </values>
                  <values xsi:type="EM:StringValue" value="Discern Expert"/>
                  <values xsi:type="EM:ListValue">
                    <values xsi:type="EM:CustomValue" hideDisplay="true">
                      <customValue xsi:type="EM:StringValue" value="I|ol.communicationTypeCd|1|2|6006"/>
                    </values>
                  </values>
                </values>
                <values xsi:type="EM:ListValue">
                  <values xsi:type="EM:CustomValue" hideDisplay="true">
                    <customValue xsi:type="EM:StringValue" value="CKI.CODEVALUE!3737"/>
                  </values>
                  <values xsi:type="EM:StringValue" value="Direct"/>
                  <values xsi:type="EM:ListValue">
                    <values xsi:type="EM:CustomValue" hideDisplay="true">
                      <customValue xsi:type="EM:StringValue" value="I|ol.communicationTypeCd|1|2|6006"/>
                    </values>
                  </values>
                </values>
                <values xsi:type="EM:ListValue">
                  <values xsi:type="EM:CustomValue" hideDisplay="true">
                    <customValue xsi:type="EM:StringValue" value="2553560105.0"/>
                  </values>
                  <values xsi:type="EM:StringValue" value="Discont Transition Care Order No Cosign"/>
                  <values xsi:type="EM:ListValue">
                    <values xsi:type="EM:CustomValue" hideDisplay="true">
                      <customValue xsi:type="EM:StringValue" value="I|ol.communicationTypeCd|1|2|6006"/>
                    </values>
                  </values>
                </values>
                <values xsi:type="EM:ListValue">
                  <values xsi:type="EM:CustomValue" hideDisplay="true">
                    <customValue xsi:type="EM:StringValue" value="CKI.CODEVALUE!12808532"/>
                  </values>
                  <values xsi:type="EM:StringValue" value="Electronic No Cosign"/>
                  <values xsi:type="EM:ListValue">
                    <values xsi:type="EM:CustomValue" hideDisplay="true">
                      <customValue xsi:type="EM:StringValue" value="I|ol.communicationTypeCd|1|2|6006"/>
                    </values>
                  </values>
                </values>
                <values xsi:type="EM:ListValue">
                  <values xsi:type="EM:CustomValue" hideDisplay="true">
                    <customValue xsi:type="EM:StringValue" value="20094437.0"/>
                  </values>
                  <values xsi:type="EM:StringValue" value="Initiate Planned Orders No Cosign"/>
                  <values xsi:type="EM:ListValue">
                    <values xsi:type="EM:CustomValue" hideDisplay="true">
                      <customValue xsi:type="EM:StringValue" value="I|ol.communicationTypeCd|1|2|6006"/>
                    </values>
                  </values>
                </values>
                <values xsi:type="EM:ListValue">
                  <values xsi:type="EM:CustomValue" hideDisplay="true">
                    <customValue xsi:type="EM:StringValue" value="681544.0"/>
                  </values>
                  <values xsi:type="EM:StringValue" value="No Cosign Required"/>
                  <values xsi:type="EM:ListValue">
                    <values xsi:type="EM:CustomValue" hideDisplay="true">
                      <customValue xsi:type="EM:StringValue" value="I|ol.communicationTypeCd|1|2|6006"/>
                    </values>
                  </values>
                </values>
                <values xsi:type="EM:ListValue">
                  <values xsi:type="EM:CustomValue" hideDisplay="true">
                    <customValue xsi:type="EM:StringValue" value="2576706321.0"/>
                  </values>
                  <values xsi:type="EM:StringValue" value="Per Nutrition Policy No Cosign"/>
                  <values xsi:type="EM:ListValue">
                    <values xsi:type="EM:CustomValue" hideDisplay="true">
                      <customValue xsi:type="EM:StringValue" value="I|ol.communicationTypeCd|1|2|6006"/>
                    </values>
                  </values>
                </values>
                <values xsi:type="EM:ListValue">
                  <values xsi:type="EM:CustomValue" hideDisplay="true">
                    <customValue xsi:type="EM:StringValue" value="2560667137.0"/>
                  </values>
                  <values xsi:type="EM:StringValue" value="Per P&amp;T Policy No Cosign"/>
                  <values xsi:type="EM:ListValue">
                    <values xsi:type="EM:CustomValue" hideDisplay="true">
                      <customValue xsi:type="EM:StringValue" value="I|ol.communicationTypeCd|1|2|6006"/>
                    </values>
                  </values>
                </values>
                <values xsi:type="EM:ListValue">
                  <values xsi:type="EM:CustomValue" hideDisplay="true">
                    <customValue xsi:type="EM:StringValue" value="2553560097.0"/>
                  </values>
                  <values xsi:type="EM:StringValue" value="Per Protocol No Cosign"/>
                  <values xsi:type="EM:ListValue">
                    <values xsi:type="EM:CustomValue" hideDisplay="true">
                      <customValue xsi:type="EM:StringValue" value="I|ol.communicationTypeCd|1|2|6006"/>
                    </values>
                  </values>
                </values>
                <values xsi:type="EM:ListValue">
                  <values xsi:type="EM:CustomValue" hideDisplay="true">
                    <customValue xsi:type="EM:StringValue" value="54416801.0"/>
                  </values>
                  <values xsi:type="EM:StringValue" value="Written Paper Order/Fax No Cosign"/>
                  <values xsi:type="EM:ListValue">
                    <values xsi:type="EM:CustomValue" hideDisplay="true">
                      <customValue xsi:type="EM:StringValue" value="I|ol.communicationTypeCd|1|2|6006"/>
                    </values>
                  </values>
                </values>
                <values xsi:type="EM:ListValue">
                  <values xsi:type="EM:CustomValue" hideDisplay="true">
                    <customValue xsi:type="EM:StringValue" value="CKI.CODEVALUE!2598584"/>
                  </values>
                  <values xsi:type="EM:StringValue" value="ESI Default"/>
                  <values xsi:type="EM:ListValue">
                    <values xsi:type="EM:CustomValue" hideDisplay="true">
                      <customValue xsi:type="EM:StringValue" value="I|ol.communicationTypeCd|1|2|6006"/>
                    </values>
                  </values>
                </values>
                <values xsi:type="EM:ListValue">
                  <values xsi:type="EM:CustomValue" hideDisplay="true">
                    <customValue xsi:type="EM:StringValue" value="22543438.0"/>
                  </values>
                  <values xsi:type="EM:StringValue" value="Proposed"/>
                  <values xsi:type="EM:ListValue">
                    <values xsi:type="EM:CustomValue" hideDisplay="true">
                      <customValue xsi:type="EM:StringValue" value="I|ol.communicationTypeCd|1|2|6006"/>
                    </values>
                  </values>
                </values>
              </value>
            </facts>
          </leftExpression>
          <rightExpression xsi:type="EM:Antecedent" id="E2" template="EKS_DEBUGEKM_E">
            <facts argument="DEBUG_STATUS">
              <value xsi:type="EM:ListValue">
                <values xsi:type="EM:ListValue">
                  <values xsi:type="EM:CustomValue" hideDisplay="true">
                    <customValue xsi:type="EM:StringValue" value="5"/>
                  </values>
                  <values xsi:type="EM:StringValue" value="To FullAudit for this module only"/>
                </values>
              </value>
            </facts>
          </rightExpression>
        </logicExpression>
      </evokes>
    </evokeSection>
    <logicSection>
      <logicExpression xsi:type="EM:InfixExpression">
        <leftExpression xsi:type="EM:Antecedent" alias="UserSpecific" id="L1" template="EKS_CALC_SAVE_L">
          <facts argument="EXPRESSION">
            <value xsi:type="EM:StringValue" value="select into &quot;nl:&quot; from prsnl p where p.person_id = reqinfo->updt_id @NEWLINEhead report log_retval = 0 detail if (p.username in(&quot;CCUMMIN4&quot;,&quot;UA.CCUMMIN4&quot;,&quot;NURSERN&quot;)) @NEWLINElog_retval = 100@NEWLINElog_misc1=cnvtstring(reqinfo->updt_id)@NEWLINEcall echo(reqinfo->updt_id) @NEWLINEendif @NEWLINEwith nocounter,nullreport go"/>
          </facts>
        </leftExpression>
        <rightExpression xsi:type="EM:InfixExpression">
          <leftExpression xsi:type="EM:Antecedent" alias="PatientInformation" id="L2" template="EKS_LOGIC_TRUE">
            <facts argument="LOGIC">
              <value xsi:type="EM:StringValue" value="@quot;LOGIC@quot;"/>
            </facts>
          </leftExpression>
          <rightExpression xsi:type="EM:InfixExpression">
            <leftExpression xsi:type="EM:Antecedent" alias="IncomingOrders" id="L3" template="EKS_ORDER_LIST_INCOMING_L">
              <facts argument="ORD_METHOD">
                <value xsi:type="EM:StringValue" value="for any orderable"/>
              </facts>
              <facts argument="OPT_ORDERS">
                <value xsi:type="EM:StringValue"/>
              </facts>
              <facts argument="OPT_ORDER_STATUS">
                <value xsi:type="EM:ListValue">
                  <values xsi:type="EM:ListValue">
                    <values xsi:type="EM:CustomValue" hideDisplay="true">
                      <customValue xsi:type="EM:StringValue" value="CDF6004:ORDERED"/>
                    </values>
                    <values xsi:type="EM:StringValue" value="Ordered"/>
                  </values>
                </value>
              </facts>
              <facts argument="OPT_ORDER_DETAIL">
                <value xsi:type="EM:ListValue">
                  <values xsi:type="EM:ListValue">
                    <values xsi:type="EM:CustomValue" hideDisplay="true">
                      <customValue xsi:type="EM:StringValue" value="I|ol.communicationTypeCd|1|2|6006"/>
                    </values>
                    <values xsi:type="EM:StringValue" value="Communication Type"/>
                  </values>
                </value>
              </facts>
              <facts argument="OPT_QUALIFIER">
                <value xsi:type="EM:ListValue">
                  <values xsi:type="EM:ListValue">
                    <values xsi:type="EM:CustomValue" hideDisplay="true">
                      <customValue xsi:type="EM:StringValue" value="not in"/>
                    </values>
                    <values xsi:type="EM:StringValue" value="is not listed in"/>
                  </values>
                </value>
              </facts>
              <facts argument="OPT_LIST">
                <value xsi:type="EM:ListValue">
                  <values xsi:type="EM:ListValue">
                    <values xsi:type="EM:CustomValue" hideDisplay="true">
                      <customValue xsi:type="EM:StringValue" value="2553560081.0"/>
                    </values>
                    <values xsi:type="EM:StringValue" value="Contingency Electronic Order No Cosign"/>
                    <values xsi:type="EM:ListValue">
                      <values xsi:type="EM:CustomValue" hideDisplay="true">
                        <customValue xsi:type="EM:StringValue" value="I|ol.communicationTypeCd|1|2|6006"/>
                      </values>
                    </values>
                  </values>
                  <values xsi:type="EM:ListValue">
                    <values xsi:type="EM:CustomValue" hideDisplay="true">
                      <customValue xsi:type="EM:StringValue" value="CKI.CODEVALUE!3362423"/>
                    </values>
                    <values xsi:type="EM:StringValue" value="Discern Expert"/>
                    <values xsi:type="EM:ListValue">
                      <values xsi:type="EM:CustomValue" hideDisplay="true">
                        <customValue xsi:type="EM:StringValue" value="I|ol.communicationTypeCd|1|2|6006"/>
                      </values>
                    </values>
                  </values>
                  <values xsi:type="EM:ListValue">
                    <values xsi:type="EM:CustomValue" hideDisplay="true">
                      <customValue xsi:type="EM:StringValue" value="CKI.CODEVALUE!3737"/>
                    </values>
                    <values xsi:type="EM:StringValue" value="Direct"/>
                    <values xsi:type="EM:ListValue">
                      <values xsi:type="EM:CustomValue" hideDisplay="true">
                        <customValue xsi:type="EM:StringValue" value="I|ol.communicationTypeCd|1|2|6006"/>
                      </values>
                    </values>
                  </values>
                  <values xsi:type="EM:ListValue">
                    <values xsi:type="EM:CustomValue" hideDisplay="true">
                      <customValue xsi:type="EM:StringValue" value="2553560105.0"/>
                    </values>
                    <values xsi:type="EM:StringValue" value="Discont Transition Care Order No Cosign"/>
                    <values xsi:type="EM:ListValue">
                      <values xsi:type="EM:CustomValue" hideDisplay="true">
                        <customValue xsi:type="EM:StringValue" value="I|ol.communicationTypeCd|1|2|6006"/>
                      </values>
                    </values>
                  </values>
                  <values xsi:type="EM:ListValue">
                    <values xsi:type="EM:CustomValue" hideDisplay="true">
                      <customValue xsi:type="EM:StringValue" value="CKI.CODEVALUE!12808532"/>
                    </values>
                    <values xsi:type="EM:StringValue" value="Electronic No Cosign"/>
                    <values xsi:type="EM:ListValue">
                      <values xsi:type="EM:CustomValue" hideDisplay="true">
                        <customValue xsi:type="EM:StringValue" value="I|ol.communicationTypeCd|1|2|6006"/>
                      </values>
                    </values>
                  </values>
                  <values xsi:type="EM:ListValue">
                    <values xsi:type="EM:CustomValue" hideDisplay="true">
                      <customValue xsi:type="EM:StringValue" value="20094437.0"/>
                    </values>
                    <values xsi:type="EM:StringValue" value="Initiate Planned Orders No Cosign"/>
                    <values xsi:type="EM:ListValue">
                      <values xsi:type="EM:CustomValue" hideDisplay="true">
                        <customValue xsi:type="EM:StringValue" value="I|ol.communicationTypeCd|1|2|6006"/>
                      </values>
                    </values>
                  </values>
                  <values xsi:type="EM:ListValue">
                    <values xsi:type="EM:CustomValue" hideDisplay="true">
                      <customValue xsi:type="EM:StringValue" value="681544.0"/>
                    </values>
                    <values xsi:type="EM:StringValue" value="No Cosign Required"/>
                    <values xsi:type="EM:ListValue">
                      <values xsi:type="EM:CustomValue" hideDisplay="true">
                        <customValue xsi:type="EM:StringValue" value="I|ol.communicationTypeCd|1|2|6006"/>
                      </values>
                    </values>
                  </values>
                  <values xsi:type="EM:ListValue">
                    <values xsi:type="EM:CustomValue" hideDisplay="true">
                      <customValue xsi:type="EM:StringValue" value="2576706321.0"/>
                    </values>
                    <values xsi:type="EM:StringValue" value="Per Nutrition Policy No Cosign"/>
                    <values xsi:type="EM:ListValue">
                      <values xsi:type="EM:CustomValue" hideDisplay="true">
                        <customValue xsi:type="EM:StringValue" value="I|ol.communicationTypeCd|1|2|6006"/>
                      </values>
                    </values>
                  </values>
                  <values xsi:type="EM:ListValue">
                    <values xsi:type="EM:CustomValue" hideDisplay="true">
                      <customValue xsi:type="EM:StringValue" value="2560667137.0"/>
                    </values>
                    <values xsi:type="EM:StringValue" value="Per P&amp;T Policy No Cosign"/>
                    <values xsi:type="EM:ListValue">
                      <values xsi:type="EM:CustomValue" hideDisplay="true">
                        <customValue xsi:type="EM:StringValue" value="I|ol.communicationTypeCd|1|2|6006"/>
                      </values>
                    </values>
                  </values>
                  <values xsi:type="EM:ListValue">
                    <values xsi:type="EM:CustomValue" hideDisplay="true">
                      <customValue xsi:type="EM:StringValue" value="2553560097.0"/>
                    </values>
                    <values xsi:type="EM:StringValue" value="Per Protocol No Cosign"/>
                    <values xsi:type="EM:ListValue">
                      <values xsi:type="EM:CustomValue" hideDisplay="true">
                        <customValue xsi:type="EM:StringValue" value="I|ol.communicationTypeCd|1|2|6006"/>
                      </values>
                    </values>
                  </values>
                  <values xsi:type="EM:ListValue">
                    <values xsi:type="EM:CustomValue" hideDisplay="true">
                      <customValue xsi:type="EM:StringValue" value="54416801.0"/>
                    </values>
                    <values xsi:type="EM:StringValue" value="Written Paper Order/Fax No Cosign"/>
                    <values xsi:type="EM:ListValue">
                      <values xsi:type="EM:CustomValue" hideDisplay="true">
                        <customValue xsi:type="EM:StringValue" value="I|ol.communicationTypeCd|1|2|6006"/>
                      </values>
                    </values>
                  </values>
                  <values xsi:type="EM:ListValue">
                    <values xsi:type="EM:CustomValue" hideDisplay="true">
                      <customValue xsi:type="EM:StringValue" value="CKI.CODEVALUE!2598584"/>
                    </values>
                    <values xsi:type="EM:StringValue" value="ESI Default"/>
                    <values xsi:type="EM:ListValue">
                      <values xsi:type="EM:CustomValue" hideDisplay="true">
                        <customValue xsi:type="EM:StringValue" value="I|ol.communicationTypeCd|1|2|6006"/>
                      </values>
                    </values>
                  </values>
                  <values xsi:type="EM:ListValue">
                    <values xsi:type="EM:CustomValue" hideDisplay="true">
                      <customValue xsi:type="EM:StringValue" value="22543438.0"/>
                    </values>
                    <values xsi:type="EM:StringValue" value="Proposed"/>
                    <values xsi:type="EM:ListValue">
                      <values xsi:type="EM:CustomValue" hideDisplay="true">
                        <customValue xsi:type="EM:StringValue" value="I|ol.communicationTypeCd|1|2|6006"/>
                      </values>
                    </values>
                  </values>
                </value>
              </facts>
            </leftExpression>
            <rightExpression xsi:type="EM:InfixExpression">
              <leftExpression xsi:type="EM:Antecedent" id="L4" template="EKS_ORDERS_DETAIL_L">
                <facts argument="ORDER_DETAIL">
                  <value xsi:type="EM:ListValue">
                    <values xsi:type="EM:ListValue">
                      <values xsi:type="EM:CustomValue" hideDisplay="true">
                        <customValue xsi:type="EM:StringValue" value="I|os.catalog_type_cd|1|2|CDF6000"/>
                      </values>
                      <values xsi:type="EM:StringValue" value="Catalog Type"/>
                    </values>
                  </value>
                </facts>
                <facts argument="QUALIFIER">
                  <value xsi:type="EM:ListValue">
                    <values xsi:type="EM:ListValue">
                      <values xsi:type="EM:CustomValue" hideDisplay="true">
                        <customValue xsi:type="EM:StringValue" value="not in"/>
                      </values>
                      <values xsi:type="EM:StringValue" value="is not listed in"/>
                    </values>
                  </value>
                </facts>
                <facts argument="LIST">
                  <value xsi:type="EM:ListValue">
                    <values xsi:type="EM:ListValue">
                      <values xsi:type="EM:CustomValue" hideDisplay="true">
                        <customValue xsi:type="EM:StringValue" value="CDF6000:SURGERY"/>
                      </values>
                      <values xsi:type="EM:StringValue" value="Surgery"/>
                      <values xsi:type="EM:ListValue">
                        <values xsi:type="EM:CustomValue" hideDisplay="true">
                          <customValue xsi:type="EM:StringValue" value="I|os.catalog_type_cd|1|2|CDF6000"/>
                        </values>
                      </values>
                    </values>
                  </value>
                </facts>
                <facts argument="LINK">
                  <value xsi:type="EM:AntecedentReference" antecedent="//@ruleDefinition/@logicSection/@logicExpression/@rightExpression/@rightExpression/@leftExpression"/>
                </facts>
              </leftExpression>
              <rightExpression xsi:type="EM:InfixExpression">
                <leftExpression xsi:type="EM:Antecedent" id="L5" template="EKS_CALC_SAVE_L">
                  <facts argument="EXPRESSION">
                    <value xsi:type="EM:StringValue" value="select into &quot;nl:&quot;@NEWLINEfrom @NEWLINE&#x9; prsnl p @NEWLINE&#x9;,orders o@NEWLINE&#x9;,order_action oa@NEWLINEplan o@NEWLINE&#x9;where o.order_id = trigger_orderid@NEWLINEjoin oa@NEWLINE&#x9;where oa.order_id = o.order_id@NEWLINE&#x9;and   oa.action_type_cd = value(uar_get_code_by(&quot;MEANING&quot;,6003,&quot;ORDER&quot;))@NEWLINEjoin p@NEWLINE&#x9;where p.person_id = oa.order_provider_id@NEWLINE&#x9;and   p.position_cd in(0.0,value(uar_get_code_by(&quot;DISPLAY&quot;,88,&quot;View Only&quot;)))@NEWLINE       and   p.person_id > 0.0@NEWLINEorder by@NEWLINE&#x9;p.person_id@NEWLINEhead report@NEWLINE&#x9;log_retval = 0@NEWLINEhead p.person_id@NEWLINE&#x9;log_retval = 100@NEWLINEwith nullreport,nocounter go"/>
                  </facts>
                </leftExpression>
                <rightExpression xsi:type="EM:InfixExpression">
                  <leftExpression xsi:type="EM:Antecedent" id="L6" template="EKS_BUILD_MESSAGE_L">
                    <facts argument="ACTION">
                      <value xsi:type="EM:ListValue">
                        <values xsi:type="EM:ListValue">
                          <values xsi:type="EM:CustomValue" hideDisplay="true">
                            <customValue xsi:type="EM:StringValue" value="1"/>
                          </values>
                          <values xsi:type="EM:StringValue" value="Create"/>
                        </values>
                      </value>
                    </facts>
                    <facts argument="MSGNAME">
                      <value xsi:type="EM:StringValue" value="ORDERDATA"/>
                    </facts>
                    <facts argument="MSGTEXT">
                      <value xsi:type="EM:StringValue" value="{&quot;ORDERDATA&quot;:{&quot;ORDER_ID&quot;:@ORDERID:{IncomingOrders},&quot;SYNONYM&quot;:&quot;@SYNONYM:{IncomingOrders}&quot;}}"/>
                    </facts>
                    <facts argument="OPT_DELIMITER">
                      <value xsi:type="EM:StringValue"/>
                    </facts>
                  </leftExpression>
                  <rightExpression xsi:type="EM:Antecedent" id="L7" template="EKS_BUILD_MESSAGE_L">
                    <facts argument="ACTION">
                      <value xsi:type="EM:ListValue">
                        <values xsi:type="EM:ListValue">
                          <values xsi:type="EM:CustomValue" hideDisplay="true">
                            <customValue xsi:type="EM:StringValue" value="1"/>
                          </values>
                          <values xsi:type="EM:StringValue" value="Create"/>
                        </values>
                      </value>
                    </facts>
                    <facts argument="MSGNAME">
                      <value xsi:type="EM:StringValue" value="PATIENTDATA"/>
                    </facts>
                    <facts argument="MSGTEXT">
                      <value xsi:type="EM:StringValue" value="{&quot;PATIENTDATA&quot;:{&quot;PERSON_ID&quot;:@PATIENTID:{PatientInformation},&quot;ENCNTR_ID&quot;:@ENCOUNTERID:{PatientInformation}}}"/>
                    </facts>
                    <facts argument="OPT_DELIMITER">
                      <value xsi:type="EM:StringValue"/>
                    </facts>
                  </rightExpression>
                </rightExpression>
              </rightExpression>
            </rightExpression>
          </rightExpression>
        </rightExpression>
      </logicExpression>
    </logicSection>
    <actionSection>
      <action xsi:type="EM:ActionExpression">
        <logicExpression xsi:type="EM:InfixExpression">
          <leftExpression xsi:type="EM:Antecedent" id="A1" template="EKS_NOTIFY">
            <facts argument="SUBJECT">
              <value xsi:type="EM:StringValue" value="Invalid Ordering Provider and Communication Type"/>
            </facts>
            <facts argument="MESSAGE">
              <value xsi:type="EM:StringValue" value="@FILE:[ccluserdir:simple_eks.html]"/>
            </facts>
            <facts argument="LOCATION">
              <value xsi:type="EM:StringValue" value="REPLY"/>
            </facts>
            <facts argument="PROCEDURE">
              <value xsi:type="EM:AntecedentReference" antecedent="//@ruleDefinition/@logicSection/@logicExpression/@rightExpression/@rightExpression/@leftExpression"/>
            </facts>
            <facts argument="PRIORITY">
              <value xsi:type="EM:StringValue" value="HIGH"/>
            </facts>
            <facts argument="CLASS">
              <value xsi:type="EM:StringValue" value="APPLICATION"/>
            </facts>
            <facts argument="SUBCLASS">
              <value xsi:type="EM:StringValue" value="DISCERN"/>
            </facts>
          </leftExpression>
          <rightExpression xsi:type="EM:Antecedent" id="A2" template="EKS_LOG_ACTION_A">
            <facts argument="ACTION_NAME">
              <value xsi:type="EM:ListValue">
                <values xsi:type="EM:ListValue">
                  <values xsi:type="EM:CustomValue" hideDisplay="true">
                    <customValue xsi:type="EM:StringValue" value="COV_EKM!COV_OE_VIEW_ONLY_COSIGN"/>
                  </values>
                  <values xsi:type="EM:StringValue" value="COV_OE_VIEW_ONLY_COSIGN"/>
                  <values xsi:type="EM:ListValue">
                    <values xsi:type="EM:CustomValue" hideDisplay="true">
                      <customValue xsi:type="EM:StringValue" value="1"/>
                    </values>
                  </values>
                </values>
              </value>
            </facts>
          </rightExpression>
        </logicExpression>
      </action>
    </actionSection>
  </ruleDefinition>
</EM:ExpertModule>
