<?xml version="1.0" encoding="ASCII"?>
<EM:ExpertModule xmi:version="2.0" xmlns:xmi="http://www.omg.org/XMI" xmlns:xsi="http://www.w3.org/2001/XMLSchema-instance" xmlns:EM="http:///com.cerner.expert/expertmodule/1.0.0" moduleName="COV_SZ_OC_INTERP_ALERT">
  <information>
    <runtimeInformation versionString="001.004" externalFileName="COV_SZ_OC_INTERP_ALERT" lastUpdated="2022-08-18T08:48:40.000-0400" validtionType="EXPIRED" title="COV_SZ_OC_INTERP_ALERT" reconcileFlag="3" reconcileDate="2022-08-18T08:48:40.000-0400">
      <duration start="2022-08-18T00:00:00.000-0400" end="2100-12-31T23:59:59.000-0500"/>
      <updateUser userName="PARAMASIVAM, GEETHA"/>
    </runtimeInformation>
    <documentation author="Geetha Paramasivam" institution="COVENANT HEALTH" specialist=""/>
  </information>
  <expertTemplates>
    <events>
      <event name=""/>
      <event name="ADDPROBLEM"/>
      <event name="ADDTOSCRATCHPAD"/>
      <event name="ALLERGY_EVENT"/>
      <event name="AP_ORDER_EVENT"/>
      <event name="BB_RESULT_EVENT"/>
      <event name="CBTFLEXORDERS"/>
      <event name="CHART_SERVER_EVENT"/>
      <event name="CLINICALTRIALSCREEN"/>
      <event name="CLINICAL_EVENT"/>
      <event name="CLOSECHART"/>
      <event name="COLLECTION_EVENT"/>
      <event name="DCP_CN_TASK_UPD"/>
      <event name="DCP_MODTASK_EVENT"/>
      <event name="DCP_PW_COND"/>
      <event name="DCP_PW_OUTCOME_EVENT"/>
      <event name="DIAGNOSIS_EVENT"/>
      <event name="EKS_FORMAT"/>
      <event name="EKS_SYNC_TEST01"/>
      <event name="EKS_TEST_02"/>
      <event name="EKS_TEST_EVENT"/>
      <event name="EKS_TEST_EVENT01"/>
      <event name="ENSURE_EVENT"/>
      <event name="EXPERT_EVENT"/>
      <event name="HEALTHE_EVENT"/>
      <event name="HEALTH_MAINT_QUAL_EVENT"/>
      <event name="HIM_ADD_REQUEST"/>
      <event name="HIM_ADMIT_EVENT"/>
      <event name="HIM_PATIENT_INFO_REQUEST"/>
      <event name="HIM_TEST_EVENT"/>
      <event name="HL7_EVENT"/>
      <event name="MB_EXPEDITE"/>
      <event name="MB_RESULT_EVENT"/>
      <event name="MB_SCRIPTED_WORKUPS"/>
      <event name="MB_SUSCEPTIBILITY"/>
      <event name="MDI_RESULT_EVENT"/>
      <event name="MEDCHARTACTIVATE"/>
      <event name="MPI_ADT"/>
      <event name="OPENCHART"/>
      <event name="OPEN_CHART_ASYNC"/>
      <event name="ORDERDETAILSET"/>
      <event name="ORDER_EVENT"/>
      <event name="ORDER_PRO_TEST1"/>
      <event name="PATIENT_EVENT"/>
      <event name="PCA_EXPERT_EVENT"/>
      <event name="Person_Transaction"/>
      <event name="PFT_Add_Account"/>
      <event name="PFT_ADJ_WO"/>
      <event name="PFT_CHARGE_EVENT"/>
      <event name="pft_check_amount"/>
      <event name="PFT_VEHICLE"/>
      <event name="PNTFLEXREFRANGE"/>
      <event name="POWERPLANFLEX"/>
      <event name="PROBLEM_EVENT"/>
      <event name="PROFIT_1450_CLAIM_EVENT"/>
      <event name="PROFIT_1500_CLAIM_EVENT"/>
      <event name="PROVIDER_CHG_EVENT"/>
      <event name="PROVIDE_EVENT"/>
      <event name="PWRCHRT_ADD_ORDER"/>
      <event name="RESULT_EVENT"/>
      <event name="RESULT_EVENT_CSM"/>
      <event name="RESULT_EVENT_TEST"/>
      <event name="RXACLAIMSTATUS"/>
      <event name="RXADISPENSESTATUS"/>
      <event name="RXAPRODUCTSELECT"/>
      <event name="RXAWORKQUESTATUS"/>
      <event name="SAASADDTOSCRATCHPAD"/>
      <event name="SAASORDERDETAILSET"/>
      <event name="SAASSIGNORDER"/>
      <event name="SCH_ACTION_EVENT"/>
      <event name="SIGNORDER"/>
      <event name="SN New Pref Card Created"/>
      <event name="SN_CASE_CHECK_IN_EVENT"/>
      <event name="SN_CASE_EVENT"/>
      <event name="SN_CASE_SCHEDULE_EVENT"/>
      <event name="SN_DOCUMENT_OPEN"/>
      <event name="SN_DOCUMENT_STATE"/>
      <event name="SN_FINALIZE_DOC_EVENT"/>
      <event name="SN_PROCEDURE_SCHEDULE"/>
      <event name="SN_SAVE_PROCEDURE"/>
      <event name="SN_TEST_EVENT"/>
      <event name="SOCIAL_HISTORY_ADD"/>
      <event name="SYNCHEVENT"/>
      <event name="TOCFLEX"/>
      <event name="TOUCHOPENCHART"/>
    </events>
    <evokeTemplates>
      <templateDefinitions xsi:type="EM:ExpertTemplate" name="EKS_APPLICATION_E" definition="The application being used QUALIFIER APPLICATION" description="Application that generated the evoking event" eventDependency="//@expertTemplates/@events/@event.1 //@expertTemplates/@events/@event.2 //@expertTemplates/@events/@event.3 //@expertTemplates/@events/@event.8 //@expertTemplates/@events/@event.10 //@expertTemplates/@events/@event.13 //@expertTemplates/@events/@event.16 //@expertTemplates/@events/@event.36 //@expertTemplates/@events/@event.38 //@expertTemplates/@events/@event.40 //@expertTemplates/@events/@event.41 //@expertTemplates/@events/@event.51 //@expertTemplates/@events/@event.53 //@expertTemplates/@events/@event.57 //@expertTemplates/@events/@event.59 //@expertTemplates/@events/@event.62 //@expertTemplates/@events/@event.63 //@expertTemplates/@events/@event.64 //@expertTemplates/@events/@event.65 //@expertTemplates/@events/@event.66 //@expertTemplates/@events/@event.67 //@expertTemplates/@events/@event.68 //@expertTemplates/@events/@event.70 //@expertTemplates/@events/@event.82 //@expertTemplates/@events/@event.83 //@expertTemplates/@events/@event.84" reconcilable="true">
        <keywords>UTILITY</keywords>
        <arguments xsi:type="EM:FixedListArgument" name="QUALIFIER" dataType="CHARACTER" validationType="READ_ONLY" required="true" reconcileScript="N/A">
          <stringTable>
            <column value="is listed in"/>
            <column value="is listed in"/>
          </stringTable>
          <stringTable>
            <column value="is not listed in"/>
            <column value="is not listed in"/>
          </stringTable>
        </arguments>
        <arguments xsi:type="EM:ReferentialArgument" name="APPLICATION" dataType="CHARACTER" controlType="LISTBOX" validationType="READ_ONLY" required="true" reconcileScript="eks_p_app" keyFieldIndex="2">
          <statements dependency="APPLICATION" statement="select &#xD;&#xA;  Application_Name = ap.description,&#xD;&#xA;  _hidden = ap.application_number&#xD;&#xA;from application ap&#xD;&#xA;where ap.active_ind = 1&#xD;&#xA;  /*and (ap.direct_access_ind = 1 or ap.application_number in (961000,600005,380000)) */&#xD;&#xA;  and ap.application_number > 0&#xD;&#xA;  and ap.description > &quot; &quot;&#xD;&#xA;order application_name"/>
        </arguments>
      </templateDefinitions>
      <templateDefinitions xsi:type="EM:ExpertTemplate" name="EKS_PT_ACTION_E" definition="the patient is ACTION" description="Admit, Transfer, Discharge, Combine" eventDependency="//@expertTemplates/@events/@event.43" reconcilable="true">
        <keywords>ENCOUNTER</keywords>
        <arguments xsi:type="EM:ReferentialArgument" name="ACTION" dataType="CHARACTER" controlType="LISTBOX" validationType="READ_ONLY" required="true" reconcileScript="N/A" keyFieldIndex="2">
          <statements dependency="ACTION" statement="select Action = if (d.seq =  1) &quot;Admitted&quot;&#xD;&#xA;         &#x9;elseif (d.seq =  2) &quot;Encounter Combined&quot;&#xD;&#xA;         &#x9;elseif (d.seq =  3) &quot;Person Combined&quot; &#xD;&#xA;         &#x9;elseif (d.seq =  4) &quot;Person Encounter Combined&quot;&#xD;&#xA;         &#x9;elseif (d.seq =  5) &quot;Discharged&quot;&#xD;&#xA;        &#x9;elseif (d.seq =  6) &quot;Transfered&quot;&#xD;&#xA;&#x9;endif,&#xD;&#xA;&#xD;&#xA;&#x9;_hidden = (d.seq ),&#xD;&#xA;&#xD;&#xA;                Description= &#xD;&#xA;         &#x9;if (d.seq = 1) &quot;Current admit date defined, previous admit date is not defined&quot;&#xD;&#xA;         &#x9;elseif (d.seq =  2) &quot;Current and previous encounter id's differ&quot;&#xD;&#xA;         &#x9;elseif (d.seq =  3) &quot;Current and previous person id's differ&quot;&#xD;&#xA;         &#x9;elseif (d.seq =  4) &quot;Current and previous person &amp; encounter id's differ&quot;&#xD;&#xA;        &#x9;elseif (d.seq =  5) &quot;Current discharged date is defined but previous discharge date is not&quot;&#xD;&#xA;        &#x9;elseif (d.seq =  6) &quot;Current and previous location codes differ&quot;&#xD;&#xA;&#x9;endif&#xD;&#xA;&#xD;&#xA;  &#x9;from (dummyt d with seq = 6)&#xD;&#xA;&#xD;&#xA;&#x9;order by action&#xD;&#xA;&#xD;&#xA;"/>
        </arguments>
      </templateDefinitions>
    </evokeTemplates>
    <logicTemplates>
      <templateDefinitions xsi:type="EM:ExpertTemplate" name="EKS_STOP_LOGIC_L" definition="the following templates are false, MODE logic evaluation" description="Used to control efficiency of Action Group rules" eventDependency="//@expertTemplates/@events/@event.1 //@expertTemplates/@events/@event.2 //@expertTemplates/@events/@event.3 //@expertTemplates/@events/@event.5 //@expertTemplates/@events/@event.8 //@expertTemplates/@events/@event.9 //@expertTemplates/@events/@event.10 //@expertTemplates/@events/@event.11 //@expertTemplates/@events/@event.13 //@expertTemplates/@events/@event.16 //@expertTemplates/@events/@event.23 //@expertTemplates/@events/@event.32 //@expertTemplates/@events/@event.36 //@expertTemplates/@events/@event.38 //@expertTemplates/@events/@event.40 //@expertTemplates/@events/@event.41 //@expertTemplates/@events/@event.43 //@expertTemplates/@events/@event.44 //@expertTemplates/@events/@event.51 //@expertTemplates/@events/@event.52 //@expertTemplates/@events/@event.53 //@expertTemplates/@events/@event.57 //@expertTemplates/@events/@event.59 //@expertTemplates/@events/@event.60 //@expertTemplates/@events/@event.62 //@expertTemplates/@events/@event.63 //@expertTemplates/@events/@event.64 //@expertTemplates/@events/@event.65 //@expertTemplates/@events/@event.66 //@expertTemplates/@events/@event.67 //@expertTemplates/@events/@event.68 //@expertTemplates/@events/@event.70 //@expertTemplates/@events/@event.81 //@expertTemplates/@events/@event.82 //@expertTemplates/@events/@event.83 //@expertTemplates/@events/@event.84" reconcilable="true" alwaysTrue="true">
        <keywords>UTILITY</keywords>
        <arguments xsi:type="EM:FixedListArgument" name="MODE" dataType="CHARACTER" validationType="READ_ONLY" reconcileScript="N/A">
          <defaultValue xsi:type="EM:StringValue" value="STOP"/>
          <stringTable>
            <column value="STOP"/>
            <column value=" "/>
          </stringTable>
          <stringTable>
            <column value="CONTINUE"/>
            <column value=" "/>
          </stringTable>
        </arguments>
      </templateDefinitions>
      <templateDefinitions xsi:type="EM:ExpertTemplate" name="EKS_LOGIC_TRUE" definition="LOGIC is true" description="Always true" eventDependency="//@expertTemplates/@events/@event.1 //@expertTemplates/@events/@event.2 //@expertTemplates/@events/@event.3 //@expertTemplates/@events/@event.8 //@expertTemplates/@events/@event.9 //@expertTemplates/@events/@event.10 //@expertTemplates/@events/@event.11 //@expertTemplates/@events/@event.13 //@expertTemplates/@events/@event.16 //@expertTemplates/@events/@event.23 //@expertTemplates/@events/@event.24 //@expertTemplates/@events/@event.36 //@expertTemplates/@events/@event.38 //@expertTemplates/@events/@event.40 //@expertTemplates/@events/@event.41 //@expertTemplates/@events/@event.43 //@expertTemplates/@events/@event.44 //@expertTemplates/@events/@event.51 //@expertTemplates/@events/@event.52 //@expertTemplates/@events/@event.53 //@expertTemplates/@events/@event.57 //@expertTemplates/@events/@event.59 //@expertTemplates/@events/@event.60 //@expertTemplates/@events/@event.62 //@expertTemplates/@events/@event.63 //@expertTemplates/@events/@event.64 //@expertTemplates/@events/@event.65 //@expertTemplates/@events/@event.66 //@expertTemplates/@events/@event.67 //@expertTemplates/@events/@event.68 //@expertTemplates/@events/@event.69 //@expertTemplates/@events/@event.70 //@expertTemplates/@events/@event.81 //@expertTemplates/@events/@event.82 //@expertTemplates/@events/@event.83 //@expertTemplates/@events/@event.84" reconcilable="true" alwaysTrue="true">
        <keywords>UTILITY</keywords>
        <arguments name="LOGIC" dataType="CHARACTER" reconcileScript="N/A">
          <defaultValue xsi:type="EM:StringValue" value="@quot;LOGIC@quot;"/>
        </arguments>
      </templateDefinitions>
      <templateDefinitions xsi:type="EM:ExpertTemplate" name="PHI_FIND_PASSIVE_ALERT" definition="Patient has Alert with text ALERT_TEXT, SEARCH_OPTION" description="Finds if a particular alert text for the patient exists" eventDependency="//@expertTemplates/@events/@event.3 //@expertTemplates/@events/@event.5 //@expertTemplates/@events/@event.9 //@expertTemplates/@events/@event.11 //@expertTemplates/@events/@event.16 //@expertTemplates/@events/@event.23 //@expertTemplates/@events/@event.41 //@expertTemplates/@events/@event.43 //@expertTemplates/@events/@event.53 //@expertTemplates/@events/@event.59 //@expertTemplates/@events/@event.81">
        <keywords></keywords>
        <arguments name="ALERT_TEXT" dataType="CHARACTER" validationType="MAX_LENGTH" required="true"/>
        <arguments xsi:type="EM:FixedListArgument" name="SEARCH_OPTION" dataType="CHARACTER" validationType="READ_ONLY">
          <defaultValue xsi:type="EM:StringValue" value="EXACT"/>
          <stringTable>
            <column value="EXACT"/>
            <column value="Alert text containing the exact text"/>
          </stringTable>
          <stringTable>
            <column value="STARTS_WITH"/>
            <column value="Alert text that starts with"/>
          </stringTable>
        </arguments>
      </templateDefinitions>
      <templateDefinitions xsi:type="EM:ExpertTemplate" name="EKS_CALC_SAVE_L" definition="EXPRESSION" description="Create a value to be used by subsequent templates" eventDependency="//@expertTemplates/@events/@event.1 //@expertTemplates/@events/@event.2 //@expertTemplates/@events/@event.3 //@expertTemplates/@events/@event.5 //@expertTemplates/@events/@event.8 //@expertTemplates/@events/@event.9 //@expertTemplates/@events/@event.10 //@expertTemplates/@events/@event.11 //@expertTemplates/@events/@event.13 //@expertTemplates/@events/@event.16 //@expertTemplates/@events/@event.23 //@expertTemplates/@events/@event.36 //@expertTemplates/@events/@event.38 //@expertTemplates/@events/@event.40 //@expertTemplates/@events/@event.41 //@expertTemplates/@events/@event.43 //@expertTemplates/@events/@event.44 //@expertTemplates/@events/@event.51 //@expertTemplates/@events/@event.52 //@expertTemplates/@events/@event.53 //@expertTemplates/@events/@event.57 //@expertTemplates/@events/@event.59 //@expertTemplates/@events/@event.60 //@expertTemplates/@events/@event.62 //@expertTemplates/@events/@event.63 //@expertTemplates/@events/@event.64 //@expertTemplates/@events/@event.65 //@expertTemplates/@events/@event.66 //@expertTemplates/@events/@event.67 //@expertTemplates/@events/@event.68 //@expertTemplates/@events/@event.70 //@expertTemplates/@events/@event.81 //@expertTemplates/@events/@event.82 //@expertTemplates/@events/@event.83 //@expertTemplates/@events/@event.84" reconcilable="true">
        <keywords>UTILITY, LOG_RETVAL</keywords>
        <arguments name="EXPRESSION" dataType="CHARACTER" controlType="TEXT_MULTI_LINE" required="true" reconcileScript="N/A"/>
      </templateDefinitions>
      <templateDefinitions xsi:type="EM:ExpertTemplate" name="EKS_EVAL_L" definition="EXPRESSION" description="Freetext CCL evaluation" eventDependency="//@expertTemplates/@events/@event.1 //@expertTemplates/@events/@event.2 //@expertTemplates/@events/@event.3 //@expertTemplates/@events/@event.5 //@expertTemplates/@events/@event.8 //@expertTemplates/@events/@event.9 //@expertTemplates/@events/@event.10 //@expertTemplates/@events/@event.11 //@expertTemplates/@events/@event.13 //@expertTemplates/@events/@event.16 //@expertTemplates/@events/@event.23 //@expertTemplates/@events/@event.24 //@expertTemplates/@events/@event.36 //@expertTemplates/@events/@event.38 //@expertTemplates/@events/@event.40 //@expertTemplates/@events/@event.41 //@expertTemplates/@events/@event.43 //@expertTemplates/@events/@event.44 //@expertTemplates/@events/@event.51 //@expertTemplates/@events/@event.52 //@expertTemplates/@events/@event.53 //@expertTemplates/@events/@event.57 //@expertTemplates/@events/@event.59 //@expertTemplates/@events/@event.60 //@expertTemplates/@events/@event.62 //@expertTemplates/@events/@event.63 //@expertTemplates/@events/@event.64 //@expertTemplates/@events/@event.65 //@expertTemplates/@events/@event.66 //@expertTemplates/@events/@event.67 //@expertTemplates/@events/@event.68 //@expertTemplates/@events/@event.70 //@expertTemplates/@events/@event.81 //@expertTemplates/@events/@event.82 //@expertTemplates/@events/@event.83 //@expertTemplates/@events/@event.84" reconcilable="true">
        <keywords>UTILITY</keywords>
        <arguments name="EXPRESSION" dataType="CHARACTER" controlType="TEXT_MULTI_LINE" required="true" reconcileScript="N/A"/>
      </templateDefinitions>
      <templateDefinitions xsi:type="EM:ExpertTemplate" name="EKS_CE_RESULT_MOST_RECENT_L" definition="the most recent result for EVENT_SET_NAME is EVALUATION VALUE1 and OPT_VALUE2 for the same encounter as OPT_LINK over the last OPT_TIME_NUM OPT_TIME_UNIT" description="Most recent numeric result value" recommeded="CAUTION" eventDependency="//@expertTemplates/@events/@event.1 //@expertTemplates/@events/@event.2 //@expertTemplates/@events/@event.3 //@expertTemplates/@events/@event.8 //@expertTemplates/@events/@event.9 //@expertTemplates/@events/@event.10 //@expertTemplates/@events/@event.13 //@expertTemplates/@events/@event.16 //@expertTemplates/@events/@event.23 //@expertTemplates/@events/@event.36 //@expertTemplates/@events/@event.38 //@expertTemplates/@events/@event.40 //@expertTemplates/@events/@event.41 //@expertTemplates/@events/@event.43 //@expertTemplates/@events/@event.44 //@expertTemplates/@events/@event.51 //@expertTemplates/@events/@event.52 //@expertTemplates/@events/@event.53 //@expertTemplates/@events/@event.57 //@expertTemplates/@events/@event.59 //@expertTemplates/@events/@event.62 //@expertTemplates/@events/@event.63 //@expertTemplates/@events/@event.64 //@expertTemplates/@events/@event.65 //@expertTemplates/@events/@event.66 //@expertTemplates/@events/@event.67 //@expertTemplates/@events/@event.68 //@expertTemplates/@events/@event.70 //@expertTemplates/@events/@event.81 //@expertTemplates/@events/@event.82 //@expertTemplates/@events/@event.83 //@expertTemplates/@events/@event.84" optimizable="true" reconcilable="true">
        <keywords>CLINICALEVENT</keywords>
        <arguments xsi:type="EM:ReferentialArgument" name="EVENT_SET_NAME" dataType="CHARACTER" controlType="LISTBOX" validationType="READ_ONLY" required="true" optimizable="true" reconcileScript="eks_p_event_set_name" keyFieldIndex="2">
          <statements dependency="EVENT_SET_NAME" statement="EKS_abc_refhelp &quot; &quot; go&#xD;&#xA;"/>
          <statements dependency="EVENT_SET_NAME" statement="eks_event_set_name_refhelp PAR1, &quot;EVENT_SET&quot; go"/>
        </arguments>
        <arguments xsi:type="EM:FixedListArgument" name="EVALUATION" dataType="CHARACTER" validationType="READ_ONLY" required="true" reconcileScript="N/A">
          <stringTable>
            <column value="equal to"/>
            <column value="alpha or numeric"/>
          </stringTable>
          <stringTable>
            <column value="not equal to"/>
            <column value="alpha or numeric"/>
          </stringTable>
          <stringTable>
            <column value="less than"/>
            <column value="numeric only"/>
          </stringTable>
          <stringTable>
            <column value="less than or equal to"/>
            <column value="numeric only"/>
          </stringTable>
          <stringTable>
            <column value="greater than"/>
            <column value="numeric only"/>
          </stringTable>
          <stringTable>
            <column value="greater than or equal to"/>
            <column value="numeric only"/>
          </stringTable>
          <stringTable>
            <column value="between"/>
            <column value="numeric only"/>
          </stringTable>
          <stringTable>
            <column value="outside"/>
            <column value="numeric only"/>
          </stringTable>
        </arguments>
        <arguments name="VALUE1" dataType="CHARACTER" required="true" reconcileScript="N/A"/>
        <arguments name="OPT_VALUE2" dataType="CHARACTER" reconcileScript="N/A"/>
        <arguments name="OPT_LINK" dataType="LINK" controlType="TEMPLATE_REFERENCE" reconcileScript="N/A"/>
        <arguments name="OPT_TIME_NUM" reconcileScript="N/A"/>
        <arguments xsi:type="EM:FixedListArgument" name="OPT_TIME_UNIT" dataType="CHARACTER" validationType="READ_ONLY" reconcileScript="N/A">
          <stringTable>
            <column value="minutes"/>
            <column value="minutes"/>
          </stringTable>
          <stringTable>
            <column value="hours"/>
            <column value="hours"/>
          </stringTable>
          <stringTable>
            <column value="days"/>
            <column value="days"/>
          </stringTable>
        </arguments>
      </templateDefinitions>
    </logicTemplates>
    <actionTemplates>
      <templateDefinitions xsi:type="EM:ExpertTemplate" name="PHI_ADD_PASSIVE_ALERT" definition="Add ALERT_TEXT for person LINK with CATEGORY, POSITION, OPT_ACTION_TYPE, OPT_ACTION_PARAM, OPT_EXPIRE_VALUE, OPT_EXPIRE_UNIT, OPT_PATIENT_LEVEL, OPT_ALLOW_USER_DISMISS  " description="Divert non time sensitive alerts within clinical workflow to Smartzone so that they are passive, highly visible, intuitive and non-intrusive." eventDependency="//@expertTemplates/@events/@event.3 //@expertTemplates/@events/@event.5 //@expertTemplates/@events/@event.9 //@expertTemplates/@events/@event.11 //@expertTemplates/@events/@event.16 //@expertTemplates/@events/@event.23 //@expertTemplates/@events/@event.41 //@expertTemplates/@events/@event.43 //@expertTemplates/@events/@event.53 //@expertTemplates/@events/@event.59 //@expertTemplates/@events/@event.81">
        <keywords></keywords>
        <arguments name="ALERT_TEXT" dataType="CHARACTER" validationType="MAX_LENGTH" required="true"/>
        <arguments name="LINK" dataType="LINK" controlType="TEMPLATE_REFERENCE" required="true"/>
        <arguments xsi:type="EM:ReferentialArgument" name="CATEGORY" dataType="CHARACTER" controlType="REFERENTIAL" validationType="READ_ONLY" required="true" keyFieldIndex="2">
          <statements dependency="CATEGORY" statement="eks_codeset_cki_refhelp &quot;4132000&quot;,&quot;&quot;,&quot;&quot; go"/>
        </arguments>
        <arguments xsi:type="EM:ReferentialArgument" name="POSITION" dataType="CHARACTER" controlType="LISTBOX" validationType="READ_ONLY" required="true" keyFieldIndex="2">
          <statements dependency="POSITION" statement="eks_codeset_cki_refhelp &quot;88&quot;,&quot;CKI&quot;,&quot;*ALL&quot; go"/>
        </arguments>
        <arguments xsi:type="EM:ReferentialArgument" name="OPT_ACTION_TYPE" dataType="CHARACTER" controlType="REFERENTIAL" validationType="READ_ONLY">
          <statements dependency="OPT_ACTION_TYPE" statement="PHI_ACTION_TYPE_REFHELP &quot;&quot; GO"/>
        </arguments>
        <arguments name="OPT_ACTION_PARAM" dataType="CHARACTER"/>
        <arguments name="OPT_EXPIRE_VALUE"/>
        <arguments xsi:type="EM:ReferentialArgument" name="OPT_EXPIRE_UNIT" dataType="CHARACTER" controlType="REFERENTIAL" validationType="READ_ONLY">
          <statements dependency="OPT_EXPIRE_UNIT" statement="PHI_EXPIRE_UNIT_REFHELP &quot;&quot; GO"/>
        </arguments>
        <arguments xsi:type="EM:FixedListArgument" name="OPT_PATIENT_LEVEL" dataType="CHARACTER" validationType="READ_ONLY">
          <defaultValue xsi:type="EM:StringValue" value="NO"/>
          <stringTable>
            <column value="NO"/>
            <column value="Add alert at encounter level"/>
          </stringTable>
          <stringTable>
            <column value="YES"/>
            <column value="Add alert at patient level"/>
          </stringTable>
        </arguments>
        <arguments xsi:type="EM:FixedListArgument" name="OPT_ALLOW_USER_DISMISS" dataType="CHARACTER" validationType="READ_ONLY">
          <defaultValue xsi:type="EM:StringValue" value="NO"/>
          <stringTable>
            <column value="YES"/>
            <column value="Alert can be dismissed by the user within SmartZone"/>
          </stringTable>
          <stringTable>
            <column value="NO"/>
            <column value="Alert cannot be dismissed by the user within SmartZone"/>
          </stringTable>
        </arguments>
      </templateDefinitions>
      <templateDefinitions xsi:type="EM:ExpertTemplate" name="PHI_REMOVE_PASSIVE_ALERT" definition="Remove ALERT_TEXT for person LINK using SEARCH_OPTION match." description="Remove non time sensitive alerts from the SmartZone once they have been addressed." eventDependency="//@expertTemplates/@events/@event.3 //@expertTemplates/@events/@event.5 //@expertTemplates/@events/@event.9 //@expertTemplates/@events/@event.11 //@expertTemplates/@events/@event.16 //@expertTemplates/@events/@event.23 //@expertTemplates/@events/@event.41 //@expertTemplates/@events/@event.43 //@expertTemplates/@events/@event.53 //@expertTemplates/@events/@event.59 //@expertTemplates/@events/@event.81">
        <keywords></keywords>
        <arguments name="ALERT_TEXT" dataType="CHARACTER" validationType="MAX_LENGTH" required="true"/>
        <arguments name="LINK" dataType="LINK" controlType="TEMPLATE_REFERENCE" required="true"/>
        <arguments xsi:type="EM:FixedListArgument" name="SEARCH_OPTION" dataType="CHARACTER" validationType="READ_ONLY">
          <defaultValue xsi:type="EM:StringValue" value="EXACT"/>
          <stringTable>
            <column value="EXACT"/>
            <column value="Alert text containing the exact text"/>
          </stringTable>
          <stringTable>
            <column value="STARTS_WITH"/>
            <column value="Alert text that starts with"/>
          </stringTable>
        </arguments>
      </templateDefinitions>
    </actionTemplates>
  </expertTemplates>
  <ruleDefinition>
    <evokeSection>
      <evokes evokeEvent="//@expertTemplates/@events/@event.38">
        <logicExpression xsi:type="EM:Antecedent" id="E1" template="EKS_APPLICATION_E">
          <facts argument="QUALIFIER">
            <value xsi:type="EM:StringValue" value="is listed in"/>
          </facts>
          <facts argument="APPLICATION">
            <value xsi:type="EM:ListValue">
              <values xsi:type="EM:ListValue">
                <values xsi:type="EM:CustomValue" hideDisplay="true">
                  <customValue xsi:type="EM:StringValue" value="600005"/>
                </values>
                <values xsi:type="EM:StringValue" value="HNA: Powerchart"/>
              </values>
              <values xsi:type="EM:ListValue">
                <values xsi:type="EM:CustomValue" hideDisplay="true">
                  <customValue xsi:type="EM:StringValue" value="4250111"/>
                </values>
                <values xsi:type="EM:StringValue" value="FirstNet (PowerChart)"/>
              </values>
            </value>
          </facts>
        </logicExpression>
      </evokes>
      <evokes evokeEvent="//@expertTemplates/@events/@event.43">
        <logicExpression xsi:type="EM:Antecedent" id="E2" template="EKS_PT_ACTION_E">
          <facts argument="ACTION">
            <value xsi:type="EM:ListValue">
              <values xsi:type="EM:ListValue">
                <values xsi:type="EM:CustomValue" hideDisplay="true">
                  <customValue xsi:type="EM:StringValue" value="1"/>
                </values>
                <values xsi:type="EM:StringValue" value="Admitted"/>
              </values>
            </value>
          </facts>
        </logicExpression>
      </evokes>
    </evokeSection>
    <logicSection>
      <logicExpression xsi:type="EM:InfixExpression">
        <leftExpression xsi:type="EM:Antecedent" id="L1" template="EKS_STOP_LOGIC_L">
          <facts argument="MODE">
            <value xsi:type="EM:StringValue" value="STOP"/>
          </facts>
        </leftExpression>
        <rightExpression xsi:type="EM:InfixExpression">
          <leftExpression xsi:type="EM:Antecedent" alias="PatientInfo" id="L2" template="EKS_LOGIC_TRUE">
            <facts argument="LOGIC">
              <value xsi:type="EM:StringValue" value="@quot;LOGIC@quot;"/>
            </facts>
          </leftExpression>
          <rightExpression xsi:type="EM:InfixExpression">
            <leftExpression xsi:type="EM:GroupExpression">
              <expression xsi:type="EM:InfixExpression" operator="OR">
                <leftExpression xsi:type="EM:Antecedent" alias="Existing Alert Found" id="L3" template="PHI_FIND_PASSIVE_ALERT">
                  <facts argument="ALERT_TEXT">
                    <value xsi:type="EM:StringValue" value="Interpreter Requested"/>
                  </facts>
                  <facts argument="SEARCH_OPTION">
                    <value xsi:type="EM:StringValue" value="STARTS_WITH"/>
                  </facts>
                </leftExpression>
                <rightExpression xsi:type="EM:Antecedent" alias="Existing Alert Not Found" id="L4" template="EKS_LOGIC_TRUE">
                  <facts argument="LOGIC">
                    <value xsi:type="EM:StringValue" value="@quot;LOGIC@quot;"/>
                  </facts>
                </rightExpression>
              </expression>
            </leftExpression>
            <rightExpression xsi:type="EM:InfixExpression">
              <leftExpression xsi:type="EM:GroupExpression">
                <expression xsi:type="EM:InfixExpression" operator="OR">
                  <leftExpression xsi:type="EM:GroupExpression">
                    <expression xsi:type="EM:InfixExpression">
                      <leftExpression xsi:type="EM:Antecedent" alias="Interp required" id="L5" template="EKS_CALC_SAVE_L">
                        <facts argument="EXPRESSION">
                          <value xsi:type="EM:StringValue" value="select into &quot;nl:&quot;@NEWLINEfrom@NEWLINE&#x9;person_patient pp@NEWLINEplan pp@NEWLINE&#x9;where pp.person_id =    trigger_personid@NEWLINEhead report@NEWLINE&#x9;log_misc1 = &quot;NOT FOUND&quot;@NEWLINEdetail@NEWLINE&#x9;log_misc1 = cnvtupper(uar_get_code_display(pp.interp_required_cd))@NEWLINEwith format(date,&quot;;;q&quot;),uar_code(d,1),nullreport go"/>
                        </facts>
                      </leftExpression>
                      <rightExpression xsi:type="EM:Antecedent" alias="reg interp req yes" id="L6" template="EKS_EVAL_L">
                        <facts argument="EXPRESSION">
                          <value xsi:type="EM:StringValue" value="&quot;@MISC:{Interp required}&quot; = &quot;YES&quot;"/>
                        </facts>
                      </rightExpression>
                    </expression>
                  </leftExpression>
                  <rightExpression xsi:type="EM:Antecedent" alias="reg interp not yes" id="L7" template="EKS_LOGIC_TRUE">
                    <facts argument="LOGIC">
                      <value xsi:type="EM:StringValue" value="@quot;LOGIC@quot;"/>
                    </facts>
                  </rightExpression>
                </expression>
              </leftExpression>
              <rightExpression xsi:type="EM:GroupExpression">
                <expression xsi:type="EM:InfixExpression" operator="OR">
                  <leftExpression xsi:type="EM:Antecedent" alias="dcumentation interp req" id="L8" template="EKS_CE_RESULT_MOST_RECENT_L">
                    <facts argument="EVENT_SET_NAME">
                      <value xsi:type="EM:ListValue">
                        <values xsi:type="EM:ListValue">
                          <values xsi:type="EM:CustomValue" hideDisplay="true">
                            <customValue xsi:type="EM:StringValue" value="Interpretation Type"/>
                          </values>
                          <values xsi:type="EM:StringValue" value="Interpretation Type"/>
                          <values xsi:type="EM:ListValue">
                            <values xsi:type="EM:CustomValue" hideDisplay="true">
                              <customValue xsi:type="EM:StringValue" value="I"/>
                            </values>
                          </values>
                        </values>
                      </value>
                    </facts>
                    <facts argument="EVALUATION">
                      <value xsi:type="EM:StringValue" value="not equal to"/>
                    </facts>
                    <facts argument="VALUE1">
                      <value xsi:type="EM:StringValue" value="Patient declined"/>
                    </facts>
                    <facts argument="OPT_VALUE2">
                      <value xsi:type="EM:StringValue"/>
                    </facts>
                    <facts argument="OPT_LINK">
                      <value xsi:type="EM:AntecedentReference" antecedent="//@ruleDefinition/@logicSection/@logicExpression/@rightExpression/@leftExpression"/>
                    </facts>
                    <facts argument="OPT_TIME_NUM"/>
                    <facts argument="OPT_TIME_UNIT">
                      <value xsi:type="EM:StringValue"/>
                    </facts>
                  </leftExpression>
                  <rightExpression xsi:type="EM:Antecedent" alias="documentation interp not found" id="L9" template="EKS_LOGIC_TRUE">
                    <facts argument="LOGIC">
                      <value xsi:type="EM:StringValue" value="@quot;LOGIC@quot;"/>
                    </facts>
                  </rightExpression>
                </expression>
              </rightExpression>
            </rightExpression>
          </rightExpression>
        </rightExpression>
      </logicExpression>
    </logicSection>
    <actionSection>
      <action xsi:type="EM:ActionGroups">
        <actionGroups>
          <logicExpression xsi:type="EM:InfixExpression">
            <leftExpression xsi:type="EM:GroupExpression">
              <expression xsi:type="EM:InfixExpression" operator="OR">
                <leftExpression xsi:type="EM:LogicReference" antecedent="//@ruleDefinition/@logicSection/@logicExpression/@rightExpression/@rightExpression/@rightExpression/@leftExpression/@expression/@leftExpression/@expression/@rightExpression"/>
                <rightExpression xsi:type="EM:LogicReference" antecedent="//@ruleDefinition/@logicSection/@logicExpression/@rightExpression/@rightExpression/@rightExpression/@rightExpression/@expression/@leftExpression"/>
              </expression>
            </leftExpression>
            <rightExpression xsi:type="EM:LogicReference" antecedent="//@ruleDefinition/@logicSection/@logicExpression/@rightExpression/@rightExpression/@leftExpression/@expression/@rightExpression"/>
          </logicExpression>
          <actionExpression>
            <logicExpression xsi:type="EM:Antecedent" id="A1" template="PHI_ADD_PASSIVE_ALERT">
              <facts argument="ALERT_TEXT">
                <value xsi:type="EM:StringValue" value="Interpreter Requested"/>
              </facts>
              <facts argument="LINK">
                <value xsi:type="EM:AntecedentReference" antecedent="//@ruleDefinition/@logicSection/@logicExpression/@rightExpression/@leftExpression"/>
              </facts>
              <facts argument="CATEGORY">
                <value xsi:type="EM:ListValue">
                  <values xsi:type="EM:ListValue">
                    <values xsi:type="EM:CustomValue" hideDisplay="true">
                      <customValue xsi:type="EM:StringValue" value="2559527571"/>
                    </values>
                    <values xsi:type="EM:StringValue" value="Information"/>
                  </values>
                </value>
              </facts>
              <facts argument="POSITION">
                <value xsi:type="EM:ListValue">
                  <values xsi:type="EM:ListValue">
                    <values xsi:type="EM:CustomValue" hideDisplay="true">
                      <customValue xsi:type="EM:StringValue" value="*ALL"/>
                    </values>
                    <values xsi:type="EM:StringValue" value="*ALL"/>
                  </values>
                </value>
              </facts>
              <facts argument="OPT_ACTION_TYPE">
                <value xsi:type="EM:StringValue"/>
              </facts>
              <facts argument="OPT_ACTION_PARAM">
                <value xsi:type="EM:StringValue"/>
              </facts>
              <facts argument="OPT_EXPIRE_VALUE"/>
              <facts argument="OPT_EXPIRE_UNIT">
                <value xsi:type="EM:StringValue"/>
              </facts>
              <facts argument="OPT_PATIENT_LEVEL">
                <value xsi:type="EM:StringValue" value="NO"/>
              </facts>
              <facts argument="OPT_ALLOW_USER_DISMISS">
                <value xsi:type="EM:StringValue" value="YES"/>
              </facts>
            </logicExpression>
          </actionExpression>
        </actionGroups>
        <actionGroups>
          <logicExpression xsi:type="EM:InfixExpression">
            <leftExpression xsi:type="EM:LogicReference" antecedent="//@ruleDefinition/@logicSection/@logicExpression/@rightExpression/@rightExpression/@rightExpression/@rightExpression/@expression/@rightExpression"/>
            <rightExpression xsi:type="EM:InfixExpression">
              <leftExpression xsi:type="EM:LogicReference" antecedent="//@ruleDefinition/@logicSection/@logicExpression/@rightExpression/@rightExpression/@rightExpression/@leftExpression/@expression/@rightExpression"/>
              <rightExpression xsi:type="EM:LogicReference" antecedent="//@ruleDefinition/@logicSection/@logicExpression/@rightExpression/@rightExpression/@leftExpression/@expression/@leftExpression"/>
            </rightExpression>
          </logicExpression>
          <actionExpression>
            <logicExpression xsi:type="EM:Antecedent" id="A2" template="PHI_REMOVE_PASSIVE_ALERT">
              <facts argument="ALERT_TEXT">
                <value xsi:type="EM:StringValue" value="Interpreter Requested"/>
              </facts>
              <facts argument="LINK">
                <value xsi:type="EM:AntecedentReference" antecedent="//@ruleDefinition/@logicSection/@logicExpression/@rightExpression/@leftExpression"/>
              </facts>
              <facts argument="SEARCH_OPTION">
                <value xsi:type="EM:StringValue" value="STARTS_WITH"/>
              </facts>
            </logicExpression>
          </actionExpression>
        </actionGroups>
      </action>
    </actionSection>
  </ruleDefinition>
</EM:ExpertModule>
