<?xml version="1.0" encoding="ASCII"?>
<EM:ExpertModule xmi:version="2.0" xmlns:xmi="http://www.omg.org/XMI" xmlns:xsi="http://www.w3.org/2001/XMLSchema-instance" xmlns:EM="http:///com.cerner.expert/expertmodule/1.0.0" moduleName="COV_RT_SKIN_TASK_RMNDR">
  <information>
    <runtimeInformation versionString="001.047" externalFileName="COV_RT_SKIN_TASK_RMNDR" lastUpdated="2018-01-08T16:42:26.000-0500" validtionType="PRODUCTION" title="COV_RT_SKIN_TASK_RMNDR" reconcileFlag="3" reconcileDate="2018-01-08T16:42:26.000-0500">
      <duration start="2018-01-02T00:00:00.000-0500" end="2019-01-02T23:59:59.000-0500"/>
      <updateUser userName="Layman, Mike"/>
    </runtimeInformation>
    <documentation author="mlayman1" institution="Covenant Health" specialist="Ruthie Koontz" purpose="This rule will add the task to remind the RT staff that they have a skin study to read. This rule is used along with the rule COV_RT_SKIN_TASK_24HR. A timer event is created by that rule and is used by this rule to fire off a task if the rule passes."/>
  </information>
  <expertTemplates>
    <events>
      <event name=""/>
      <event name="ADDPROBLEM"/>
      <event name="ADDTOSCRATCHPAD"/>
      <event name="ALLERGY_EVENT"/>
      <event name="AP_ORDER_EVENT"/>
      <event name="BB_RESULT_EVENT"/>
      <event name="CBTFLEXORDERS"/>
      <event name="CHART_SERVER_EVENT"/>
      <event name="CLINICALTRIALSCREEN"/>
      <event name="CLINICAL_EVENT"/>
      <event name="CLOSECHART"/>
      <event name="COLLECTION_EVENT"/>
      <event name="DCP_CN_TASK_UPD"/>
      <event name="DCP_MODTASK_EVENT"/>
      <event name="DCP_PW_COND"/>
      <event name="DCP_PW_OUTCOME_EVENT"/>
      <event name="DIAGNOSIS_EVENT"/>
      <event name="EKS_FORMAT"/>
      <event name="EKS_SYNC_TEST01"/>
      <event name="EKS_TEST_02"/>
      <event name="EKS_TEST_EVENT"/>
      <event name="EKS_TEST_EVENT01"/>
      <event name="ENSURE_EVENT"/>
      <event name="EXPERT_EVENT"/>
      <event name="HEALTHE_EVENT"/>
      <event name="HEALTH_MAINT_QUAL_EVENT"/>
      <event name="HIM_ADD_REQUEST"/>
      <event name="HIM_ADMIT_EVENT"/>
      <event name="HIM_PATIENT_INFO_REQUEST"/>
      <event name="HIM_TEST_EVENT"/>
      <event name="HL7_EVENT"/>
      <event name="MB_EXPEDITE"/>
      <event name="MB_RESULT_EVENT"/>
      <event name="MB_SCRIPTED_WORKUPS"/>
      <event name="MB_SUSCEPTIBILITY"/>
      <event name="MDI_RESULT_EVENT"/>
      <event name="MEDCHARTACTIVATE"/>
      <event name="MPI_ADT"/>
      <event name="OPENCHART"/>
      <event name="ORDER_EVENT"/>
      <event name="ORDER_PRO_TEST1"/>
      <event name="PATIENT_EVENT"/>
      <event name="PCA_EXPERT_EVENT"/>
      <event name="Person_Transaction"/>
      <event name="PFT_Add_Account"/>
      <event name="PFT_ADJ_WO"/>
      <event name="PFT_CHARGE_EVENT"/>
      <event name="pft_check_amount"/>
      <event name="PFT_VEHICLE"/>
      <event name="PNTFLEXREFRANGE"/>
      <event name="POWERPLANFLEX"/>
      <event name="PROBLEM_EVENT"/>
      <event name="PROFIT_1450_CLAIM_EVENT"/>
      <event name="PROFIT_1500_CLAIM_EVENT"/>
      <event name="PROVIDER_CHG_EVENT"/>
      <event name="PROVIDE_EVENT"/>
      <event name="PWRCHRT_ADD_ORDER"/>
      <event name="RESULT_EVENT"/>
      <event name="RESULT_EVENT_CSM"/>
      <event name="RESULT_EVENT_TEST"/>
      <event name="SCH_ACTION_EVENT"/>
      <event name="SIGNORDER"/>
      <event name="SN New Pref Card Created"/>
      <event name="SN_CASE_CHECK_IN_EVENT"/>
      <event name="SN_CASE_EVENT"/>
      <event name="SN_CASE_SCHEDULE_EVENT"/>
      <event name="SN_DOCUMENT_OPEN"/>
      <event name="SN_DOCUMENT_STATE"/>
      <event name="SN_FINALIZE_DOC_EVENT"/>
      <event name="SN_PROCEDURE_SCHEDULE"/>
      <event name="SN_SAVE_PROCEDURE"/>
      <event name="SN_TEST_EVENT"/>
      <event name="SOCIAL_HISTORY_ADD"/>
      <event name="SYNCHEVENT"/>
      <event name="TOCFLEX"/>
      <event name="TOUCHOPENCHART"/>
    </events>
    <evokeTemplates>
      <templateDefinitions xsi:type="EM:ExpertTemplate" name="EKS_DEBUGEKM_E" definition="Turn debug messaging DEBUG_STATUS" description="Turn debug messaging on or off" eventDependency="//@expertTemplates/@events/@event.1 //@expertTemplates/@events/@event.2 //@expertTemplates/@events/@event.3 //@expertTemplates/@events/@event.4 //@expertTemplates/@events/@event.5 //@expertTemplates/@events/@event.8 //@expertTemplates/@events/@event.9 //@expertTemplates/@events/@event.10 //@expertTemplates/@events/@event.11 //@expertTemplates/@events/@event.13 //@expertTemplates/@events/@event.16 //@expertTemplates/@events/@event.23 //@expertTemplates/@events/@event.26 //@expertTemplates/@events/@event.27 //@expertTemplates/@events/@event.28 //@expertTemplates/@events/@event.31 //@expertTemplates/@events/@event.32 //@expertTemplates/@events/@event.33 //@expertTemplates/@events/@event.34 //@expertTemplates/@events/@event.36 //@expertTemplates/@events/@event.38 //@expertTemplates/@events/@event.39 //@expertTemplates/@events/@event.41 //@expertTemplates/@events/@event.42 //@expertTemplates/@events/@event.45 //@expertTemplates/@events/@event.44 //@expertTemplates/@events/@event.48 //@expertTemplates/@events/@event.49 //@expertTemplates/@events/@event.50 //@expertTemplates/@events/@event.51 //@expertTemplates/@events/@event.55 //@expertTemplates/@events/@event.57 //@expertTemplates/@events/@event.58 //@expertTemplates/@events/@event.61 //@expertTemplates/@events/@event.62 //@expertTemplates/@events/@event.63 //@expertTemplates/@events/@event.64 //@expertTemplates/@events/@event.65 //@expertTemplates/@events/@event.66 //@expertTemplates/@events/@event.67 //@expertTemplates/@events/@event.68 //@expertTemplates/@events/@event.69 //@expertTemplates/@events/@event.70 //@expertTemplates/@events/@event.72 //@expertTemplates/@events/@event.73 //@expertTemplates/@events/@event.74 //@expertTemplates/@events/@event.75 //@expertTemplates/@events/@event.47" reconcilable="true" alwaysTrue="true">
        <keywords>UTILITY</keywords>
        <arguments xsi:type="EM:ReferentialArgument" name="DEBUG_STATUS" dataType="CHARACTER" controlType="REFERENTIAL" validationType="READ_ONLY" required="true" reconcileScript="N/A" keyFieldIndex="2">
          <statements dependency="DEBUG_STATUS" statement="select debug_status = if (d.seq =  1) &quot;On for subsequent Evoke Templates&quot;&#xD;&#xA; elseif (d.seq = 2) &quot;Off for subsequent Evoke Templates&quot;&#xD;&#xA; elseif (d.seq = 3) &quot;On for all Logic Templates&quot;&#xD;&#xA; elseif (d.seq = 4) &quot;On for all Action Templates&quot;&#xD;&#xA; elseif (d.seq = 5) &quot;On for all Logic and Action Templates&quot;&#xD;&#xA; elseif (d.seq = 6) &quot;To FullAudit for this module only&quot;&#xD;&#xA;ENDIF,&#xD;&#xA;_hidden = if (d.seq = 1) 1&#xD;&#xA; elseif (d.seq=2) 0&#xD;&#xA; elseif (d.seq=3) 2&#xD;&#xA; elseif (d.seq=4) 3&#xD;&#xA; elseif (d.seq=5) 4&#xD;&#xA; elseif (d.seq=6) 5&#xD;&#xA;endif&#xD;&#xA;&#xD;&#xA;FROM (DUMMYT D WITH SEQ = VALUE(6))"/>
        </arguments>
      </templateDefinitions>
      <templateDefinitions xsi:type="EM:ExpertTemplate" name="EKS_EXPERT_TRIGGER_E" definition="the Expert trigger is listed in TRIGGER." description="Trigger" eventDependency="//@expertTemplates/@events/@event.8 //@expertTemplates/@events/@event.23 //@expertTemplates/@events/@event.42" reconcilable="true">
        <keywords>EXPERTEVENT</keywords>
        <arguments xsi:type="EM:ReferentialArgument" name="TRIGGER" dataType="CHARACTER" controlType="LISTBOX" validationType="REFERENTIAL" required="true" reconcileScript="N/A">
          <statements dependency="TRIGGER" statement="select trigger_name=&quot;Double click in lower box to enter trigger name(s)&quot; from (dummyt d with seq = 1)"/>
        </arguments>
      </templateDefinitions>
    </evokeTemplates>
    <logicTemplates>
      <templateDefinitions xsi:type="EM:ExpertTemplate" name="EKS_LOGIC_TRUE" definition="LOGIC is true" description="Always true" eventDependency="//@expertTemplates/@events/@event.1 //@expertTemplates/@events/@event.2 //@expertTemplates/@events/@event.3 //@expertTemplates/@events/@event.8 //@expertTemplates/@events/@event.9 //@expertTemplates/@events/@event.10 //@expertTemplates/@events/@event.11 //@expertTemplates/@events/@event.13 //@expertTemplates/@events/@event.16 //@expertTemplates/@events/@event.23 //@expertTemplates/@events/@event.24 //@expertTemplates/@events/@event.36 //@expertTemplates/@events/@event.38 //@expertTemplates/@events/@event.39 //@expertTemplates/@events/@event.41 //@expertTemplates/@events/@event.42 //@expertTemplates/@events/@event.49 //@expertTemplates/@events/@event.50 //@expertTemplates/@events/@event.51 //@expertTemplates/@events/@event.55 //@expertTemplates/@events/@event.57 //@expertTemplates/@events/@event.58 //@expertTemplates/@events/@event.60 //@expertTemplates/@events/@event.61 //@expertTemplates/@events/@event.72 //@expertTemplates/@events/@event.73 //@expertTemplates/@events/@event.74 //@expertTemplates/@events/@event.75" reconcilable="true" alwaysTrue="true">
        <keywords>UTILITY</keywords>
        <arguments name="LOGIC" dataType="CHARACTER" reconcileScript="N/A">
          <defaultValue xsi:type="EM:StringValue" value="@quot;LOGIC@quot;"/>
        </arguments>
      </templateDefinitions>
      <templateDefinitions xsi:type="EM:ExpertTemplate" name="EKS_TIMER_SOURCE_L" definition="The incoming timer request contains source TIMER_SOURCE and name OPT_TIMER_NAME." description="Source, name" eventDependency="//@expertTemplates/@events/@event.23 //@expertTemplates/@events/@event.42">
        <keywords>TIMERS</keywords>
        <arguments xsi:type="EM:ReferentialArgument" name="TIMER_SOURCE" dataType="CHARACTER" controlType="LISTBOX" validationType="READ_ONLY" required="true">
          <statements dependency="TIMER_SOURCE" statement="execute eks_esc_source_refhelp go"/>
        </arguments>
        <arguments name="OPT_TIMER_NAME" dataType="CHARACTER" validationType="MAX_LENGTH"/>
      </templateDefinitions>
    </logicTemplates>
    <actionTemplates>
      <templateDefinitions xsi:type="EM:ExpertTemplate" name="EKS_ADD_ONE_TIME_TASK_A" definition="Add a TASK_PRIORITY TASK_CLASS one time task of TASK_DESCRIPTION with task date/time equal to ANCHOR_DT offset by OPT_OFFSET_DAY days, OPT_OFFSET_HOUR hours and OPT_OFFSET_MIN minutes to encounter LINK." description="Add a TASK_PRIORITY TASK_CLASS one time task of TASK_DESCRIPTION with task date/time equal to ANCHOR_DT offset by OPT_OFFSET_DAY days, OPT_OFFSET_HOUR hours and OPT_OFFSET_MIN minutes to encounter LINK." eventDependency="//@expertTemplates/@events/@event.1 //@expertTemplates/@events/@event.2 //@expertTemplates/@events/@event.3 //@expertTemplates/@events/@event.8 //@expertTemplates/@events/@event.9 //@expertTemplates/@events/@event.10 //@expertTemplates/@events/@event.11 //@expertTemplates/@events/@event.13 //@expertTemplates/@events/@event.16 //@expertTemplates/@events/@event.23 //@expertTemplates/@events/@event.36 //@expertTemplates/@events/@event.38 //@expertTemplates/@events/@event.39 //@expertTemplates/@events/@event.41 //@expertTemplates/@events/@event.42 //@expertTemplates/@events/@event.51 //@expertTemplates/@events/@event.55 //@expertTemplates/@events/@event.56 //@expertTemplates/@events/@event.57 //@expertTemplates/@events/@event.61 //@expertTemplates/@events/@event.72 //@expertTemplates/@events/@event.73 //@expertTemplates/@events/@event.75" optimizable="true">
        <keywords>TASK</keywords>
        <arguments xsi:type="EM:FixedListArgument" name="TASK_PRIORITY" dataType="CHARACTER" validationType="READ_ONLY" required="true">
          <defaultValue xsi:type="EM:StringValue" value="Routine"/>
          <stringTable>
            <column value="Routine"/>
            <column value="Routine"/>
          </stringTable>
          <stringTable>
            <column value="Stat"/>
            <column value="Stat"/>
          </stringTable>
        </arguments>
        <arguments xsi:type="EM:ReferentialArgument" name="TASK_CLASS" dataType="CHARACTER" controlType="REFERENTIAL" validationType="READ_ONLY" required="true" optimizable="true" keyFieldIndex="2">
          <statements dependency="TASK_CLASS" statement="eks_codeset_cki_refhelp &quot;6025&quot;,&quot;CDF&quot;,&quot;&quot; go"/>
        </arguments>
        <arguments xsi:type="EM:ReferentialArgument" name="TASK_DESCRIPTION" dataType="CHARACTER" controlType="REFERENTIAL" validationType="READ_ONLY" required="true" keyFieldIndex="2">
          <statements dependency="TASK_DESCRIPTION" statement="EKS_ABC_REFHELP &quot;&quot; GO"/>
          <statements dependency="TASK_DESCRIPTION" statement="eks_t_task_refhelp PAR1 go"/>
        </arguments>
        <arguments xsi:type="EM:ReferentialArgument" name="ANCHOR_DT" dataType="CHARACTER" controlType="REFERENTIAL" validationType="REFERENTIAL" required="true">
          <defaultValue xsi:type="EM:StringValue" value="@CURDATETIME"/>
          <statements dependency="ANCHOR_DT" statement="execute eks_t_anchor_refhelp go"/>
        </arguments>
        <arguments name="OPT_OFFSET_DAY" dataType="CHARACTER"/>
        <arguments name="OPT_OFFSET_HOUR" dataType="CHARACTER"/>
        <arguments name="OPT_OFFSET_MIN" dataType="CHARACTER"/>
        <arguments name="LINK" dataType="LINK" controlType="TEMPLATE_REFERENCE" required="true"/>
      </templateDefinitions>
    </actionTemplates>
  </expertTemplates>
  <ruleDefinition>
    <evokeSection>
      <evokes evokeEvent="//@expertTemplates/@events/@event.23">
        <logicExpression xsi:type="EM:InfixExpression">
          <leftExpression xsi:type="EM:Antecedent" id="E1" template="EKS_DEBUGEKM_E">
            <facts argument="DEBUG_STATUS">
              <value xsi:type="EM:ListValue">
                <values xsi:type="EM:ListValue">
                  <values xsi:type="EM:CustomValue" hideDisplay="true">
                    <customValue xsi:type="EM:StringValue" value="5"/>
                  </values>
                  <values xsi:type="EM:StringValue" value="To FullAudit for this module only"/>
                </values>
              </value>
            </facts>
          </leftExpression>
          <rightExpression xsi:type="EM:Antecedent" id="E2" template="EKS_EXPERT_TRIGGER_E">
            <facts argument="TRIGGER">
              <value xsi:type="EM:ListValue">
                <values xsi:type="EM:ListValue">
                  <values xsi:type="EM:CustomValue" hideDisplay="true">
                    <customValue xsi:type="EM:StringValue" value=" "/>
                  </values>
                  <values xsi:type="EM:StringValue" value="EKS_RUN_ESCALATION"/>
                </values>
              </value>
            </facts>
          </rightExpression>
        </logicExpression>
      </evokes>
    </evokeSection>
    <logicSection>
      <logicExpression xsi:type="EM:InfixExpression">
        <leftExpression xsi:type="EM:Antecedent" id="L1" template="EKS_LOGIC_TRUE">
          <facts argument="LOGIC">
            <value xsi:type="EM:StringValue" value="@quot;LOGIC@quot;"/>
          </facts>
        </leftExpression>
        <rightExpression xsi:type="EM:Antecedent" id="L2" template="EKS_TIMER_SOURCE_L">
          <facts argument="TIMER_SOURCE">
            <value xsi:type="EM:ListValue">
              <values xsi:type="EM:ListValue">
                <values xsi:type="EM:CustomValue" hideDisplay="true">
                  <customValue xsi:type="EM:StringValue" value=" "/>
                </values>
                <values xsi:type="EM:StringValue" value="COV_RT_SKIN_TASK_24HR"/>
              </values>
            </value>
          </facts>
          <facts argument="OPT_TIMER_NAME">
            <value xsi:type="EM:StringValue" value="RT_Skin_Check"/>
          </facts>
        </rightExpression>
      </logicExpression>
    </logicSection>
    <actionSection>
      <action xsi:type="EM:ActionExpression">
        <logicExpression xsi:type="EM:Antecedent" id="A1" template="EKS_ADD_ONE_TIME_TASK_A">
          <facts argument="TASK_PRIORITY">
            <value xsi:type="EM:StringValue" value="Routine"/>
          </facts>
          <facts argument="TASK_CLASS">
            <value xsi:type="EM:ListValue">
              <values xsi:type="EM:ListValue">
                <values xsi:type="EM:CustomValue" hideDisplay="true">
                  <customValue xsi:type="EM:StringValue" value="CDF6025:SCH"/>
                </values>
                <values xsi:type="EM:StringValue" value="Scheduled"/>
              </values>
            </value>
          </facts>
          <facts argument="TASK_DESCRIPTION">
            <value xsi:type="EM:ListValue">
              <values xsi:type="EM:ListValue">
                <values xsi:type="EM:CustomValue" hideDisplay="true">
                  <customValue xsi:type="EM:StringValue" value="2560318927.0|3224557.0|CHART RESULT"/>
                </values>
                <values xsi:type="EM:StringValue" value="RT to Read Skin Test"/>
              </values>
            </value>
          </facts>
          <facts argument="ANCHOR_DT">
            <value xsi:type="EM:StringValue" value="@CURDATETIME"/>
          </facts>
          <facts argument="OPT_OFFSET_DAY">
            <value xsi:type="EM:StringValue"/>
          </facts>
          <facts argument="OPT_OFFSET_HOUR">
            <value xsi:type="EM:StringValue" value="24"/>
          </facts>
          <facts argument="OPT_OFFSET_MIN">
            <value xsi:type="EM:StringValue"/>
          </facts>
          <facts argument="LINK">
            <value xsi:type="EM:AntecedentReference" antecedent="//@ruleDefinition/@logicSection/@logicExpression/@rightExpression"/>
          </facts>
        </logicExpression>
      </action>
    </actionSection>
  </ruleDefinition>
</EM:ExpertModule>
