<?xml version="1.0" encoding="ASCII"?>
<EM:ExpertModule xmi:version="2.0" xmlns:xmi="http://www.omg.org/XMI" xmlns:xsi="http://www.w3.org/2001/XMLSchema-instance" xmlns:EM="http:///com.cerner.expert/expertmodule/1.0.0" moduleName="COV_BH_SUICIDE_PRECA_ORDR">
  <information>
    <runtimeInformation versionString="001.004" externalFileName="COV_BH_SUICIDE_PRECA_ORDR" lastUpdated="2020-05-04T13:53:44.000-0400" validtionType="PRODUCTION" title="COV_BH_SUICIDE_PRECA_ORDR" reconcileFlag="1" reconcileDate="2020-05-04T13:53:44.000-0400">
      <duration start="2020-04-22T00:00:00.000-0400" end="2100-04-22T23:59:59.000-0400"/>
      <updateUser userName="PARAMASIVAM, GEETHA"/>
    </runtimeInformation>
    <documentation author="gsaravan" institution="COVENANT HEALTH" specialist="MICHELLE,WARD" purpose="We need a rule to place the BH Precaution Suicide order based on documentation of a High or Moderate risk." explanation="Rule to place the &quot;BH Precaution Suicide order&quot; based on signed documentation of the DTA &#x201c;Assessed Risk&#x201d; with the value being High or Moderate."/>
  </information>
  <expertTemplates>
    <events>
      <event name=""/>
      <event name="ADDPROBLEM"/>
      <event name="ADDTOSCRATCHPAD"/>
      <event name="ALLERGY_EVENT"/>
      <event name="AP_ORDER_EVENT"/>
      <event name="BB_RESULT_EVENT"/>
      <event name="CBTFLEXORDERS"/>
      <event name="CHART_SERVER_EVENT"/>
      <event name="CLINICALTRIALSCREEN"/>
      <event name="CLINICAL_EVENT"/>
      <event name="CLOSECHART"/>
      <event name="COLLECTION_EVENT"/>
      <event name="DCP_CN_TASK_UPD"/>
      <event name="DCP_MODTASK_EVENT"/>
      <event name="DCP_PW_COND"/>
      <event name="DCP_PW_OUTCOME_EVENT"/>
      <event name="DIAGNOSIS_EVENT"/>
      <event name="EKS_FORMAT"/>
      <event name="EKS_SYNC_TEST01"/>
      <event name="EKS_TEST_02"/>
      <event name="EKS_TEST_EVENT"/>
      <event name="EKS_TEST_EVENT01"/>
      <event name="ENSURE_EVENT"/>
      <event name="EXPERT_EVENT"/>
      <event name="HEALTHE_EVENT"/>
      <event name="HEALTH_MAINT_QUAL_EVENT"/>
      <event name="HIM_ADD_REQUEST"/>
      <event name="HIM_ADMIT_EVENT"/>
      <event name="HIM_PATIENT_INFO_REQUEST"/>
      <event name="HIM_TEST_EVENT"/>
      <event name="HL7_EVENT"/>
      <event name="MB_EXPEDITE"/>
      <event name="MB_RESULT_EVENT"/>
      <event name="MB_SCRIPTED_WORKUPS"/>
      <event name="MB_SUSCEPTIBILITY"/>
      <event name="MDI_RESULT_EVENT"/>
      <event name="MEDCHARTACTIVATE"/>
      <event name="MPI_ADT"/>
      <event name="OPENCHART"/>
      <event name="ORDER_EVENT"/>
      <event name="ORDER_PRO_TEST1"/>
      <event name="PATIENT_EVENT"/>
      <event name="PCA_EXPERT_EVENT"/>
      <event name="Person_Transaction"/>
      <event name="PFT_Add_Account"/>
      <event name="PFT_ADJ_WO"/>
      <event name="PFT_CHARGE_EVENT"/>
      <event name="pft_check_amount"/>
      <event name="PFT_VEHICLE"/>
      <event name="PNTFLEXREFRANGE"/>
      <event name="POWERPLANFLEX"/>
      <event name="PROBLEM_EVENT"/>
      <event name="PROFIT_1450_CLAIM_EVENT"/>
      <event name="PROFIT_1500_CLAIM_EVENT"/>
      <event name="PROVIDER_CHG_EVENT"/>
      <event name="PROVIDE_EVENT"/>
      <event name="PWRCHRT_ADD_ORDER"/>
      <event name="RESULT_EVENT"/>
      <event name="RESULT_EVENT_CSM"/>
      <event name="RESULT_EVENT_TEST"/>
      <event name="SCH_ACTION_EVENT"/>
      <event name="SIGNORDER"/>
      <event name="SN New Pref Card Created"/>
      <event name="SN_CASE_CHECK_IN_EVENT"/>
      <event name="SN_CASE_EVENT"/>
      <event name="SN_CASE_SCHEDULE_EVENT"/>
      <event name="SN_DOCUMENT_OPEN"/>
      <event name="SN_DOCUMENT_STATE"/>
      <event name="SN_FINALIZE_DOC_EVENT"/>
      <event name="SN_PROCEDURE_SCHEDULE"/>
      <event name="SN_SAVE_PROCEDURE"/>
      <event name="SN_TEST_EVENT"/>
      <event name="SOCIAL_HISTORY_ADD"/>
      <event name="SYNCHEVENT"/>
      <event name="TOCFLEX"/>
      <event name="TOUCHOPENCHART"/>
    </events>
    <evokeTemplates>
      <templateDefinitions xsi:type="EM:ExpertTemplate" name="EKS_CE_RESULT_EVAL_E" definition="the triggering request contains a STATUS result for EVENT_SET_NAME that is EVALUATION VALUE1 and OPT_VALUE2" description="Numeric results" eventDependency="//@expertTemplates/@events/@event.9" optimizable="true" reconcilable="true">
        <keywords>CLINICALEVENT</keywords>
        <arguments xsi:type="EM:ReferentialArgument" name="STATUS" dataType="CHARACTER" controlType="LISTBOX" validationType="READ_ONLY" required="true" optimizable="true" reconcileScript="eks_p_codeset_cki_refhelp  &quot;8&quot;,&quot;CKI&quot;,&quot;*ANY_STATUS&quot;" keyFieldIndex="2">
          <statements dependency="STATUS" statement="eks_codeset_cki_refhelp &quot;8&quot;,&quot;CKI&quot;,&quot;*ANY_STATUS&quot; go&#xD;&#xA;/*&#xD;&#xA;select distinct&#xD;&#xA;    Result_Status = if (t.seq = 1) &#xD;&#xA;              cv.description &#xD;&#xA;           else &#xD;&#xA;              &quot;*ANY_STATUS&quot;&#xD;&#xA;           endif,&#xD;&#xA; _hidden = if (t.seq = 1) &#xD;&#xA;              cv.code_value &#xD;&#xA;           else&#xD;&#xA;              0.0&#xD;&#xA;           endif&#xD;&#xA;from code_value cv, (dummyt t with seq=2)&#xD;&#xA;plan cv where cv.code_set = 8 and cv.active_ind = 1 and cv.cdf_meaning > &quot; &quot;&#xD;&#xA;join t&#xD;&#xA;order Result_Status&#xD;&#xA;*/"/>
        </arguments>
        <arguments xsi:type="EM:ReferentialArgument" name="EVENT_SET_NAME" dataType="CHARACTER" controlType="LISTBOX" validationType="READ_ONLY" required="true" optimizable="true" reconcileScript="eks_p_event_set_name" keyFieldIndex="2">
          <statements dependency="EVENT_SET_NAME" statement="EKS_ABC_REFHELP &quot;ANY&quot; GO"/>
          <statements dependency="EVENT_SET_NAME" statement="eks_event_set_name_refhelp PAR1, &quot;EVENT_SET&quot; go&#xD;&#xA;&#xD;&#xA;/* SELECT&#xD;&#xA;IF (PAR1=&quot;*ANY&quot;)&#xD;&#xA;   EVENT_SET_NAME=&quot;*ANY_EVENT_SET_NAME&quot;&#xD;&#xA; ELSEIF (PAR1=&quot;ALL&quot;)&#xD;&#xA;    EVENT_SET_NAME = V.EVENT_SET_NAME&#xD;&#xA;  FROM V500_EVENT_SET_CODE V&#xD;&#xA;  ORDER cnvtupper(V.EVENT_SET_NAME)&#xD;&#xA; ELSEIF (PAR1 != &quot;OTHER&quot;) &#xD;&#xA;    EVENT_SET_NAME = V.EVENT_SET_NAME&#xD;&#xA;  FROM V500_EVENT_SET_CODE V&#xD;&#xA;  WHERE CNVTUPPER(V.EVENT_SET_NAME) =PATSTRING(CONCAT(cnvtupper(PAR1),&quot;*&quot;))    &#xD;&#xA;  ORDER cnvtupper(V.EVENT_SET_NAME)&#xD;&#xA; ELSE&#xD;&#xA;  EVENT_SET_NAME= V.EVENT_SET_NAME&#xD;&#xA;  FROM V500_EVENT_SET_CODE V&#xD;&#xA;  WHERE CNVTUPPER(substring(1,1,V.EVENT_SET_NAME)) NOT BETWEEN &quot;0&quot; AND &quot;Z&quot;&#xD;&#xA;  ORDER cnvtupper(V.EVENT_SET_NAME)    &#xD;&#xA; ENDIF */"/>
        </arguments>
        <arguments xsi:type="EM:FixedListArgument" name="EVALUATION" dataType="CHARACTER" validationType="READ_ONLY" required="true" reconcileScript="N/A">
          <stringTable>
            <column value="EQUAL TO"/>
            <column value="alpha or numeric"/>
          </stringTable>
          <stringTable>
            <column value="NOT EQUAL TO"/>
            <column value="alpha or numeric"/>
          </stringTable>
          <stringTable>
            <column value="LESS THAN"/>
            <column value="numeric only"/>
          </stringTable>
          <stringTable>
            <column value="LESS THAN OR EQUAL TO"/>
            <column value="numeric only"/>
          </stringTable>
          <stringTable>
            <column value="GREATER THAN"/>
            <column value="numeric only"/>
          </stringTable>
          <stringTable>
            <column value="GREATER THAN OR EQUAL TO"/>
            <column value="numeric only"/>
          </stringTable>
          <stringTable>
            <column value="BETWEEN"/>
            <column value="numeric only"/>
          </stringTable>
          <stringTable>
            <column value="OUTSIDE"/>
            <column value="numeric only"/>
          </stringTable>
        </arguments>
        <arguments name="VALUE1" dataType="CHARACTER" required="true" reconcileScript="N/A"/>
        <arguments name="OPT_VALUE2" dataType="CHARACTER" reconcileScript="N/A"/>
      </templateDefinitions>
      <templateDefinitions xsi:type="EM:ExpertTemplate" name="EKS_DEBUGEKM_E" definition="Turn debug messaging DEBUG_STATUS" description="Turn debug messaging on or off" eventDependency="//@expertTemplates/@events/@event.1 //@expertTemplates/@events/@event.2 //@expertTemplates/@events/@event.3 //@expertTemplates/@events/@event.4 //@expertTemplates/@events/@event.5 //@expertTemplates/@events/@event.8 //@expertTemplates/@events/@event.9 //@expertTemplates/@events/@event.10 //@expertTemplates/@events/@event.11 //@expertTemplates/@events/@event.13 //@expertTemplates/@events/@event.16 //@expertTemplates/@events/@event.23 //@expertTemplates/@events/@event.26 //@expertTemplates/@events/@event.27 //@expertTemplates/@events/@event.28 //@expertTemplates/@events/@event.31 //@expertTemplates/@events/@event.32 //@expertTemplates/@events/@event.33 //@expertTemplates/@events/@event.34 //@expertTemplates/@events/@event.36 //@expertTemplates/@events/@event.38 //@expertTemplates/@events/@event.39 //@expertTemplates/@events/@event.41 //@expertTemplates/@events/@event.42 //@expertTemplates/@events/@event.45 //@expertTemplates/@events/@event.44 //@expertTemplates/@events/@event.48 //@expertTemplates/@events/@event.49 //@expertTemplates/@events/@event.50 //@expertTemplates/@events/@event.51 //@expertTemplates/@events/@event.55 //@expertTemplates/@events/@event.57 //@expertTemplates/@events/@event.58 //@expertTemplates/@events/@event.61 //@expertTemplates/@events/@event.62 //@expertTemplates/@events/@event.63 //@expertTemplates/@events/@event.64 //@expertTemplates/@events/@event.65 //@expertTemplates/@events/@event.66 //@expertTemplates/@events/@event.67 //@expertTemplates/@events/@event.68 //@expertTemplates/@events/@event.69 //@expertTemplates/@events/@event.70 //@expertTemplates/@events/@event.72 //@expertTemplates/@events/@event.73 //@expertTemplates/@events/@event.74 //@expertTemplates/@events/@event.75 //@expertTemplates/@events/@event.47" reconcilable="true" alwaysTrue="true">
        <keywords>UTILITY</keywords>
        <arguments xsi:type="EM:ReferentialArgument" name="DEBUG_STATUS" dataType="CHARACTER" controlType="REFERENTIAL" validationType="READ_ONLY" required="true" reconcileScript="N/A" keyFieldIndex="2">
          <statements dependency="DEBUG_STATUS" statement="select debug_status = if (d.seq =  1) &quot;On for subsequent Evoke Templates&quot;&#xD;&#xA; elseif (d.seq = 2) &quot;Off for subsequent Evoke Templates&quot;&#xD;&#xA; elseif (d.seq = 3) &quot;On for all Logic Templates&quot;&#xD;&#xA; elseif (d.seq = 4) &quot;On for all Action Templates&quot;&#xD;&#xA; elseif (d.seq = 5) &quot;On for all Logic and Action Templates&quot;&#xD;&#xA; elseif (d.seq = 6) &quot;To FullAudit for this module only&quot;&#xD;&#xA; elseif (d.seq = 7) &quot;Additional EKSDATA logging&quot;&#xD;&#xA;ENDIF,&#xD;&#xA;_hidden = if (d.seq = 1) 1&#xD;&#xA; elseif (d.seq=2) 0&#xD;&#xA; elseif (d.seq=3) 2&#xD;&#xA; elseif (d.seq=4) 3&#xD;&#xA; elseif (d.seq=5) 4&#xD;&#xA; elseif (d.seq=6) 5&#xD;&#xA; elseif (d.seq=7) 6&#xD;&#xA;endif&#xD;&#xA;&#xD;&#xA;FROM (DUMMYT D WITH SEQ = VALUE(7))"/>
        </arguments>
      </templateDefinitions>
    </evokeTemplates>
    <logicTemplates>
      <templateDefinitions xsi:type="EM:ExpertTemplate" name="EKS_STOP_LOGIC_L" definition="the following templates are false, MODE logic evaluation" description="Used to control efficiency of Action Group rules" eventDependency="//@expertTemplates/@events/@event.1 //@expertTemplates/@events/@event.2 //@expertTemplates/@events/@event.3 //@expertTemplates/@events/@event.5 //@expertTemplates/@events/@event.8 //@expertTemplates/@events/@event.9 //@expertTemplates/@events/@event.10 //@expertTemplates/@events/@event.11 //@expertTemplates/@events/@event.13 //@expertTemplates/@events/@event.16 //@expertTemplates/@events/@event.23 //@expertTemplates/@events/@event.32 //@expertTemplates/@events/@event.36 //@expertTemplates/@events/@event.38 //@expertTemplates/@events/@event.39 //@expertTemplates/@events/@event.41 //@expertTemplates/@events/@event.42 //@expertTemplates/@events/@event.49 //@expertTemplates/@events/@event.50 //@expertTemplates/@events/@event.51 //@expertTemplates/@events/@event.55 //@expertTemplates/@events/@event.57 //@expertTemplates/@events/@event.58 //@expertTemplates/@events/@event.61 //@expertTemplates/@events/@event.72 //@expertTemplates/@events/@event.73 //@expertTemplates/@events/@event.74 //@expertTemplates/@events/@event.75" reconcilable="true" alwaysTrue="true">
        <keywords>UTILITY</keywords>
        <arguments xsi:type="EM:FixedListArgument" name="MODE" dataType="CHARACTER" validationType="READ_ONLY" reconcileScript="N/A">
          <defaultValue xsi:type="EM:StringValue" value="STOP"/>
          <stringTable>
            <column value="STOP"/>
            <column value=" "/>
          </stringTable>
          <stringTable>
            <column value="CONTINUE"/>
            <column value=" "/>
          </stringTable>
        </arguments>
      </templateDefinitions>
      <templateDefinitions xsi:type="EM:ExpertTemplate" name="EKS_LOGIC_TRUE" definition="LOGIC is true" description="Always true" eventDependency="//@expertTemplates/@events/@event.1 //@expertTemplates/@events/@event.2 //@expertTemplates/@events/@event.3 //@expertTemplates/@events/@event.8 //@expertTemplates/@events/@event.9 //@expertTemplates/@events/@event.10 //@expertTemplates/@events/@event.11 //@expertTemplates/@events/@event.13 //@expertTemplates/@events/@event.16 //@expertTemplates/@events/@event.23 //@expertTemplates/@events/@event.24 //@expertTemplates/@events/@event.36 //@expertTemplates/@events/@event.38 //@expertTemplates/@events/@event.39 //@expertTemplates/@events/@event.41 //@expertTemplates/@events/@event.42 //@expertTemplates/@events/@event.49 //@expertTemplates/@events/@event.50 //@expertTemplates/@events/@event.51 //@expertTemplates/@events/@event.55 //@expertTemplates/@events/@event.57 //@expertTemplates/@events/@event.58 //@expertTemplates/@events/@event.60 //@expertTemplates/@events/@event.61 //@expertTemplates/@events/@event.72 //@expertTemplates/@events/@event.73 //@expertTemplates/@events/@event.74 //@expertTemplates/@events/@event.75" reconcilable="true" alwaysTrue="true">
        <keywords>UTILITY</keywords>
        <arguments name="LOGIC" dataType="CHARACTER" reconcileScript="N/A">
          <defaultValue xsi:type="EM:StringValue" value="@quot;LOGIC@quot;"/>
        </arguments>
      </templateDefinitions>
      <templateDefinitions xsi:type="EM:ExpertTemplate" name="EKS_ENCOUNTER_DETAIL_L" definition="the patient's ENC_DETAIL QUAL DETAIL_VALUE for the same encounter as OPT_LINK" description="Encounter attributes" eventDependency="//@expertTemplates/@events/@event.1 //@expertTemplates/@events/@event.2 //@expertTemplates/@events/@event.3 //@expertTemplates/@events/@event.4 //@expertTemplates/@events/@event.8 //@expertTemplates/@events/@event.9 //@expertTemplates/@events/@event.10 //@expertTemplates/@events/@event.11 //@expertTemplates/@events/@event.13 //@expertTemplates/@events/@event.16 //@expertTemplates/@events/@event.23 //@expertTemplates/@events/@event.34 //@expertTemplates/@events/@event.36 //@expertTemplates/@events/@event.38 //@expertTemplates/@events/@event.39 //@expertTemplates/@events/@event.41 //@expertTemplates/@events/@event.42 //@expertTemplates/@events/@event.49 //@expertTemplates/@events/@event.50 //@expertTemplates/@events/@event.51 //@expertTemplates/@events/@event.55 //@expertTemplates/@events/@event.57 //@expertTemplates/@events/@event.61 //@expertTemplates/@events/@event.72 //@expertTemplates/@events/@event.73 //@expertTemplates/@events/@event.74 //@expertTemplates/@events/@event.75" optimizable="true" reconcilable="true">
        <keywords>ENCOUNTER</keywords>
        <arguments xsi:type="EM:ReferentialArgument" name="ENC_DETAIL" dataType="CHARACTER" controlType="REFERENTIAL" validationType="READ_ONLY" required="true" reconcileScript="N/A" keyFieldIndex="2">
          <statements dependency="ENC_DETAIL" statement="execute EKS_T_ENC_DETAIL_REFHELP &quot;HELP&quot; go"/>
        </arguments>
        <arguments xsi:type="EM:ReferentialArgument" name="QUAL" dataType="CHARACTER" controlType="REFERENTIAL" validationType="READ_ONLY" required="true" dependency="ENC_DETAIL" reconcileScript="N/A" keyFieldIndex="2">
          <statements dependency="QUAL" statement="execute EKS_T_ENC_DETAIL_REFHELP concat(&quot;QUAL&quot;, PAR1) go"/>
        </arguments>
        <arguments xsi:type="EM:ReferentialArgument" name="DETAIL_VALUE" dataType="CHARACTER" controlType="LISTBOX" validationType="READ_ONLY" required="true" dependency="ENC_DETAIL" optimizable="true" reconcileScript="eks_p_encDetail" keyFieldIndex="2">
          <statements dependency="DETAIL_VALUE" statement="execute EKS_T_ENC_DETAIL_REFHELP concat(&quot;VALUE&quot;, PAR1) go"/>
        </arguments>
        <arguments name="OPT_LINK" dataType="LINK" controlType="TEMPLATE_REFERENCE" reconcileScript="N/A"/>
      </templateDefinitions>
      <templateDefinitions xsi:type="EM:ExpertTemplate" name="EKS_ENCOUNTER_LOC_DETAIL_L" definition="the patient's ENC_DETAIL that QUAL in DETAIL_VALUE for the same encounter as OPT_LINK" description="Encounter location attributes" eventDependency="//@expertTemplates/@events/@event.1 //@expertTemplates/@events/@event.2 //@expertTemplates/@events/@event.3 //@expertTemplates/@events/@event.4 //@expertTemplates/@events/@event.5 //@expertTemplates/@events/@event.8 //@expertTemplates/@events/@event.9 //@expertTemplates/@events/@event.10 //@expertTemplates/@events/@event.11 //@expertTemplates/@events/@event.13 //@expertTemplates/@events/@event.16 //@expertTemplates/@events/@event.23 //@expertTemplates/@events/@event.32 //@expertTemplates/@events/@event.34 //@expertTemplates/@events/@event.36 //@expertTemplates/@events/@event.38 //@expertTemplates/@events/@event.39 //@expertTemplates/@events/@event.41 //@expertTemplates/@events/@event.42 //@expertTemplates/@events/@event.49 //@expertTemplates/@events/@event.50 //@expertTemplates/@events/@event.51 //@expertTemplates/@events/@event.55 //@expertTemplates/@events/@event.57 //@expertTemplates/@events/@event.60 //@expertTemplates/@events/@event.61 //@expertTemplates/@events/@event.72 //@expertTemplates/@events/@event.73 //@expertTemplates/@events/@event.74 //@expertTemplates/@events/@event.75" reconcilable="true">
        <keywords>ENCOUNTER</keywords>
        <arguments xsi:type="EM:ReferentialArgument" name="ENC_DETAIL" dataType="CHARACTER" controlType="REFERENTIAL" validationType="READ_ONLY" required="true" reconcileScript="N/A" keyFieldIndex="2">
          <statements dependency="ENC_DETAIL" statement="execute EKS_T_ENC_DETAIL_REFHELP &quot;LOC&quot; go"/>
        </arguments>
        <arguments xsi:type="EM:ReferentialArgument" name="QUAL" dataType="CHARACTER" controlType="REFERENTIAL" validationType="READ_ONLY" required="true" dependency="ENC_DETAIL" reconcileScript="N/A" keyFieldIndex="2">
          <statements dependency="QUAL" statement="execute EKS_T_ENC_DETAIL_REFHELP concat(&quot;QUAL&quot;, PAR1) go"/>
        </arguments>
        <arguments xsi:type="EM:ReferentialArgument" name="DETAIL_VALUE" dataType="CHARACTER" controlType="LISTBOX" validationType="READ_ONLY" required="true" dependency="ENC_DETAIL" reconcileScript="eks_p_encDetail" keyFieldIndex="2">
          <statements dependency="DETAIL_VALUE" statement="execute EKS_T_DB_LOCATION_REFHELP &quot;0&quot; go"/>
          <statements dependency="DETAIL_VALUE" statement="execute EKS_T_DB_LOCATION_REFHELP ConCat(PAR1, &quot;^2&quot;) go"/>
          <statements dependency="DETAIL_VALUE" statement="execute EKS_T_DB_LOCATION_REFHELP ConCat(PAR1, &quot;^3&quot;) go"/>
          <statements dependency="DETAIL_VALUE" statement="execute EKS_T_DB_LOCATION_REFHELP ConCat(PAR1, &quot;^4&quot;) go"/>
          <statements dependency="DETAIL_VALUE" statement="execute EKS_T_DB_LOCATION_REFHELP ConCat(PAR1, &quot;^5&quot;) go"/>
        </arguments>
        <arguments name="OPT_LINK" dataType="LINK" controlType="TEMPLATE_REFERENCE" reconcileScript="N/A"/>
      </templateDefinitions>
      <templateDefinitions xsi:type="EM:ExpertTemplate" name="EKS_CE_RESULTA_INCOMING_REQ_L" definition="the triggering request contains a STATUS result for EVENT_SET_NAME that is EVALUATION VALUE1" description="Incoming alpha result value, status" eventDependency="//@expertTemplates/@events/@event.9" optimizable="true" reconcilable="true">
        <keywords>CLINICALEVENT</keywords>
        <arguments xsi:type="EM:ReferentialArgument" name="STATUS" dataType="CHARACTER" controlType="LISTBOX" validationType="READ_ONLY" required="true" optimizable="true" reconcileScript="eks_p_codeset_cki_refhelp &quot;8&quot;,&quot;CKI&quot;,&quot;*ANY_STATUS&quot;" keyFieldIndex="2">
          <statements dependency="STATUS" statement="eks_codeset_cki_refhelp &quot;8&quot;,&quot;CKI&quot;,&quot;*ANY_STATUS&quot; go"/>
        </arguments>
        <arguments xsi:type="EM:ReferentialArgument" name="EVENT_SET_NAME" dataType="CHARACTER" controlType="LISTBOX" validationType="READ_ONLY" required="true" optimizable="true" reconcileScript="eks_p_event_set_name" keyFieldIndex="2">
          <statements dependency="EVENT_SET_NAME" statement="EKS_ABC_REFHELP &quot;ANY&quot; GO"/>
          <statements dependency="EVENT_SET_NAME" statement="eks_event_set_name_refhelp PAR1, &quot;EVENT_SET&quot; go"/>
        </arguments>
        <arguments xsi:type="EM:FixedListArgument" name="EVALUATION" dataType="CHARACTER" validationType="READ_ONLY" required="true" reconcileScript="N/A">
          <stringTable>
            <column value="equal to"/>
            <column value="alpha"/>
          </stringTable>
          <stringTable>
            <column value="not equal to"/>
            <column value="alpha"/>
          </stringTable>
        </arguments>
        <arguments xsi:type="EM:ReferentialArgument" name="VALUE1" dataType="CHARACTER" controlType="LISTBOX" validationType="READ_ONLY" required="true" reconcileScript="N/A">
          <statements dependency="VALUE1" statement="EKS_ABC_REFHELP &quot; &quot; GO"/>
          <statements dependency="VALUE1" statement="SELECT&#xD;&#xA; IF (PAR1=&quot;ALL&quot;)&#xD;&#xA;  from nomenclature n,code_value cv&#xD;&#xA;  plan cv where cv.code_set=401 and cv.cdf_meaning =&quot;ALPHA RESPON&quot;&#xD;&#xA;  join n where n.active_ind=1 and n.principle_type_cd=cv.code_value&#xD;&#xA;   and n.beg_effective_dt_tm &lt;= cnvtdatetime(curdate, curtime3)&#xD;&#xA;   and n.end_effective_dt_tm >= cnvtdatetime(curdate, curtime3)&#xD;&#xA;   and n.source_string != &quot; &quot;&#xD;&#xA; ELSEIF (PAR1 != &quot;OTHER&quot;) &#xD;&#xA;  from nomenclature n,code_value cv&#xD;&#xA;  plan cv where cv.code_set=401 and cv.cdf_meaning =&quot;ALPHA RESPON&quot;&#xD;&#xA;  join n where n.active_ind=1 and n.principle_type_cd=cv.code_value&#xD;&#xA;   and n.beg_effective_dt_tm &lt;= cnvtdatetime(curdate, curtime3)&#xD;&#xA;   and n.end_effective_dt_tm >= cnvtdatetime(curdate, curtime3)&#xD;&#xA;   and n.source_string != &quot; &quot;&#xD;&#xA;   and CNVTUPPER(n.source_string)=PATSTRING(CONCAT(cnvtupper(PAR1),&quot;*&quot;))    &#xD;&#xA; ELSE&#xD;&#xA;  from nomenclature n,code_value cv&#xD;&#xA;  plan cv where cv.code_set=401 and cv.cdf_meaning =&quot;ALPHA RESPON&quot;&#xD;&#xA;  join n where n.active_ind=1 and n.principle_type_cd=cv.code_value&#xD;&#xA;   and n.beg_effective_dt_tm &lt;= cnvtdatetime(curdate, curtime3)&#xD;&#xA;   and n.end_effective_dt_tm >= cnvtdatetime(curdate, curtime3)&#xD;&#xA;   and n.source_string != &quot; &quot;&#xD;&#xA;   and  CNVTUPPER(substring(1,1,n.source_string)) NOT BETWEEN &quot;0&quot; AND &quot;Z&quot;&#xD;&#xA; ENDIF&#xD;&#xA;STRING = n.source_string&#xD;&#xA;ORDER cnvtupper(n.source_string)"/>
        </arguments>
      </templateDefinitions>
      <templateDefinitions xsi:type="EM:ExpertTemplate" name="EKS_ORDERS_FIND_L" definition="orders exist ORD_METHOD OPT_ORDERS with order status of OPT_ORDER_STATUS on OPT_SCOPE OPT_LINK whose date criteria is OPT_QUAL OPT_TIME_NUM OPT_TIME_UNIT from the anchor OPT_ANCHOR_DT_TM." description="Orderable, status, attributes" recommeded="CAUTION" eventDependency="//@expertTemplates/@events/@event.1 //@expertTemplates/@events/@event.2 //@expertTemplates/@events/@event.3 //@expertTemplates/@events/@event.4 //@expertTemplates/@events/@event.5 //@expertTemplates/@events/@event.8 //@expertTemplates/@events/@event.9 //@expertTemplates/@events/@event.10 //@expertTemplates/@events/@event.11 //@expertTemplates/@events/@event.13 //@expertTemplates/@events/@event.16 //@expertTemplates/@events/@event.23 //@expertTemplates/@events/@event.36 //@expertTemplates/@events/@event.38 //@expertTemplates/@events/@event.39 //@expertTemplates/@events/@event.41 //@expertTemplates/@events/@event.42 //@expertTemplates/@events/@event.49 //@expertTemplates/@events/@event.50 //@expertTemplates/@events/@event.51 //@expertTemplates/@events/@event.55 //@expertTemplates/@events/@event.57 //@expertTemplates/@events/@event.61 //@expertTemplates/@events/@event.72 //@expertTemplates/@events/@event.73 //@expertTemplates/@events/@event.74 //@expertTemplates/@events/@event.75" optimizable="true" reconcilable="true">
        <keywords>ORDER</keywords>
        <arguments xsi:type="EM:ReferentialArgument" name="ORD_METHOD" dataType="CHARACTER" controlType="REFERENTIAL" validationType="READ_ONLY" required="true" reconcileScript="N/A">
          <statements dependency="ORD_METHOD" statement="execute eks_t_db_ref_help &quot;HELPNEWORDMETHOD^&quot; go"/>
        </arguments>
        <arguments xsi:type="EM:ReferentialArgument" name="OPT_ORDERS" dataType="CHARACTER" controlType="LISTBOX" validationType="READ_ONLY" dependency="ORD_METHOD" optimizable="true" reconcileScript="eks_p_ord_method_orders" keyFieldIndex="2">
          <statements dependency="OPT_ORDERS" statement="execute eks_t_db_ref_help ConCat(&quot;HELPCATALOGTYPE^&quot;, PAR1) go&#xD;&#xA;"/>
          <statements dependency="OPT_ORDERS" statement="execute eks_t_db_ref_help ConCat(&quot;HELPORDALPHA^&quot;, PAR1) go&#xD;&#xA;"/>
          <statements dependency="OPT_ORDERS" statement="execute eks_t_db_ref_help ConCat(&quot;HELPORDERS^&quot;, PAR1) go"/>
        </arguments>
        <arguments xsi:type="EM:ReferentialArgument" name="OPT_ORDER_STATUS" dataType="CHARACTER" controlType="LISTBOX" validationType="READ_ONLY" optimizable="true" reconcileScript="eks_p_codeset_cki_refhelp  &quot;6004&quot;,&quot;CKI&quot;,&quot;*ANY_STATUS&quot;" keyFieldIndex="2">
          <statements dependency="OPT_ORDER_STATUS" statement="eks_codeset_cki_refhelp &quot;6004&quot;,&quot;CKI&quot;,&quot;*ANY_STATUS&quot; go"/>
        </arguments>
        <arguments xsi:type="EM:FixedListArgument" name="OPT_SCOPE" dataType="CHARACTER" validationType="READ_ONLY" reconcileScript="N/A">
          <stringTable>
            <column value="the same accession as "/>
            <column value="link to other template by the same accession_id"/>
          </stringTable>
          <stringTable>
            <column value="the same encounter as "/>
            <column value="link to other template by the same encounter_id"/>
          </stringTable>
        </arguments>
        <arguments name="OPT_LINK" dataType="LINK" controlType="TEMPLATE_REFERENCE" reconcileScript="N/A"/>
        <arguments xsi:type="EM:FixedListArgument" name="OPT_QUAL" dataType="CHARACTER" validationType="READ_ONLY" reconcileScript="N/A">
          <stringTable>
            <column value="greater than"/>
            <column value="greater than"/>
          </stringTable>
          <stringTable>
            <column value="less than"/>
            <column value="less than"/>
          </stringTable>
          <stringTable>
            <column value="within"/>
            <column value="within"/>
          </stringTable>
          <stringTable>
            <column value="outside"/>
            <column value="outside"/>
          </stringTable>
        </arguments>
        <arguments name="OPT_TIME_NUM" dataType="CHARACTER" reconcileScript="N/A"/>
        <arguments xsi:type="EM:FixedListArgument" name="OPT_TIME_UNIT" dataType="CHARACTER" validationType="READ_ONLY" reconcileScript="N/A">
          <stringTable>
            <column value="minutes"/>
            <column value="minutes"/>
          </stringTable>
          <stringTable>
            <column value="hours"/>
            <column value="hours"/>
          </stringTable>
          <stringTable>
            <column value="days"/>
            <column value="days"/>
          </stringTable>
        </arguments>
        <arguments xsi:type="EM:FixedListArgument" name="OPT_ANCHOR_DT_TM" dataType="CHARACTER" validationType="READ_ONLY" reconcileScript="N/A">
          <stringTable>
            <column value="collection date &amp; time"/>
            <column value="collection date &amp; time"/>
          </stringTable>
          <stringTable>
            <column value="current start date &amp; time"/>
            <column value="current start date &amp; time"/>
          </stringTable>
          <stringTable>
            <column value="original order date &amp; time"/>
            <column value="original order date &amp; time"/>
          </stringTable>
          <stringTable>
            <column value="projected stop date &amp; time"/>
            <column value="projected stop date &amp; time"/>
          </stringTable>
        </arguments>
      </templateDefinitions>
    </logicTemplates>
    <actionTemplates>
      <templateDefinitions xsi:type="EM:ExpertTemplate" name="EKS_SETUP_ADD_ORDERS_A" definition="Setup GROUP_NAME to add ORDERS with OPT_COMMENT_TYPE of OPT_COMMENT for OPT_SCOPE as OPT_LINK" description="Prepare orderables to be sent to the Order Server" eventDependency="//@expertTemplates/@events/@event.2 //@expertTemplates/@events/@event.3 //@expertTemplates/@events/@event.5 //@expertTemplates/@events/@event.8 //@expertTemplates/@events/@event.9 //@expertTemplates/@events/@event.10 //@expertTemplates/@events/@event.11 //@expertTemplates/@events/@event.13 //@expertTemplates/@events/@event.16 //@expertTemplates/@events/@event.23 //@expertTemplates/@events/@event.32 //@expertTemplates/@events/@event.36 //@expertTemplates/@events/@event.38 //@expertTemplates/@events/@event.39 //@expertTemplates/@events/@event.41 //@expertTemplates/@events/@event.42 //@expertTemplates/@events/@event.51 //@expertTemplates/@events/@event.57 //@expertTemplates/@events/@event.58 //@expertTemplates/@events/@event.61 //@expertTemplates/@events/@event.72 //@expertTemplates/@events/@event.73 //@expertTemplates/@events/@event.75" optimizable="true" reconcilable="true">
        <keywords>ORDER</keywords>
        <arguments name="GROUP_NAME" dataType="CHARACTER" required="true" reconcileScript="N/A"/>
        <arguments xsi:type="EM:ReferentialArgument" name="ORDERS" dataType="CHARACTER" controlType="LISTBOX" validationType="READ_ONLY" required="true" reconcileScript="eks_p_orders_ordersets &quot;ORDERS&quot;" keyFieldIndex="2">
          <statements dependency="ORDERS" statement="execute eks_t_set_ord_ref_help &quot;HELPCATALOGTYPE&quot;, &quot;&quot; go"/>
          <statements dependency="ORDERS" statement="execute eks_t_set_ord_ref_help &quot;HELPORDALPHA&quot;, PAR1 go"/>
          <statements dependency="ORDERS" statement="execute eks_t_set_ord_ref_help &quot;HELPORDERS&quot;, PAR1 go"/>
        </arguments>
        <arguments xsi:type="EM:ReferentialArgument" name="OPT_COMMENT_TYPE" dataType="CHARACTER" controlType="REFERENTIAL" validationType="REFERENTIAL" optimizable="true" reconcileScript="eks_p_codeset_cki_refhelp  &quot;14&quot;,&quot;CDF&quot;,&quot;&quot;" keyFieldIndex="2">
          <statements dependency="OPT_COMMENT_TYPE" statement="execute eks_t_set_ord_ref_help &quot;HELPCOMMENTTYPE&quot;, &quot;&quot; go"/>
        </arguments>
        <arguments name="OPT_COMMENT" dataType="CHARACTER" controlType="TEXT_MULTI_LINE" reconcileScript="N/A"/>
        <arguments xsi:type="EM:ReferentialArgument" name="OPT_SCOPE" dataType="CHARACTER" controlType="REFERENTIAL" validationType="READ_ONLY" reconcileScript="N/A" keyFieldIndex="2">
          <statements dependency="OPT_SCOPE" statement="execute eks_t_set_ord_ref_help &quot;HELPSCOPE&quot;, &quot;&quot; go"/>
        </arguments>
        <arguments name="OPT_LINK" dataType="LINK" controlType="TEMPLATE_REFERENCE" reconcileScript="N/A"/>
      </templateDefinitions>
      <templateDefinitions xsi:type="EM:ExpertTemplate" name="EKS_SET_ORDER_DETAIL_DT_A" definition="SET_ACTION ORDER_DETAIL equal to OPT_ANCHOR_DT or inherit it from OPT_LINK, offset OPT_OFFSET_DAY days, OPT_OFFSET_HOUR hours and OPT_OFFSET_MIN minutes for orders setup in group(s) GROUP_NAME" description="Set date/time order detail values" eventDependency="//@expertTemplates/@events/@event.1 //@expertTemplates/@events/@event.2 //@expertTemplates/@events/@event.3 //@expertTemplates/@events/@event.5 //@expertTemplates/@events/@event.8 //@expertTemplates/@events/@event.9 //@expertTemplates/@events/@event.10 //@expertTemplates/@events/@event.11 //@expertTemplates/@events/@event.13 //@expertTemplates/@events/@event.16 //@expertTemplates/@events/@event.23 //@expertTemplates/@events/@event.32 //@expertTemplates/@events/@event.36 //@expertTemplates/@events/@event.38 //@expertTemplates/@events/@event.39 //@expertTemplates/@events/@event.41 //@expertTemplates/@events/@event.42 //@expertTemplates/@events/@event.51 //@expertTemplates/@events/@event.55 //@expertTemplates/@events/@event.56 //@expertTemplates/@events/@event.57 //@expertTemplates/@events/@event.61 //@expertTemplates/@events/@event.72 //@expertTemplates/@events/@event.73 //@expertTemplates/@events/@event.75" reconcilable="true">
        <keywords>ORDER</keywords>
        <arguments xsi:type="EM:FixedListArgument" name="SET_ACTION" dataType="CHARACTER" validationType="READ_ONLY" required="true" reconcileScript="N/A">
          <defaultValue xsi:type="EM:StringValue" value="SET"/>
          <stringTable>
            <column value="SET"/>
            <column value="Set or reset detail's value"/>
          </stringTable>
          <stringTable>
            <column value="ADD"/>
            <column value="Add details' value if it's not already "/>
          </stringTable>
          <stringTable>
            <column value="UNSET"/>
            <column value="Empty detail's value (for NEW order only)"/>
          </stringTable>
        </arguments>
        <arguments xsi:type="EM:ReferentialArgument" name="ORDER_DETAIL" dataType="CHARACTER" controlType="LISTBOX" validationType="READ_ONLY" required="true" reconcileScript="eks_p_order_detail" keyFieldIndex="2">
          <statements dependency="ORDER_DETAIL" statement="execute eks_t_set_ord_ref_help &quot;HELPORDDETAILTYPE&quot;, &quot;1&quot; go"/>
          <statements dependency="ORDER_DETAIL" statement="execute eks_t_set_ord_ref_help &quot;HELPORDDETAILDT&quot;, PAR1 go"/>
        </arguments>
        <arguments xsi:type="EM:ReferentialArgument" name="OPT_ANCHOR_DT" dataType="CHARACTER" controlType="REFERENTIAL" validationType="REFERENTIAL" reconcileScript="N/A">
          <statements dependency="OPT_ANCHOR_DT" statement="execute eks_t_anchor_refhelp go"/>
        </arguments>
        <arguments name="OPT_LINK" dataType="LINK" controlType="TEMPLATE_REFERENCE" reconcileScript="N/A"/>
        <arguments name="OPT_OFFSET_DAY" dataType="CHARACTER" reconcileScript="N/A"/>
        <arguments name="OPT_OFFSET_HOUR" dataType="CHARACTER" reconcileScript="N/A"/>
        <arguments name="OPT_OFFSET_MIN" dataType="CHARACTER" reconcileScript="N/A"/>
        <arguments name="GROUP_NAME" dataType="CHARACTER" required="true" reconcileScript="N/A"/>
      </templateDefinitions>
      <templateDefinitions xsi:type="EM:ExpertTemplate" name="EKS_SET_ORDER_DETAIL_A" definition="SET_ACTION ORDER_DETAIL equal to OPT_VALUE or inherit it from OPT_LINK for orders setup by GROUP_NAME" description="Set order detail values" eventDependency="//@expertTemplates/@events/@event.1 //@expertTemplates/@events/@event.2 //@expertTemplates/@events/@event.3 //@expertTemplates/@events/@event.5 //@expertTemplates/@events/@event.8 //@expertTemplates/@events/@event.9 //@expertTemplates/@events/@event.10 //@expertTemplates/@events/@event.11 //@expertTemplates/@events/@event.13 //@expertTemplates/@events/@event.16 //@expertTemplates/@events/@event.23 //@expertTemplates/@events/@event.32 //@expertTemplates/@events/@event.36 //@expertTemplates/@events/@event.38 //@expertTemplates/@events/@event.39 //@expertTemplates/@events/@event.41 //@expertTemplates/@events/@event.42 //@expertTemplates/@events/@event.51 //@expertTemplates/@events/@event.55 //@expertTemplates/@events/@event.56 //@expertTemplates/@events/@event.57 //@expertTemplates/@events/@event.61 //@expertTemplates/@events/@event.72 //@expertTemplates/@events/@event.73 //@expertTemplates/@events/@event.75" optimizable="true" reconcilable="true">
        <keywords>ORDER</keywords>
        <arguments xsi:type="EM:FixedListArgument" name="SET_ACTION" dataType="CHARACTER" validationType="READ_ONLY" required="true" reconcileScript="N/A">
          <defaultValue xsi:type="EM:StringValue" value="SET"/>
          <stringTable>
            <column value="SET"/>
            <column value="Set or reset detail's value"/>
          </stringTable>
          <stringTable>
            <column value="ADD"/>
            <column value="Add details' value if it's not already set"/>
          </stringTable>
          <stringTable>
            <column value="UNSET"/>
            <column value="Empty detail's value (for NEW order only)"/>
          </stringTable>
        </arguments>
        <arguments xsi:type="EM:ReferentialArgument" name="ORDER_DETAIL" dataType="CHARACTER" controlType="LISTBOX" validationType="READ_ONLY" required="true" reconcileScript="eks_p_order_detail" keyFieldIndex="2">
          <statements dependency="ORDER_DETAIL" statement="execute eks_t_set_ord_ref_help &quot;HELPORDDETAILTYPE&quot;, &quot;2&quot; go&#xD;&#xA;"/>
          <statements dependency="ORDER_DETAIL" statement="execute eks_t_set_ord_ref_help &quot;HELPORDDETAIL&quot;, PAR1 go"/>
        </arguments>
        <arguments xsi:type="EM:ReferentialArgument" name="OPT_VALUE" dataType="CHARACTER" controlType="LISTBOX" validationType="READ_ONLY" dependency="ORDER_DETAIL" optimizable="true" reconcileScript="eks_p_list" keyFieldIndex="2">
          <statements dependency="OPT_VALUE" statement="execute eks_t_set_ord_ref_help &quot;HELPORDDETLIST1&quot;, PAR1 go"/>
          <statements dependency="OPT_VALUE" statement="execute eks_t_set_ord_ref_help &quot;HELPORDDETLIST2&quot;, PAR1 go"/>
        </arguments>
        <arguments name="OPT_LINK" dataType="LINK" controlType="TEMPLATE_REFERENCE" reconcileScript="N/A"/>
        <arguments name="GROUP_NAME" dataType="CHARACTER" required="true" reconcileScript="N/A"/>
      </templateDefinitions>
      <templateDefinitions xsi:type="EM:ExpertTemplate" name="EKS_CALL_ORDER_SERVER_A" definition="Call order server with OPT_COMMENT_TYPE of OPT_COMMENT" description="Send orders and actions from prior templates to the Order Server" eventDependency="//@expertTemplates/@events/@event.1 //@expertTemplates/@events/@event.2 //@expertTemplates/@events/@event.3 //@expertTemplates/@events/@event.5 //@expertTemplates/@events/@event.8 //@expertTemplates/@events/@event.9 //@expertTemplates/@events/@event.10 //@expertTemplates/@events/@event.11 //@expertTemplates/@events/@event.13 //@expertTemplates/@events/@event.16 //@expertTemplates/@events/@event.23 //@expertTemplates/@events/@event.32 //@expertTemplates/@events/@event.36 //@expertTemplates/@events/@event.38 //@expertTemplates/@events/@event.39 //@expertTemplates/@events/@event.41 //@expertTemplates/@events/@event.42 //@expertTemplates/@events/@event.51 //@expertTemplates/@events/@event.55 //@expertTemplates/@events/@event.56 //@expertTemplates/@events/@event.57 //@expertTemplates/@events/@event.61 //@expertTemplates/@events/@event.72 //@expertTemplates/@events/@event.73 //@expertTemplates/@events/@event.75" optimizable="true" reconcilable="true">
        <keywords>ORDER</keywords>
        <arguments xsi:type="EM:ReferentialArgument" name="OPT_COMMENT_TYPE" dataType="CHARACTER" controlType="REFERENTIAL" validationType="REFERENTIAL" optimizable="true" reconcileScript="eks_p_codeset_cki_refhelp  &quot;14&quot;,&quot;CDF&quot;,&quot;&quot;" keyFieldIndex="2">
          <statements dependency="OPT_COMMENT_TYPE" statement="execute eks_t_set_ord_ref_help &quot;HELPCOMMENTTYPE&quot;, &quot;&quot; go"/>
        </arguments>
        <arguments name="OPT_COMMENT" dataType="CHARACTER" controlType="TEXT_MULTI_LINE" reconcileScript="N/A"/>
      </templateDefinitions>
    </actionTemplates>
  </expertTemplates>
  <ruleDefinition>
    <evokeSection>
      <evokes evokeEvent="//@expertTemplates/@events/@event.9">
        <logicExpression xsi:type="EM:InfixExpression">
          <leftExpression xsi:type="EM:GroupExpression">
            <expression xsi:type="EM:InfixExpression" operator="OR">
              <leftExpression xsi:type="EM:Antecedent" id="E1" template="EKS_CE_RESULT_EVAL_E">
                <facts argument="STATUS">
                  <value xsi:type="EM:ListValue">
                    <values xsi:type="EM:ListValue">
                      <values xsi:type="EM:CustomValue" hideDisplay="true">
                        <customValue xsi:type="EM:StringValue" value="CDF8:AUTH"/>
                      </values>
                      <values xsi:type="EM:StringValue" value="Auth (Verified)"/>
                    </values>
                    <values xsi:type="EM:ListValue">
                      <values xsi:type="EM:CustomValue" hideDisplay="true">
                        <customValue xsi:type="EM:StringValue" value="CDF8:ALTERED"/>
                      </values>
                      <values xsi:type="EM:StringValue" value="Modified"/>
                    </values>
                    <values xsi:type="EM:ListValue">
                      <values xsi:type="EM:CustomValue" hideDisplay="true">
                        <customValue xsi:type="EM:StringValue" value="CDF8:MODIFIED"/>
                      </values>
                      <values xsi:type="EM:StringValue" value="Modified"/>
                    </values>
                  </value>
                </facts>
                <facts argument="EVENT_SET_NAME">
                  <value xsi:type="EM:ListValue">
                    <values xsi:type="EM:ListValue">
                      <values xsi:type="EM:CustomValue" hideDisplay="true">
                        <customValue xsi:type="EM:StringValue" value="Assessed Risk"/>
                      </values>
                      <values xsi:type="EM:StringValue" value="Assessed Risk"/>
                      <values xsi:type="EM:ListValue">
                        <values xsi:type="EM:CustomValue" hideDisplay="true">
                          <customValue xsi:type="EM:StringValue" value="A"/>
                        </values>
                      </values>
                    </values>
                  </value>
                </facts>
                <facts argument="EVALUATION">
                  <value xsi:type="EM:StringValue" value="EQUAL TO"/>
                </facts>
                <facts argument="VALUE1">
                  <value xsi:type="EM:StringValue" value="High"/>
                </facts>
                <facts argument="OPT_VALUE2">
                  <value xsi:type="EM:StringValue"/>
                </facts>
              </leftExpression>
              <rightExpression xsi:type="EM:Antecedent" id="E2" template="EKS_CE_RESULT_EVAL_E">
                <facts argument="STATUS">
                  <value xsi:type="EM:ListValue">
                    <values xsi:type="EM:ListValue">
                      <values xsi:type="EM:CustomValue" hideDisplay="true">
                        <customValue xsi:type="EM:StringValue" value="CDF8:AUTH"/>
                      </values>
                      <values xsi:type="EM:StringValue" value="Auth (Verified)"/>
                    </values>
                    <values xsi:type="EM:ListValue">
                      <values xsi:type="EM:CustomValue" hideDisplay="true">
                        <customValue xsi:type="EM:StringValue" value="CDF8:ALTERED"/>
                      </values>
                      <values xsi:type="EM:StringValue" value="Modified"/>
                    </values>
                    <values xsi:type="EM:ListValue">
                      <values xsi:type="EM:CustomValue" hideDisplay="true">
                        <customValue xsi:type="EM:StringValue" value="CDF8:MODIFIED"/>
                      </values>
                      <values xsi:type="EM:StringValue" value="Modified"/>
                    </values>
                  </value>
                </facts>
                <facts argument="EVENT_SET_NAME">
                  <value xsi:type="EM:ListValue">
                    <values xsi:type="EM:ListValue">
                      <values xsi:type="EM:CustomValue" hideDisplay="true">
                        <customValue xsi:type="EM:StringValue" value="Assessed Risk"/>
                      </values>
                      <values xsi:type="EM:StringValue" value="Assessed Risk"/>
                      <values xsi:type="EM:ListValue">
                        <values xsi:type="EM:CustomValue" hideDisplay="true">
                          <customValue xsi:type="EM:StringValue" value="A"/>
                        </values>
                      </values>
                    </values>
                  </value>
                </facts>
                <facts argument="EVALUATION">
                  <value xsi:type="EM:StringValue" value="EQUAL TO"/>
                </facts>
                <facts argument="VALUE1">
                  <value xsi:type="EM:StringValue" value="Moderate"/>
                </facts>
                <facts argument="OPT_VALUE2">
                  <value xsi:type="EM:StringValue"/>
                </facts>
              </rightExpression>
            </expression>
          </leftExpression>
          <rightExpression xsi:type="EM:Antecedent" id="E3" template="EKS_DEBUGEKM_E">
            <facts argument="DEBUG_STATUS">
              <value xsi:type="EM:ListValue">
                <values xsi:type="EM:ListValue">
                  <values xsi:type="EM:CustomValue" hideDisplay="true">
                    <customValue xsi:type="EM:StringValue" value="5"/>
                  </values>
                  <values xsi:type="EM:StringValue" value="To FullAudit for this module only"/>
                </values>
              </value>
            </facts>
          </rightExpression>
        </logicExpression>
      </evokes>
    </evokeSection>
    <logicSection>
      <logicExpression xsi:type="EM:InfixExpression">
        <leftExpression xsi:type="EM:Antecedent" id="L1" template="EKS_STOP_LOGIC_L">
          <facts argument="MODE">
            <value xsi:type="EM:StringValue" value="STOP"/>
          </facts>
        </leftExpression>
        <rightExpression xsi:type="EM:InfixExpression">
          <leftExpression xsi:type="EM:Antecedent" id="L2" template="EKS_LOGIC_TRUE">
            <facts argument="LOGIC">
              <value xsi:type="EM:StringValue" value="@quot;LOGIC@quot;"/>
            </facts>
          </leftExpression>
          <rightExpression xsi:type="EM:InfixExpression">
            <leftExpression xsi:type="EM:Antecedent" alias="Active Patient?" id="L3" template="EKS_ENCOUNTER_DETAIL_L">
              <facts argument="ENC_DETAIL">
                <value xsi:type="EM:ListValue">
                  <values xsi:type="EM:ListValue">
                    <values xsi:type="EM:CustomValue" hideDisplay="true">
                      <customValue xsi:type="EM:StringValue" value="ENCNTR_STATUS_CD\261"/>
                    </values>
                    <values xsi:type="EM:StringValue" value="Encounter Status"/>
                  </values>
                </value>
              </facts>
              <facts argument="QUAL">
                <value xsi:type="EM:ListValue">
                  <values xsi:type="EM:ListValue">
                    <values xsi:type="EM:CustomValue" hideDisplay="true">
                      <customValue xsi:type="EM:StringValue" value="="/>
                    </values>
                    <values xsi:type="EM:StringValue" value="is listed"/>
                  </values>
                </value>
              </facts>
              <facts argument="DETAIL_VALUE">
                <value xsi:type="EM:ListValue">
                  <values xsi:type="EM:ListValue">
                    <values xsi:type="EM:CustomValue" hideDisplay="true">
                      <customValue xsi:type="EM:StringValue" value="CKI.CODEVALUE!3980"/>
                    </values>
                    <values xsi:type="EM:StringValue" value="ACTIVE"/>
                  </values>
                </value>
              </facts>
              <facts argument="OPT_LINK">
                <value xsi:type="EM:AntecedentReference" antecedent="//@ruleDefinition/@logicSection/@logicExpression/@rightExpression/@leftExpression"/>
              </facts>
            </leftExpression>
            <rightExpression xsi:type="EM:InfixExpression">
              <leftExpression xsi:type="EM:Antecedent" alias="BH Patient?" id="L4" template="EKS_ENCOUNTER_DETAIL_L">
                <facts argument="ENC_DETAIL">
                  <value xsi:type="EM:ListValue">
                    <values xsi:type="EM:ListValue">
                      <values xsi:type="EM:CustomValue" hideDisplay="true">
                        <customValue xsi:type="EM:StringValue" value="ENCNTR_TYPE_CD\71"/>
                      </values>
                      <values xsi:type="EM:StringValue" value="Encounter Type"/>
                    </values>
                  </value>
                </facts>
                <facts argument="QUAL">
                  <value xsi:type="EM:ListValue">
                    <values xsi:type="EM:ListValue">
                      <values xsi:type="EM:CustomValue" hideDisplay="true">
                        <customValue xsi:type="EM:StringValue" value="="/>
                      </values>
                      <values xsi:type="EM:StringValue" value="is listed"/>
                    </values>
                  </value>
                </facts>
                <facts argument="DETAIL_VALUE">
                  <value xsi:type="EM:ListValue">
                    <values xsi:type="EM:ListValue">
                      <values xsi:type="EM:CustomValue" hideDisplay="true">
                        <customValue xsi:type="EM:StringValue" value="2555137051"/>
                      </values>
                      <values xsi:type="EM:StringValue" value="BEHAVIORALHEALTH"/>
                    </values>
                    <values xsi:type="EM:ListValue">
                      <values xsi:type="EM:CustomValue" hideDisplay="true">
                        <customValue xsi:type="EM:StringValue" value="2555137035"/>
                      </values>
                      <values xsi:type="EM:StringValue" value="HOSPITALADULTPSYCH"/>
                    </values>
                    <values xsi:type="EM:ListValue">
                      <values xsi:type="EM:CustomValue" hideDisplay="true">
                        <customValue xsi:type="EM:StringValue" value="2555137131"/>
                      </values>
                      <values xsi:type="EM:StringValue" value="HOSPITALADOLESCENTPSYCH"/>
                    </values>
                    <values xsi:type="EM:ListValue">
                      <values xsi:type="EM:CustomValue" hideDisplay="true">
                        <customValue xsi:type="EM:StringValue" value="4189852"/>
                      </values>
                      <values xsi:type="EM:StringValue" value="PREREG"/>
                    </values>
                    <values xsi:type="EM:ListValue">
                      <values xsi:type="EM:CustomValue" hideDisplay="true">
                        <customValue xsi:type="EM:StringValue" value="2555137373"/>
                      </values>
                      <values xsi:type="EM:StringValue" value="PREADMISSION"/>
                    </values>
                  </value>
                </facts>
                <facts argument="OPT_LINK">
                  <value xsi:type="EM:AntecedentReference" antecedent="//@ruleDefinition/@logicSection/@logicExpression/@rightExpression/@leftExpression"/>
                </facts>
              </leftExpression>
              <rightExpression xsi:type="EM:InfixExpression">
                <leftExpression xsi:type="EM:Antecedent" alias="Peninsula?" id="L5" template="EKS_ENCOUNTER_LOC_DETAIL_L">
                  <facts argument="ENC_DETAIL">
                    <value xsi:type="EM:ListValue">
                      <values xsi:type="EM:ListValue">
                        <values xsi:type="EM:CustomValue" hideDisplay="true">
                          <customValue xsi:type="EM:StringValue" value="LOC_FACILITY_CD\220"/>
                        </values>
                        <values xsi:type="EM:StringValue" value="Location Facility"/>
                      </values>
                    </value>
                  </facts>
                  <facts argument="QUAL">
                    <value xsi:type="EM:ListValue">
                      <values xsi:type="EM:ListValue">
                        <values xsi:type="EM:CustomValue" hideDisplay="true">
                          <customValue xsi:type="EM:StringValue" value="="/>
                        </values>
                        <values xsi:type="EM:StringValue" value="is listed"/>
                      </values>
                    </value>
                  </facts>
                  <facts argument="DETAIL_VALUE">
                    <value xsi:type="EM:ListValue">
                      <values xsi:type="EM:ListValue">
                        <values xsi:type="EM:CustomValue" hideDisplay="true">
                          <customValue xsi:type="EM:StringValue" value="2553765579"/>
                        </values>
                        <values xsi:type="EM:StringValue" value="PBH Peninsula"/>
                        <values xsi:type="EM:ListValue">
                          <values xsi:type="EM:CustomValue" hideDisplay="true">
                            <customValue xsi:type="EM:StringValue" value="2553765579^PBH Peninsula^1"/>
                          </values>
                          <values xsi:type="EM:CustomValue" hideDisplay="true">
                            <customValue xsi:type="EM:StringValue" value="2553765579^PBH Peninsula^1"/>
                          </values>
                          <values xsi:type="EM:CustomValue" hideDisplay="true">
                            <customValue xsi:type="EM:StringValue" value="2553765579^PBH Peninsula^1"/>
                          </values>
                          <values xsi:type="EM:CustomValue" hideDisplay="true">
                            <customValue xsi:type="EM:StringValue" value="2553765579^PBH Peninsula^1"/>
                          </values>
                        </values>
                      </values>
                    </value>
                  </facts>
                  <facts argument="OPT_LINK">
                    <value xsi:type="EM:AntecedentReference" antecedent="//@ruleDefinition/@logicSection/@logicExpression/@rightExpression/@leftExpression"/>
                  </facts>
                </leftExpression>
                <rightExpression xsi:type="EM:InfixExpression">
                  <leftExpression xsi:type="EM:GroupExpression">
                    <expression xsi:type="EM:InfixExpression" operator="OR">
                      <leftExpression xsi:type="EM:Antecedent" id="L6" template="EKS_CE_RESULTA_INCOMING_REQ_L">
                        <facts argument="STATUS">
                          <value xsi:type="EM:ListValue">
                            <values xsi:type="EM:ListValue">
                              <values xsi:type="EM:CustomValue" hideDisplay="true">
                                <customValue xsi:type="EM:StringValue" value="CDF8:AUTH"/>
                              </values>
                              <values xsi:type="EM:StringValue" value="Auth (Verified)"/>
                            </values>
                            <values xsi:type="EM:ListValue">
                              <values xsi:type="EM:CustomValue" hideDisplay="true">
                                <customValue xsi:type="EM:StringValue" value="CDF8:ALTERED"/>
                              </values>
                              <values xsi:type="EM:StringValue" value="Modified"/>
                            </values>
                            <values xsi:type="EM:ListValue">
                              <values xsi:type="EM:CustomValue" hideDisplay="true">
                                <customValue xsi:type="EM:StringValue" value="CDF8:MODIFIED"/>
                              </values>
                              <values xsi:type="EM:StringValue" value="Modified"/>
                            </values>
                          </value>
                        </facts>
                        <facts argument="EVENT_SET_NAME">
                          <value xsi:type="EM:ListValue">
                            <values xsi:type="EM:ListValue">
                              <values xsi:type="EM:CustomValue" hideDisplay="true">
                                <customValue xsi:type="EM:StringValue" value="Assessed Risk"/>
                              </values>
                              <values xsi:type="EM:StringValue" value="Assessed Risk"/>
                              <values xsi:type="EM:ListValue">
                                <values xsi:type="EM:CustomValue" hideDisplay="true">
                                  <customValue xsi:type="EM:StringValue" value="A"/>
                                </values>
                              </values>
                            </values>
                          </value>
                        </facts>
                        <facts argument="EVALUATION">
                          <value xsi:type="EM:StringValue" value="equal to"/>
                        </facts>
                        <facts argument="VALUE1">
                          <value xsi:type="EM:ListValue">
                            <values xsi:type="EM:ListValue">
                              <values xsi:type="EM:CustomValue" hideDisplay="true">
                                <customValue xsi:type="EM:StringValue" value=" "/>
                              </values>
                              <values xsi:type="EM:StringValue" value="High"/>
                              <values xsi:type="EM:ListValue">
                                <values xsi:type="EM:CustomValue" hideDisplay="true">
                                  <customValue xsi:type="EM:StringValue" value="H"/>
                                </values>
                              </values>
                            </values>
                          </value>
                        </facts>
                      </leftExpression>
                      <rightExpression xsi:type="EM:Antecedent" id="L7" template="EKS_CE_RESULTA_INCOMING_REQ_L">
                        <facts argument="STATUS">
                          <value xsi:type="EM:ListValue">
                            <values xsi:type="EM:ListValue">
                              <values xsi:type="EM:CustomValue" hideDisplay="true">
                                <customValue xsi:type="EM:StringValue" value="CDF8:AUTH"/>
                              </values>
                              <values xsi:type="EM:StringValue" value="Auth (Verified)"/>
                            </values>
                            <values xsi:type="EM:ListValue">
                              <values xsi:type="EM:CustomValue" hideDisplay="true">
                                <customValue xsi:type="EM:StringValue" value="CDF8:ALTERED"/>
                              </values>
                              <values xsi:type="EM:StringValue" value="Modified"/>
                            </values>
                            <values xsi:type="EM:ListValue">
                              <values xsi:type="EM:CustomValue" hideDisplay="true">
                                <customValue xsi:type="EM:StringValue" value="CDF8:MODIFIED"/>
                              </values>
                              <values xsi:type="EM:StringValue" value="Modified"/>
                            </values>
                          </value>
                        </facts>
                        <facts argument="EVENT_SET_NAME">
                          <value xsi:type="EM:ListValue">
                            <values xsi:type="EM:ListValue">
                              <values xsi:type="EM:CustomValue" hideDisplay="true">
                                <customValue xsi:type="EM:StringValue" value="Assessed Risk"/>
                              </values>
                              <values xsi:type="EM:StringValue" value="Assessed Risk"/>
                              <values xsi:type="EM:ListValue">
                                <values xsi:type="EM:CustomValue" hideDisplay="true">
                                  <customValue xsi:type="EM:StringValue" value="A"/>
                                </values>
                              </values>
                            </values>
                          </value>
                        </facts>
                        <facts argument="EVALUATION">
                          <value xsi:type="EM:StringValue" value="equal to"/>
                        </facts>
                        <facts argument="VALUE1">
                          <value xsi:type="EM:ListValue">
                            <values xsi:type="EM:ListValue">
                              <values xsi:type="EM:CustomValue" hideDisplay="true">
                                <customValue xsi:type="EM:StringValue" value=" "/>
                              </values>
                              <values xsi:type="EM:StringValue" value="Moderate"/>
                              <values xsi:type="EM:ListValue">
                                <values xsi:type="EM:CustomValue" hideDisplay="true">
                                  <customValue xsi:type="EM:StringValue" value="M"/>
                                </values>
                              </values>
                            </values>
                          </value>
                        </facts>
                      </rightExpression>
                    </expression>
                  </leftExpression>
                  <rightExpression xsi:type="EM:PrefixExpression">
                    <expression xsi:type="EM:Antecedent" alias="Existing Active Order?" id="L8" template="EKS_ORDERS_FIND_L">
                      <facts argument="ORD_METHOD">
                        <value xsi:type="EM:StringValue" value="that was ordered as"/>
                      </facts>
                      <facts argument="OPT_ORDERS">
                        <value xsi:type="EM:ListValue">
                          <values xsi:type="EM:ListValue">
                            <values xsi:type="EM:CustomValue" hideDisplay="true">
                              <customValue xsi:type="EM:StringValue" value="4149528.0"/>
                            </values>
                            <values xsi:type="EM:StringValue" value="Precaution Suicide"/>
                            <values xsi:type="EM:ListValue">
                              <values xsi:type="EM:CustomValue" hideDisplay="true">
                                <customValue xsi:type="EM:StringValue" value="2515.0|that was ordered as"/>
                              </values>
                              <values xsi:type="EM:CustomValue" hideDisplay="true">
                                <customValue xsi:type="EM:StringValue" value="P|2515.0|that was ordered as"/>
                              </values>
                            </values>
                          </values>
                          <values xsi:type="EM:ListValue">
                            <values xsi:type="EM:CustomValue" hideDisplay="true">
                              <customValue xsi:type="EM:StringValue" value="2557840255.0"/>
                            </values>
                            <values xsi:type="EM:StringValue" value="BH Precaution Suicide"/>
                            <values xsi:type="EM:ListValue">
                              <values xsi:type="EM:CustomValue" hideDisplay="true">
                                <customValue xsi:type="EM:StringValue" value="2515.0|that was ordered as"/>
                              </values>
                              <values xsi:type="EM:CustomValue" hideDisplay="true">
                                <customValue xsi:type="EM:StringValue" value="B|2515.0|that was ordered as"/>
                              </values>
                            </values>
                          </values>
                        </value>
                      </facts>
                      <facts argument="OPT_ORDER_STATUS">
                        <value xsi:type="EM:ListValue">
                          <values xsi:type="EM:ListValue">
                            <values xsi:type="EM:CustomValue" hideDisplay="true">
                              <customValue xsi:type="EM:StringValue" value="CDF6004:ORDERED"/>
                            </values>
                            <values xsi:type="EM:StringValue" value="Ordered"/>
                          </values>
                        </value>
                      </facts>
                      <facts argument="OPT_SCOPE">
                        <value xsi:type="EM:StringValue" value="the same encounter as"/>
                      </facts>
                      <facts argument="OPT_LINK">
                        <value xsi:type="EM:AntecedentReference" antecedent="//@ruleDefinition/@logicSection/@logicExpression/@rightExpression/@leftExpression"/>
                      </facts>
                      <facts argument="OPT_QUAL">
                        <value xsi:type="EM:StringValue"/>
                      </facts>
                      <facts argument="OPT_TIME_NUM">
                        <value xsi:type="EM:StringValue"/>
                      </facts>
                      <facts argument="OPT_TIME_UNIT">
                        <value xsi:type="EM:StringValue"/>
                      </facts>
                      <facts argument="OPT_ANCHOR_DT_TM">
                        <value xsi:type="EM:StringValue"/>
                      </facts>
                    </expression>
                  </rightExpression>
                </rightExpression>
              </rightExpression>
            </rightExpression>
          </rightExpression>
        </rightExpression>
      </logicExpression>
    </logicSection>
    <actionSection>
      <action xsi:type="EM:ActionExpression">
        <logicExpression xsi:type="EM:InfixExpression">
          <leftExpression xsi:type="EM:Antecedent" id="A1" template="EKS_SETUP_ADD_ORDERS_A">
            <facts argument="GROUP_NAME">
              <value xsi:type="EM:StringValue" value="Suicide Precaution"/>
            </facts>
            <facts argument="ORDERS">
              <value xsi:type="EM:ListValue">
                <values xsi:type="EM:ListValue">
                  <values xsi:type="EM:CustomValue" hideDisplay="true">
                    <customValue xsi:type="EM:StringValue" value="2557840255.0|2557840247.0|683808.0|BH Precaution Suicide|2515.0"/>
                  </values>
                  <values xsi:type="EM:StringValue" value="BH Precaution Suicide"/>
                  <values xsi:type="EM:ListValue">
                    <values xsi:type="EM:CustomValue" hideDisplay="true">
                      <customValue xsi:type="EM:StringValue" value="2515.0"/>
                    </values>
                    <values xsi:type="EM:CustomValue" hideDisplay="true">
                      <customValue xsi:type="EM:StringValue" value="B|2515.0"/>
                    </values>
                  </values>
                </values>
              </value>
            </facts>
            <facts argument="OPT_COMMENT_TYPE">
              <value xsi:type="EM:StringValue"/>
            </facts>
            <facts argument="OPT_COMMENT">
              <value xsi:type="EM:StringValue"/>
            </facts>
            <facts argument="OPT_SCOPE">
              <value xsi:type="EM:ListValue">
                <values xsi:type="EM:ListValue">
                  <values xsi:type="EM:CustomValue" hideDisplay="true">
                    <customValue xsi:type="EM:StringValue" value="2"/>
                  </values>
                  <values xsi:type="EM:StringValue" value="the same encounter"/>
                </values>
              </value>
            </facts>
            <facts argument="OPT_LINK">
              <value xsi:type="EM:AntecedentReference" antecedent="//@ruleDefinition/@logicSection/@logicExpression/@rightExpression/@leftExpression"/>
            </facts>
          </leftExpression>
          <rightExpression xsi:type="EM:InfixExpression">
            <leftExpression xsi:type="EM:Antecedent" id="A2" template="EKS_SET_ORDER_DETAIL_DT_A">
              <facts argument="SET_ACTION">
                <value xsi:type="EM:StringValue" value="SET"/>
              </facts>
              <facts argument="ORDER_DETAIL">
                <value xsi:type="EM:ListValue">
                  <values xsi:type="EM:ListValue">
                    <values xsi:type="EM:CustomValue" hideDisplay="true">
                      <customValue xsi:type="EM:StringValue" value="X|12620.0|1|9|0|REQSTARTDTTM|Q"/>
                    </values>
                    <values xsi:type="EM:StringValue" value="Requested Start Date/Time,"/>
                    <values xsi:type="EM:ListValue">
                      <values xsi:type="EM:CustomValue" hideDisplay="true">
                        <customValue xsi:type="EM:StringValue" value="ORDER ENTRY FIELD"/>
                      </values>
                    </values>
                  </values>
                </value>
              </facts>
              <facts argument="OPT_ANCHOR_DT">
                <value xsi:type="EM:StringValue" value="@CURDATETIME"/>
              </facts>
              <facts argument="OPT_LINK">
                <value xsi:type="EM:AntecedentReference"/>
              </facts>
              <facts argument="OPT_OFFSET_DAY">
                <value xsi:type="EM:StringValue"/>
              </facts>
              <facts argument="OPT_OFFSET_HOUR">
                <value xsi:type="EM:StringValue"/>
              </facts>
              <facts argument="OPT_OFFSET_MIN">
                <value xsi:type="EM:StringValue"/>
              </facts>
              <facts argument="GROUP_NAME">
                <value xsi:type="EM:StringValue" value="Suicide Precaution"/>
              </facts>
            </leftExpression>
            <rightExpression xsi:type="EM:InfixExpression">
              <leftExpression xsi:type="EM:Antecedent" id="A3" template="EKS_SET_ORDER_DETAIL_A">
                <facts argument="SET_ACTION">
                  <value xsi:type="EM:StringValue" value="SET"/>
                </facts>
                <facts argument="ORDER_DETAIL">
                  <value xsi:type="EM:ListValue">
                    <values xsi:type="EM:ListValue">
                      <values xsi:type="EM:CustomValue" hideDisplay="true">
                        <customValue xsi:type="EM:StringValue" value="I|communicationTypeCd|1|2|6006|+oa.communication_type_cd|1"/>
                      </values>
                      <values xsi:type="EM:StringValue" value="Communication Type"/>
                      <values xsi:type="EM:ListValue">
                        <values xsi:type="EM:CustomValue" hideDisplay="true">
                          <customValue xsi:type="EM:StringValue" value="ORDER LIST"/>
                        </values>
                      </values>
                    </values>
                  </value>
                </facts>
                <facts argument="OPT_VALUE">
                  <value xsi:type="EM:ListValue">
                    <values xsi:type="EM:ListValue">
                      <values xsi:type="EM:CustomValue" hideDisplay="true">
                        <customValue xsi:type="EM:StringValue" value="CKI.CODEVALUE!3362423"/>
                      </values>
                      <values xsi:type="EM:StringValue" value="Discern Expert"/>
                      <values xsi:type="EM:ListValue">
                        <values xsi:type="EM:CustomValue" hideDisplay="true">
                          <customValue xsi:type="EM:StringValue" value="I|communicationTypeCd|1|2|6006"/>
                        </values>
                      </values>
                    </values>
                  </value>
                </facts>
                <facts argument="OPT_LINK">
                  <value xsi:type="EM:AntecedentReference"/>
                </facts>
                <facts argument="GROUP_NAME">
                  <value xsi:type="EM:StringValue" value="Suicide Precaution"/>
                </facts>
              </leftExpression>
              <rightExpression xsi:type="EM:Antecedent" id="A4" template="EKS_CALL_ORDER_SERVER_A">
                <facts argument="OPT_COMMENT_TYPE">
                  <value xsi:type="EM:StringValue"/>
                </facts>
                <facts argument="OPT_COMMENT">
                  <value xsi:type="EM:StringValue"/>
                </facts>
              </rightExpression>
            </rightExpression>
          </rightExpression>
        </logicExpression>
      </action>
    </actionSection>
  </ruleDefinition>
</EM:ExpertModule>
