<?xml version="1.0" encoding="ASCII"?>
<EM:ExpertModule xmi:version="2.0" xmlns:xmi="http://www.omg.org/XMI" xmlns:xsi="http://www.w3.org/2001/XMLSchema-instance" xmlns:EM="http:///com.cerner.expert/expertmodule/1.0.0" moduleName="HIM_ALLOCATION_DATE">
  <information>
    <runtimeInformation versionString="001.005" externalFileName="HIM_ALLOCATION_DATE" lastUpdated="2017-07-20T13:07:14.000-0400" validtionType="PRODUCTION" title="HIM_ALLOCATION_DATE" reconcileFlag="3" reconcileDate="2020-02-23T03:02:59.000-0500">
      <duration start="2017-03-28T00:00:00.000-0400" end="2100-03-28T23:59:59.000-0400"/>
      <updateUser userName="Neier, Aaron Cerner"/>
    </runtimeInformation>
    <documentation author="an048271" institution="" specialist=""/>
  </information>
  <expertTemplates>
    <events>
      <event name=""/>
      <event name="ADDPROBLEM"/>
      <event name="ADDTOSCRATCHPAD"/>
      <event name="ALLERGY_EVENT"/>
      <event name="AP_ORDER_EVENT"/>
      <event name="BB_RESULT_EVENT"/>
      <event name="CBTFLEXORDERS"/>
      <event name="CHART_SERVER_EVENT"/>
      <event name="CLINICALTRIALSCREEN"/>
      <event name="CLINICAL_EVENT"/>
      <event name="CLOSECHART"/>
      <event name="COLLECTION_EVENT"/>
      <event name="DCP_CN_TASK_UPD"/>
      <event name="DCP_MODTASK_EVENT"/>
      <event name="DCP_PW_COND"/>
      <event name="DCP_PW_OUTCOME_EVENT"/>
      <event name="DIAGNOSIS_EVENT"/>
      <event name="EKS_FORMAT"/>
      <event name="EKS_SYNC_TEST01"/>
      <event name="EKS_TEST_02"/>
      <event name="EKS_TEST_EVENT"/>
      <event name="EKS_TEST_EVENT01"/>
      <event name="ENSURE_EVENT"/>
      <event name="EXPERT_EVENT"/>
      <event name="HEALTHE_EVENT"/>
      <event name="HEALTH_MAINT_QUAL_EVENT"/>
      <event name="HIM_ADD_REQUEST"/>
      <event name="HIM_ADMIT_EVENT"/>
      <event name="HIM_PATIENT_INFO_REQUEST"/>
      <event name="HIM_TEST_EVENT"/>
      <event name="HL7_EVENT"/>
      <event name="MB_EXPEDITE"/>
      <event name="MB_RESULT_EVENT"/>
      <event name="MB_SCRIPTED_WORKUPS"/>
      <event name="MB_SUSCEPTIBILITY"/>
      <event name="MDI_RESULT_EVENT"/>
      <event name="MEDCHARTACTIVATE"/>
      <event name="MPI_ADT"/>
      <event name="OPENCHART"/>
      <event name="ORDER_EVENT"/>
      <event name="ORDER_PRO_TEST1"/>
      <event name="@quot;PATIENT_EVENT@quot;"/>
      <event name="PCA_EXPERT_EVENT"/>
      <event name="Person_Transaction"/>
      <event name="PFT_Add_Account"/>
      <event name="PFT_ADJ_WO"/>
      <event name="PFT_CHARGE_EVENT"/>
      <event name="pft_check_amount"/>
      <event name="PFT_VEHICLE"/>
      <event name="PNTFLEXREFRANGE"/>
      <event name="POWERPLANFLEX"/>
      <event name="PROBLEM_EVENT"/>
      <event name="PROFIT_1450_CLAIM_EVENT"/>
      <event name="PROFIT_1500_CLAIM_EVENT"/>
      <event name="PROVIDER_CHG_EVENT"/>
      <event name="PROVIDE_EVENT"/>
      <event name="PWRCHRT_ADD_ORDER"/>
      <event name="RESULT_EVENT"/>
      <event name="RESULT_EVENT_CSM"/>
      <event name="RESULT_EVENT_TEST"/>
      <event name="SCH_ACTION_EVENT"/>
      <event name="SIGNORDER"/>
      <event name="SN New Pref Card Created"/>
      <event name="SN_CASE_CHECK_IN_EVENT"/>
      <event name="SN_CASE_EVENT"/>
      <event name="SN_CASE_SCHEDULE_EVENT"/>
      <event name="SN_DOCUMENT_OPEN"/>
      <event name="SN_DOCUMENT_STATE"/>
      <event name="SN_FINALIZE_DOC_EVENT"/>
      <event name="SN_PROCEDURE_SCHEDULE"/>
      <event name="SN_SAVE_PROCEDURE"/>
      <event name="SN_TEST_EVENT"/>
      <event name="SOCIAL_HISTORY_ADD"/>
      <event name="SYNCHEVENT"/>
      <event name="TOCFLEX"/>
      <event name="TOUCHOPENCHART"/>
    </events>
    <evokeTemplates>
      <templateDefinitions xsi:type="EM:ExpertTemplate" name="EKS_PT_ACTION_E" definition="the patient is ACTION" description="Admit, Transfer, Discharge, Combine" eventDependency="//@expertTemplates/@events/@event.41" reconcilable="true">
        <keywords>ENCOUNTER</keywords>
        <arguments xsi:type="EM:ReferentialArgument" name="ACTION" dataType="CHARACTER" controlType="LISTBOX" validationType="READ_ONLY" required="true" reconcileScript="N/A" keyFieldIndex="2">
          <statements dependency="ACTION" statement="select Action = if (d.seq =  1) &quot;Admitted&quot;&#xD;&#xA;         &#x9;elseif (d.seq =  2) &quot;Encounter Combined&quot;&#xD;&#xA;         &#x9;elseif (d.seq =  3) &quot;Person Combined&quot; &#xD;&#xA;         &#x9;elseif (d.seq =  4) &quot;Person Encounter Combined&quot;&#xD;&#xA;         &#x9;elseif (d.seq =  5) &quot;Discharged&quot;&#xD;&#xA;        &#x9;elseif (d.seq =  6) &quot;Transfered&quot;&#xD;&#xA;&#x9;endif,&#xD;&#xA;&#xD;&#xA;&#x9;_hidden = (d.seq ),&#xD;&#xA;&#xD;&#xA;                Description= &#xD;&#xA;         &#x9;if (d.seq = 1) &quot;Current admit date defined, previous admit date is not defined&quot;&#xD;&#xA;         &#x9;elseif (d.seq =  2) &quot;Current and previous encounter id's differ&quot;&#xD;&#xA;         &#x9;elseif (d.seq =  3) &quot;Current and previous person id's differ&quot;&#xD;&#xA;         &#x9;elseif (d.seq =  4) &quot;Current and previous person &amp; encounter id's differ&quot;&#xD;&#xA;        &#x9;elseif (d.seq =  5) &quot;Current discharged date is defined but previous discharge date is not&quot;&#xD;&#xA;        &#x9;elseif (d.seq =  6) &quot;Current and previous location codes differ&quot;&#xD;&#xA;&#x9;endif&#xD;&#xA;&#xD;&#xA;  &#x9;from (dummyt d with seq = 6)&#xD;&#xA;&#xD;&#xA;&#x9;order by action&#xD;&#xA;&#xD;&#xA;"/>
        </arguments>
      </templateDefinitions>
    </evokeTemplates>
    <logicTemplates>
      <templateDefinitions xsi:type="EM:ExpertTemplate" name="EKS_ENCOUNTER_LOC_DETAIL_L" definition="the patient's ENC_DETAIL that QUAL in DETAIL_VALUE for the same encounter as OPT_LINK" description="Encounter location attributes" eventDependency="//@expertTemplates/@events/@event.1 //@expertTemplates/@events/@event.2 //@expertTemplates/@events/@event.3 //@expertTemplates/@events/@event.4 //@expertTemplates/@events/@event.5 //@expertTemplates/@events/@event.8 //@expertTemplates/@events/@event.9 //@expertTemplates/@events/@event.10 //@expertTemplates/@events/@event.11 //@expertTemplates/@events/@event.13 //@expertTemplates/@events/@event.16 //@expertTemplates/@events/@event.23 //@expertTemplates/@events/@event.32 //@expertTemplates/@events/@event.34 //@expertTemplates/@events/@event.36 //@expertTemplates/@events/@event.38 //@expertTemplates/@events/@event.39 //@expertTemplates/@events/@event.41 //@expertTemplates/@events/@event.42 //@expertTemplates/@events/@event.49 //@expertTemplates/@events/@event.50 //@expertTemplates/@events/@event.51 //@expertTemplates/@events/@event.55 //@expertTemplates/@events/@event.57 //@expertTemplates/@events/@event.60 //@expertTemplates/@events/@event.61 //@expertTemplates/@events/@event.72 //@expertTemplates/@events/@event.73 //@expertTemplates/@events/@event.74 //@expertTemplates/@events/@event.75" reconcilable="true">
        <keywords>ENCOUNTER</keywords>
        <arguments xsi:type="EM:ReferentialArgument" name="ENC_DETAIL" dataType="CHARACTER" controlType="REFERENTIAL" validationType="READ_ONLY" required="true" reconcileScript="N/A" keyFieldIndex="2">
          <statements dependency="ENC_DETAIL" statement="execute EKS_T_ENC_DETAIL_REFHELP &quot;LOC&quot; go"/>
        </arguments>
        <arguments xsi:type="EM:ReferentialArgument" name="QUAL" dataType="CHARACTER" controlType="REFERENTIAL" validationType="READ_ONLY" required="true" dependency="ENC_DETAIL" reconcileScript="N/A" keyFieldIndex="2">
          <statements dependency="QUAL" statement="execute EKS_T_ENC_DETAIL_REFHELP concat(&quot;QUAL&quot;, PAR1) go"/>
        </arguments>
        <arguments xsi:type="EM:ReferentialArgument" name="DETAIL_VALUE" dataType="CHARACTER" controlType="LISTBOX" validationType="READ_ONLY" required="true" dependency="ENC_DETAIL" reconcileScript="eks_p_encDetail" keyFieldIndex="2">
          <statements dependency="DETAIL_VALUE" statement="execute EKS_T_DB_LOCATION_REFHELP &quot;0&quot; go"/>
          <statements dependency="DETAIL_VALUE" statement="execute EKS_T_DB_LOCATION_REFHELP ConCat(PAR1, &quot;^2&quot;) go"/>
          <statements dependency="DETAIL_VALUE" statement="execute EKS_T_DB_LOCATION_REFHELP ConCat(PAR1, &quot;^3&quot;) go"/>
          <statements dependency="DETAIL_VALUE" statement="execute EKS_T_DB_LOCATION_REFHELP ConCat(PAR1, &quot;^4&quot;) go"/>
          <statements dependency="DETAIL_VALUE" statement="execute EKS_T_DB_LOCATION_REFHELP ConCat(PAR1, &quot;^5&quot;) go"/>
        </arguments>
        <arguments name="OPT_LINK" dataType="LINK" controlType="TEMPLATE_REFERENCE" reconcileScript="N/A"/>
      </templateDefinitions>
    </logicTemplates>
    <actionTemplates>
      <templateDefinitions xsi:type="EM:ExpertTemplate" name="HIM_ADD_ALLOCATION_DATE" definition="set allocation based on PATIENT_EVENT date  plus DAYS associated with LINK" description="Set allocation date based on admision or discharge date plus a defined number of days." eventDependency="//@expertTemplates/@events/@event.41">
        <keywords></keywords>
        <arguments xsi:type="EM:FixedListArgument" name="PATIENT_EVENT" dataType="CHARACTER" required="true">
          <stringTable>
            <column value="ADMIT"/>
            <column value="ADMIT"/>
          </stringTable>
          <stringTable>
            <column value="DISCHARGE"/>
            <column value="DISCHARGE"/>
          </stringTable>
        </arguments>
        <arguments xsi:type="EM:FixedListArgument" name="DAYS" controlType="COMBOBOX" required="true">
          <defaultValue xsi:type="EM:IntegerValue"/>
          <stringTable>
            <column value="0"/>
            <column value="0 DAYS"/>
          </stringTable>
          <stringTable>
            <column value="1"/>
            <column value="1 DAY"/>
          </stringTable>
          <stringTable>
            <column value="2"/>
            <column value="2 DAYS"/>
          </stringTable>
          <stringTable>
            <column value="3"/>
            <column value="3 DAYS"/>
          </stringTable>
          <stringTable>
            <column value="4"/>
            <column value="4 DAYS"/>
          </stringTable>
          <stringTable>
            <column value="5"/>
            <column value="5 DAYS"/>
          </stringTable>
          <stringTable>
            <column value="6"/>
            <column value="6 DAYS"/>
          </stringTable>
          <stringTable>
            <column value="7"/>
            <column value="7 DAYS"/>
          </stringTable>
        </arguments>
        <arguments name="LINK" dataType="LINK" controlType="TEMPLATE_REFERENCE"/>
      </templateDefinitions>
    </actionTemplates>
  </expertTemplates>
  <ruleDefinition>
    <evokeSection>
      <evokes evokeEvent="//@expertTemplates/@events/@event.41">
        <logicExpression xsi:type="EM:Antecedent" id="E1" template="EKS_PT_ACTION_E">
          <facts argument="ACTION">
            <value xsi:type="EM:ListValue">
              <values xsi:type="EM:ListValue">
                <values xsi:type="EM:CustomValue" hideDisplay="true">
                  <customValue xsi:type="EM:StringValue" value="5"/>
                </values>
                <values xsi:type="EM:StringValue" value="Discharged"/>
              </values>
            </value>
          </facts>
        </logicExpression>
      </evokes>
    </evokeSection>
    <logicSection>
      <logicExpression xsi:type="EM:Antecedent" id="L1" template="EKS_ENCOUNTER_LOC_DETAIL_L">
        <facts argument="ENC_DETAIL">
          <value xsi:type="EM:ListValue">
            <values xsi:type="EM:ListValue">
              <values xsi:type="EM:CustomValue" hideDisplay="true">
                <customValue xsi:type="EM:StringValue" value="LOC_FACILITY_CD\220"/>
              </values>
              <values xsi:type="EM:StringValue" value="Location Facility"/>
            </values>
          </value>
        </facts>
        <facts argument="QUAL">
          <value xsi:type="EM:ListValue">
            <values xsi:type="EM:ListValue">
              <values xsi:type="EM:CustomValue" hideDisplay="true">
                <customValue xsi:type="EM:StringValue" value="="/>
              </values>
              <values xsi:type="EM:StringValue" value="is listed"/>
            </values>
          </value>
        </facts>
        <facts argument="DETAIL_VALUE">
          <value xsi:type="EM:ListValue">
            <values xsi:type="EM:ListValue">
              <values xsi:type="EM:CustomValue" hideDisplay="true">
                <customValue xsi:type="EM:StringValue" value="2552503657"/>
              </values>
              <values xsi:type="EM:StringValue" value="CMC"/>
              <values xsi:type="EM:ListValue">
                <values xsi:type="EM:CustomValue" hideDisplay="true">
                  <customValue xsi:type="EM:StringValue" value="2552503657^CMC^1"/>
                </values>
                <values xsi:type="EM:CustomValue" hideDisplay="true">
                  <customValue xsi:type="EM:StringValue" value="2552503657^CMC^1"/>
                </values>
                <values xsi:type="EM:CustomValue" hideDisplay="true">
                  <customValue xsi:type="EM:StringValue" value="2552503657^CMC^1"/>
                </values>
                <values xsi:type="EM:CustomValue" hideDisplay="true">
                  <customValue xsi:type="EM:StringValue" value="2552503657^CMC^1"/>
                </values>
              </values>
            </values>
            <values xsi:type="EM:ListValue">
              <values xsi:type="EM:CustomValue" hideDisplay="true">
                <customValue xsi:type="EM:StringValue" value="2552503613"/>
              </values>
              <values xsi:type="EM:StringValue" value="MMC"/>
              <values xsi:type="EM:ListValue">
                <values xsi:type="EM:CustomValue" hideDisplay="true">
                  <customValue xsi:type="EM:StringValue" value="2552503613^MMC^1"/>
                </values>
                <values xsi:type="EM:CustomValue" hideDisplay="true">
                  <customValue xsi:type="EM:StringValue" value="2552503613^MMC^1"/>
                </values>
                <values xsi:type="EM:CustomValue" hideDisplay="true">
                  <customValue xsi:type="EM:StringValue" value="2552503613^MMC^1"/>
                </values>
                <values xsi:type="EM:CustomValue" hideDisplay="true">
                  <customValue xsi:type="EM:StringValue" value="2552503613^MMC^1"/>
                </values>
              </values>
            </values>
            <values xsi:type="EM:ListValue">
              <values xsi:type="EM:CustomValue" hideDisplay="true">
                <customValue xsi:type="EM:StringValue" value="2552503635"/>
              </values>
              <values xsi:type="EM:StringValue" value="FLMC"/>
              <values xsi:type="EM:ListValue">
                <values xsi:type="EM:CustomValue" hideDisplay="true">
                  <customValue xsi:type="EM:StringValue" value="2552503635^FLMC^1"/>
                </values>
                <values xsi:type="EM:CustomValue" hideDisplay="true">
                  <customValue xsi:type="EM:StringValue" value="2552503635^FLMC^1"/>
                </values>
                <values xsi:type="EM:CustomValue" hideDisplay="true">
                  <customValue xsi:type="EM:StringValue" value="2552503635^FLMC^1"/>
                </values>
                <values xsi:type="EM:CustomValue" hideDisplay="true">
                  <customValue xsi:type="EM:StringValue" value="2552503635^FLMC^1"/>
                </values>
              </values>
            </values>
            <values xsi:type="EM:ListValue">
              <values xsi:type="EM:CustomValue" hideDisplay="true">
                <customValue xsi:type="EM:StringValue" value="2552503649"/>
              </values>
              <values xsi:type="EM:StringValue" value="RMC"/>
              <values xsi:type="EM:ListValue">
                <values xsi:type="EM:CustomValue" hideDisplay="true">
                  <customValue xsi:type="EM:StringValue" value="2552503649^RMC^1"/>
                </values>
                <values xsi:type="EM:CustomValue" hideDisplay="true">
                  <customValue xsi:type="EM:StringValue" value="2552503649^RMC^1"/>
                </values>
                <values xsi:type="EM:CustomValue" hideDisplay="true">
                  <customValue xsi:type="EM:StringValue" value="2552503649^RMC^1"/>
                </values>
                <values xsi:type="EM:CustomValue" hideDisplay="true">
                  <customValue xsi:type="EM:StringValue" value="2552503649^RMC^1"/>
                </values>
              </values>
            </values>
            <values xsi:type="EM:ListValue">
              <values xsi:type="EM:CustomValue" hideDisplay="true">
                <customValue xsi:type="EM:StringValue" value="2552503645"/>
              </values>
              <values xsi:type="EM:StringValue" value="PW"/>
              <values xsi:type="EM:ListValue">
                <values xsi:type="EM:CustomValue" hideDisplay="true">
                  <customValue xsi:type="EM:StringValue" value="2552503645^PW^1"/>
                </values>
                <values xsi:type="EM:CustomValue" hideDisplay="true">
                  <customValue xsi:type="EM:StringValue" value="2552503645^PW^1"/>
                </values>
                <values xsi:type="EM:CustomValue" hideDisplay="true">
                  <customValue xsi:type="EM:StringValue" value="2552503645^PW^1"/>
                </values>
                <values xsi:type="EM:CustomValue" hideDisplay="true">
                  <customValue xsi:type="EM:StringValue" value="2552503645^PW^1"/>
                </values>
              </values>
            </values>
            <values xsi:type="EM:ListValue">
              <values xsi:type="EM:CustomValue" hideDisplay="true">
                <customValue xsi:type="EM:StringValue" value="2553765579"/>
              </values>
              <values xsi:type="EM:StringValue" value="PBH Peninsula"/>
              <values xsi:type="EM:ListValue">
                <values xsi:type="EM:CustomValue" hideDisplay="true">
                  <customValue xsi:type="EM:StringValue" value="2553765579^PBH Peninsula^1"/>
                </values>
                <values xsi:type="EM:CustomValue" hideDisplay="true">
                  <customValue xsi:type="EM:StringValue" value="2553765579^PBH Peninsula^1"/>
                </values>
                <values xsi:type="EM:CustomValue" hideDisplay="true">
                  <customValue xsi:type="EM:StringValue" value="2553765579^PBH Peninsula^1"/>
                </values>
                <values xsi:type="EM:CustomValue" hideDisplay="true">
                  <customValue xsi:type="EM:StringValue" value="2553765579^PBH Peninsula^1"/>
                </values>
              </values>
            </values>
            <values xsi:type="EM:ListValue">
              <values xsi:type="EM:CustomValue" hideDisplay="true">
                <customValue xsi:type="EM:StringValue" value="21250403"/>
              </values>
              <values xsi:type="EM:StringValue" value="FSR"/>
              <values xsi:type="EM:ListValue">
                <values xsi:type="EM:CustomValue" hideDisplay="true">
                  <customValue xsi:type="EM:StringValue" value="21250403^FSR^1"/>
                </values>
                <values xsi:type="EM:CustomValue" hideDisplay="true">
                  <customValue xsi:type="EM:StringValue" value="21250403^FSR^1"/>
                </values>
                <values xsi:type="EM:CustomValue" hideDisplay="true">
                  <customValue xsi:type="EM:StringValue" value="21250403^FSR^1"/>
                </values>
                <values xsi:type="EM:CustomValue" hideDisplay="true">
                  <customValue xsi:type="EM:StringValue" value="21250403^FSR^1"/>
                </values>
              </values>
            </values>
            <values xsi:type="EM:ListValue">
              <values xsi:type="EM:CustomValue" hideDisplay="true">
                <customValue xsi:type="EM:StringValue" value="2552503653"/>
              </values>
              <values xsi:type="EM:StringValue" value="LCMC"/>
              <values xsi:type="EM:ListValue">
                <values xsi:type="EM:CustomValue" hideDisplay="true">
                  <customValue xsi:type="EM:StringValue" value="2552503653^LCMC^1"/>
                </values>
                <values xsi:type="EM:CustomValue" hideDisplay="true">
                  <customValue xsi:type="EM:StringValue" value="2552503653^LCMC^1"/>
                </values>
                <values xsi:type="EM:CustomValue" hideDisplay="true">
                  <customValue xsi:type="EM:StringValue" value="2552503653^LCMC^1"/>
                </values>
                <values xsi:type="EM:CustomValue" hideDisplay="true">
                  <customValue xsi:type="EM:StringValue" value="2552503653^LCMC^1"/>
                </values>
              </values>
            </values>
            <values xsi:type="EM:ListValue">
              <values xsi:type="EM:CustomValue" hideDisplay="true">
                <customValue xsi:type="EM:StringValue" value="2552503639"/>
              </values>
              <values xsi:type="EM:StringValue" value="MHHS"/>
              <values xsi:type="EM:ListValue">
                <values xsi:type="EM:CustomValue" hideDisplay="true">
                  <customValue xsi:type="EM:StringValue" value="2552503639^MHHS^1"/>
                </values>
                <values xsi:type="EM:CustomValue" hideDisplay="true">
                  <customValue xsi:type="EM:StringValue" value="2552503639^MHHS^1"/>
                </values>
                <values xsi:type="EM:CustomValue" hideDisplay="true">
                  <customValue xsi:type="EM:StringValue" value="2552503639^MHHS^1"/>
                </values>
                <values xsi:type="EM:CustomValue" hideDisplay="true">
                  <customValue xsi:type="EM:StringValue" value="2552503639^MHHS^1"/>
                </values>
              </values>
            </values>
          </value>
        </facts>
        <facts argument="OPT_LINK">
          <value xsi:type="EM:AntecedentReference"/>
        </facts>
      </logicExpression>
    </logicSection>
    <actionSection>
      <action xsi:type="EM:ActionExpression">
        <logicExpression xsi:type="EM:Antecedent" id="A1" template="HIM_ADD_ALLOCATION_DATE">
          <facts argument="PATIENT_EVENT">
            <value xsi:type="EM:StringValue" value="DISCHARGE"/>
          </facts>
          <facts argument="DAYS">
            <value xsi:type="EM:IntegerValue"/>
          </facts>
          <facts argument="LINK">
            <value xsi:type="EM:AntecedentReference" antecedent="//@ruleDefinition/@logicSection/@logicExpression"/>
          </facts>
        </logicExpression>
      </action>
    </actionSection>
  </ruleDefinition>
</EM:ExpertModule>
