<?xml version="1.0" encoding="ASCII"?>
<EM:ExpertModule xmi:version="2.0" xmlns:xmi="http://www.omg.org/XMI" xmlns:xsi="http://www.w3.org/2001/XMLSchema-instance" xmlns:EM="http:///com.cerner.expert/expertmodule/1.0.0" moduleName="PHA_STP_DRC_W_HISTORY_EX">
  <information>
    <runtimeInformation versionString="001.085" externalFileName="PHA_STP_DRC_W_HISTORY_EX" lastUpdated="2019-04-01T11:28:37.000-0500" validtionType="PRODUCTION" priorityLevel="99" title="PHA_DRC_W_HISTORY_EX" reconcileFlag="1" reconcileDate="2019-04-01T11:28:38.000-0500">
      <duration start="2000-01-01T00:00:00.000-0600" end="2100-12-31T00:00:00.000-0600"/>
      <updateUser userName="Model, User 048 Cerner"/>
    </runtimeInformation>
    <documentation author="Cerner Model" institution="" specialist="" purpose="This rule is utilized for dose range checking functionality." impact="Hepatic and Diagnosis Premises&#xD;&#xA;If you would like to the DRC alerts to NOT fire for hepatic and diagnosis premises, switch the script in L1 to say &quot;orm_drc_rule&quot;.&#xD;&#xA;&#xD;&#xA;If you would like to the DRC alerts to be ENABLED TO fire for hepatic and diagnosis premises, switch the script in L1 to say &quot;kdmo_call_drc_service&quot;.&#xD;&#xA;&#xD;&#xA;Difference between PHA_DRC_W_HISTORY and PHA_DRC_SIGN_EX&#xD;&#xA;Both are templates that are setup just a little differently. PHA_DRC_SIGN_EX invokes on signorder and only for medication manager where PHA_DRC_W_HISTORY invokes on ADDTOSCRATCHPAD for medmgr. Cerner recommends using PHA_DRC_W_HISTORY."/>
  </information>
  <expertTemplates>
    <events>
      <event name=""/>
      <event name="ADDPROBLEM"/>
      <event name="ADDTOSCRATCHPAD"/>
      <event name="ALLERGY_EVENT"/>
      <event name="AP_ORDER_EVENT"/>
      <event name="BB_RESULT_EVENT"/>
      <event name="CBTFLEXORDERS"/>
      <event name="CHART_SERVER_EVENT"/>
      <event name="CLINICALTRIALSCREEN"/>
      <event name="CLINICAL_EVENT"/>
      <event name="CLOSECHART"/>
      <event name="COLLECTION_EVENT"/>
      <event name="DCP_CN_TASK_UPD"/>
      <event name="DCP_MODTASK_EVENT"/>
      <event name="DCP_PW_COND"/>
      <event name="DCP_PW_OUTCOME_EVENT"/>
      <event name="DIAGNOSIS_EVENT"/>
      <event name="EKS_FORMAT"/>
      <event name="EKS_SYNC_TEST01"/>
      <event name="EKS_TEST_02"/>
      <event name="EKS_TEST_EVENT"/>
      <event name="EKS_TEST_EVENT01"/>
      <event name="ENSURE_EVENT"/>
      <event name="EXPERT_EVENT"/>
      <event name="HEALTHE_EVENT"/>
      <event name="HEALTH_MAINT_QUAL_EVENT"/>
      <event name="HIM_ADD_REQUEST"/>
      <event name="HIM_ADMIT_EVENT"/>
      <event name="HIM_PATIENT_INFO_REQUEST"/>
      <event name="HIM_TEST_EVENT"/>
      <event name="HL7_EVENT"/>
      <event name="MB_EXPEDITE"/>
      <event name="MB_RESULT_EVENT"/>
      <event name="MB_SCRIPTED_WORKUPS"/>
      <event name="MB_SUSCEPTIBILITY"/>
      <event name="MDI_RESULT_EVENT"/>
      <event name="MEDCHARTACTIVATE"/>
      <event name="MPI_ADT"/>
      <event name="OPENCHART"/>
      <event name="ORDER_EVENT"/>
      <event name="ORDER_PRO_TEST1"/>
      <event name="PATIENT_EVENT"/>
      <event name="PCA_EXPERT_EVENT"/>
      <event name="Person_Transaction"/>
      <event name="PFT_Add_Account"/>
      <event name="PFT_ADJ_WO"/>
      <event name="PFT_CHARGE_EVENT"/>
      <event name="pft_check_amount"/>
      <event name="PFT_VEHICLE"/>
      <event name="PNTFLEXREFRANGE"/>
      <event name="POWERPLANFLEX"/>
      <event name="PROBLEM_EVENT"/>
      <event name="PROFIT_1450_CLAIM_EVENT"/>
      <event name="PROFIT_1500_CLAIM_EVENT"/>
      <event name="PROVIDER_CHG_EVENT"/>
      <event name="PROVIDE_EVENT"/>
      <event name="PWRCHRT_ADD_ORDER"/>
      <event name="RESULT_EVENT"/>
      <event name="RESULT_EVENT_CSM"/>
      <event name="RESULT_EVENT_TEST"/>
      <event name="SCH_ACTION_EVENT"/>
      <event name="SIGNORDER"/>
      <event name="SN New Pref Card Created"/>
      <event name="SN_CASE_CHECK_IN_EVENT"/>
      <event name="SN_CASE_EVENT"/>
      <event name="SN_CASE_SCHEDULE_EVENT"/>
      <event name="SN_DOCUMENT_OPEN"/>
      <event name="SN_DOCUMENT_STATE"/>
      <event name="SN_FINALIZE_DOC_EVENT"/>
      <event name="SN_PROCEDURE_SCHEDULE"/>
      <event name="SN_SAVE_PROCEDURE"/>
      <event name="SN_TEST_EVENT"/>
      <event name="SOCIAL_HISTORY_ADD"/>
      <event name="SYNCHEVENT"/>
      <event name="TOCFLEX"/>
      <event name="TOUCHOPENCHART"/>
    </events>
    <evokeTemplates>
      <templateDefinitions xsi:type="EM:ExpertTemplate" name="EKS_APPLICATION_E" definition="The application being used QUALIFIER APPLICATION" description="Application that generated the evoking event" eventDependency="//@expertTemplates/@events/@event.1 //@expertTemplates/@events/@event.2 //@expertTemplates/@events/@event.3 //@expertTemplates/@events/@event.8 //@expertTemplates/@events/@event.10 //@expertTemplates/@events/@event.13 //@expertTemplates/@events/@event.16 //@expertTemplates/@events/@event.36 //@expertTemplates/@events/@event.38 //@expertTemplates/@events/@event.39 //@expertTemplates/@events/@event.49 //@expertTemplates/@events/@event.51 //@expertTemplates/@events/@event.55 //@expertTemplates/@events/@event.57 //@expertTemplates/@events/@event.61 //@expertTemplates/@events/@event.73 //@expertTemplates/@events/@event.74 //@expertTemplates/@events/@event.75" reconcilable="true">
        <keywords>UTILITY</keywords>
        <arguments xsi:type="EM:FixedListArgument" name="QUALIFIER" dataType="CHARACTER" validationType="READ_ONLY" required="true" reconcileScript="N/A">
          <stringTable>
            <column value="is listed in"/>
            <column value="is listed in"/>
          </stringTable>
          <stringTable>
            <column value="is not listed in"/>
            <column value="is not listed in"/>
          </stringTable>
        </arguments>
        <arguments xsi:type="EM:ReferentialArgument" name="APPLICATION" dataType="CHARACTER" controlType="LISTBOX" validationType="READ_ONLY" required="true" reconcileScript="eks_p_app" keyFieldIndex="2">
          <statements dependency="APPLICATION" statement="select &#xD;&#xA;  Application_Name = ap.description,&#xD;&#xA;  _hidden = ap.application_number&#xD;&#xA;from application ap&#xD;&#xA;where ap.active_ind = 1&#xD;&#xA;  /*and (ap.direct_access_ind = 1 or ap.application_number in (961000,600005,380000)) */&#xD;&#xA;  and ap.application_number > 0&#xD;&#xA;  and ap.description > &quot; &quot;&#xD;&#xA;order application_name"/>
        </arguments>
      </templateDefinitions>
      <templateDefinitions xsi:type="EM:ExpertTemplate" name="EKS_ORDER_DETAIL_E" definition="orders exist ORD_METHOD OPT_ORDERS where order detail ORDER_DETAIL QUALIFIER LIST1 and OPT_LIST2" description="Orderable, attributes" eventDependency="//@expertTemplates/@events/@event.2 //@expertTemplates/@events/@event.36 //@expertTemplates/@events/@event.61 //@expertTemplates/@events/@event.73" optimizable="true" reconcilable="true">
        <keywords>ORDER</keywords>
        <arguments xsi:type="EM:ReferentialArgument" name="ORD_METHOD" dataType="CHARACTER" controlType="REFERENTIAL" validationType="READ_ONLY" required="true" reconcileScript="N/A">
          <statements dependency="ORD_METHOD" statement="execute eks_t_db_ref_help &quot;HELPNEWORDMETHOD^&quot; go"/>
        </arguments>
        <arguments xsi:type="EM:ReferentialArgument" name="OPT_ORDERS" dataType="CHARACTER" controlType="LISTBOX" validationType="READ_ONLY" dependency="ORD_METHOD" optimizable="true" reconcileScript="eks_p_ord_method_orders" keyFieldIndex="2">
          <statements dependency="OPT_ORDERS" statement="execute EKS_T_DB_REF_HELP ConCat(&quot;HELPCATALOGTYPE^&quot;, PAR1) go"/>
          <statements dependency="OPT_ORDERS" statement="execute EKS_T_DB_REF_HELP ConCat(&quot;HELPORDALPHA^&quot;, PAR1) go"/>
          <statements dependency="OPT_ORDERS" statement="execute EKS_T_DB_REF_HELP ConCat(&quot;HELPORDERS^&quot;, PAR1) go&#xD;&#xA;"/>
        </arguments>
        <arguments xsi:type="EM:ReferentialArgument" name="ORDER_DETAIL" dataType="CHARACTER" controlType="REFERENTIAL" validationType="READ_ONLY" required="true" reconcileScript="eks_p_order_detail" keyFieldIndex="2">
          <statements dependency="ORDER_DETAIL" statement="execute EKS_T_DB_REF_HELP &quot;HELPDETAILSSELDB_PROVIDE^USEREQUEST&quot; go"/>
          <statements dependency="ORDER_DETAIL" statement="execute EKS_T_DB_REF_HELP ConCat(&quot;HELPDETAILS_PROVIDE^1^&quot;, PAR1) go"/>
        </arguments>
        <arguments xsi:type="EM:ReferentialArgument" name="QUALIFIER" dataType="CHARACTER" controlType="REFERENTIAL" validationType="READ_ONLY" required="true" dependency="ORDER_DETAIL" reconcileScript="eks_p_qualifier &quot;1&quot;" keyFieldIndex="2">
          <statements dependency="QUALIFIER" statement="execute EKS_T_DB_REF_HELP ConCat(&quot;HELPQUALIFIERS_PROVIDE^&quot;, PAR1)  go"/>
        </arguments>
        <arguments xsi:type="EM:ReferentialArgument" name="LIST1" dataType="CHARACTER" controlType="LISTBOX" validationType="READ_ONLY" dependency="ORDER_DETAIL" optimizable="true" reconcileScript="eks_p_list" keyFieldIndex="2">
          <statements dependency="LIST1" statement="execute EKS_T_DB_REF_HELP ConCat(&quot;HELPORDDETLIST1^&quot;, PAR1) go"/>
          <statements dependency="LIST1" statement="execute EKS_T_DB_REF_HELP ConCat(&quot;HELPORDDETLIST3^&quot;, PAR1) go"/>
        </arguments>
        <arguments xsi:type="EM:ReferentialArgument" name="OPT_LIST2" dataType="CHARACTER" controlType="LISTBOX" validationType="READ_ONLY" dependency="ORDER_DETAIL" optimizable="true" reconcileScript="eks_p_list" keyFieldIndex="2">
          <statements dependency="OPT_LIST2" statement="execute EKS_T_DB_REF_HELP ConCat(&quot;HELPORDDETLIST1^&quot;, PAR1) go"/>
          <statements dependency="OPT_LIST2" statement="execute EKS_T_DB_REF_HELP ConCat(&quot;HELPORDDETLIST3^&quot;, PAR1) go"/>
        </arguments>
      </templateDefinitions>
    </evokeTemplates>
    <logicTemplates>
      <templateDefinitions xsi:type="EM:ExpertTemplate" name="EKS_CE_RESULT_MOST_RECENT_L" definition="the most recent result for EVENT_SET_NAME is EVALUATION VALUE1 and OPT_VALUE2 for the same encounter as OPT_LINK over the last OPT_TIME_NUM OPT_TIME_UNIT" description="Most recent numeric result value" recommeded="CAUTION" eventDependency="//@expertTemplates/@events/@event.1 //@expertTemplates/@events/@event.2 //@expertTemplates/@events/@event.3 //@expertTemplates/@events/@event.8 //@expertTemplates/@events/@event.9 //@expertTemplates/@events/@event.10 //@expertTemplates/@events/@event.13 //@expertTemplates/@events/@event.16 //@expertTemplates/@events/@event.23 //@expertTemplates/@events/@event.36 //@expertTemplates/@events/@event.38 //@expertTemplates/@events/@event.39 //@expertTemplates/@events/@event.41 //@expertTemplates/@events/@event.42 //@expertTemplates/@events/@event.49 //@expertTemplates/@events/@event.50 //@expertTemplates/@events/@event.51 //@expertTemplates/@events/@event.55 //@expertTemplates/@events/@event.57 //@expertTemplates/@events/@event.61 //@expertTemplates/@events/@event.72 //@expertTemplates/@events/@event.73 //@expertTemplates/@events/@event.74 //@expertTemplates/@events/@event.75" optimizable="true" reconcilable="true">
        <keywords>CLINICALEVENT</keywords>
        <arguments xsi:type="EM:ReferentialArgument" name="EVENT_SET_NAME" dataType="CHARACTER" controlType="LISTBOX" validationType="READ_ONLY" required="true" optimizable="true" reconcileScript="eks_p_event_set_name" keyFieldIndex="2">
          <statements dependency="EVENT_SET_NAME" statement="EKS_abc_refhelp &quot; &quot; go&#xD;&#xA;"/>
          <statements dependency="EVENT_SET_NAME" statement="eks_event_set_name_refhelp PAR1, &quot;EVENT_SET&quot; go"/>
        </arguments>
        <arguments xsi:type="EM:FixedListArgument" name="EVALUATION" dataType="CHARACTER" validationType="READ_ONLY" required="true" reconcileScript="N/A">
          <stringTable>
            <column value="equal to"/>
            <column value="alpha or numeric"/>
          </stringTable>
          <stringTable>
            <column value="not equal to"/>
            <column value="alpha or numeric"/>
          </stringTable>
          <stringTable>
            <column value="less than"/>
            <column value="numeric only"/>
          </stringTable>
          <stringTable>
            <column value="less than or equal to"/>
            <column value="numeric only"/>
          </stringTable>
          <stringTable>
            <column value="greater than"/>
            <column value="numeric only"/>
          </stringTable>
          <stringTable>
            <column value="greater than or equal to"/>
            <column value="numeric only"/>
          </stringTable>
          <stringTable>
            <column value="between"/>
            <column value="numeric only"/>
          </stringTable>
          <stringTable>
            <column value="outside"/>
            <column value="numeric only"/>
          </stringTable>
        </arguments>
        <arguments name="VALUE1" dataType="CHARACTER" required="true" reconcileScript="N/A"/>
        <arguments name="OPT_VALUE2" dataType="CHARACTER" reconcileScript="N/A"/>
        <arguments name="OPT_LINK" dataType="LINK" controlType="TEMPLATE_REFERENCE" reconcileScript="N/A"/>
        <arguments name="OPT_TIME_NUM" reconcileScript="N/A"/>
        <arguments xsi:type="EM:FixedListArgument" name="OPT_TIME_UNIT" dataType="CHARACTER" validationType="READ_ONLY" reconcileScript="N/A">
          <stringTable>
            <column value="minutes"/>
            <column value="minutes"/>
          </stringTable>
          <stringTable>
            <column value="hours"/>
            <column value="hours"/>
          </stringTable>
          <stringTable>
            <column value="days"/>
            <column value="days"/>
          </stringTable>
        </arguments>
      </templateDefinitions>
      <templateDefinitions xsi:type="EM:ExpertTemplate" name="EKS_BUILD_MESSAGE_L" definition="ACTION a message named MSGNAME with text of MSGTEXT preceded by OPT_DELIMITER" description="Create or add to a text message to be used by subsequent templates" eventDependency="//@expertTemplates/@events/@event.1 //@expertTemplates/@events/@event.2 //@expertTemplates/@events/@event.3 //@expertTemplates/@events/@event.8 //@expertTemplates/@events/@event.9 //@expertTemplates/@events/@event.10 //@expertTemplates/@events/@event.11 //@expertTemplates/@events/@event.13 //@expertTemplates/@events/@event.16 //@expertTemplates/@events/@event.23 //@expertTemplates/@events/@event.32 //@expertTemplates/@events/@event.34 //@expertTemplates/@events/@event.36 //@expertTemplates/@events/@event.38 //@expertTemplates/@events/@event.39 //@expertTemplates/@events/@event.41 //@expertTemplates/@events/@event.42 //@expertTemplates/@events/@event.49 //@expertTemplates/@events/@event.50 //@expertTemplates/@events/@event.51 //@expertTemplates/@events/@event.55 //@expertTemplates/@events/@event.57 //@expertTemplates/@events/@event.58 //@expertTemplates/@events/@event.61 //@expertTemplates/@events/@event.72 //@expertTemplates/@events/@event.73 //@expertTemplates/@events/@event.74 //@expertTemplates/@events/@event.75" reconcilable="true" alwaysTrue="true">
        <keywords>UTILITY</keywords>
        <arguments xsi:type="EM:ReferentialArgument" name="ACTION" dataType="CHARACTER" controlType="REFERENTIAL" validationType="READ_ONLY" required="true" reconcileScript="N/A" keyFieldIndex="2">
          <statements dependency="ACTION" statement="select action = if (d.seq =  1) &quot;Create&quot;&#xD;&#xA;         elseif (d.seq =  2) &quot;Append To&quot;&#xD;&#xA;         ENDIF,&#xD;&#xA;         _hidden = if (d.seq =  1) &quot;1&quot;&#xD;&#xA;         elseif (d.seq =  2) &quot;2&quot;&#xD;&#xA;         ENDIF&#xD;&#xA;&#xD;&#xA;FROM (DUMMYT D WITH SEQ = VALUE(2))"/>
        </arguments>
        <arguments name="MSGNAME" dataType="CHARACTER" required="true" reconcileScript="N/A"/>
        <arguments name="MSGTEXT" dataType="CHARACTER" required="true" reconcileScript="N/A"/>
        <arguments name="OPT_DELIMITER" dataType="CHARACTER" reconcileScript="N/A"/>
      </templateDefinitions>
      <templateDefinitions xsi:type="EM:ExpertTemplate" name="EKS_EVAL_L" definition="EXPRESSION" description="Freetext CCL evaluation" eventDependency="//@expertTemplates/@events/@event.1 //@expertTemplates/@events/@event.2 //@expertTemplates/@events/@event.3 //@expertTemplates/@events/@event.5 //@expertTemplates/@events/@event.8 //@expertTemplates/@events/@event.9 //@expertTemplates/@events/@event.10 //@expertTemplates/@events/@event.11 //@expertTemplates/@events/@event.13 //@expertTemplates/@events/@event.16 //@expertTemplates/@events/@event.23 //@expertTemplates/@events/@event.24 //@expertTemplates/@events/@event.36 //@expertTemplates/@events/@event.38 //@expertTemplates/@events/@event.39 //@expertTemplates/@events/@event.41 //@expertTemplates/@events/@event.42 //@expertTemplates/@events/@event.49 //@expertTemplates/@events/@event.50 //@expertTemplates/@events/@event.51 //@expertTemplates/@events/@event.55 //@expertTemplates/@events/@event.57 //@expertTemplates/@events/@event.58 //@expertTemplates/@events/@event.61 //@expertTemplates/@events/@event.72 //@expertTemplates/@events/@event.73 //@expertTemplates/@events/@event.74 //@expertTemplates/@events/@event.75" reconcilable="true">
        <keywords>UTILITY</keywords>
        <arguments name="EXPRESSION" dataType="CHARACTER" controlType="TEXT_MULTI_LINE" required="true" reconcileScript="N/A"/>
      </templateDefinitions>
      <templateDefinitions xsi:type="EM:ExpertTemplate" name="EKS_LOGIC_TRUE" definition="LOGIC is true" description="Always true" eventDependency="//@expertTemplates/@events/@event.1 //@expertTemplates/@events/@event.2 //@expertTemplates/@events/@event.3 //@expertTemplates/@events/@event.8 //@expertTemplates/@events/@event.9 //@expertTemplates/@events/@event.10 //@expertTemplates/@events/@event.11 //@expertTemplates/@events/@event.13 //@expertTemplates/@events/@event.16 //@expertTemplates/@events/@event.23 //@expertTemplates/@events/@event.24 //@expertTemplates/@events/@event.36 //@expertTemplates/@events/@event.38 //@expertTemplates/@events/@event.39 //@expertTemplates/@events/@event.41 //@expertTemplates/@events/@event.42 //@expertTemplates/@events/@event.49 //@expertTemplates/@events/@event.50 //@expertTemplates/@events/@event.51 //@expertTemplates/@events/@event.55 //@expertTemplates/@events/@event.57 //@expertTemplates/@events/@event.58 //@expertTemplates/@events/@event.60 //@expertTemplates/@events/@event.61 //@expertTemplates/@events/@event.72 //@expertTemplates/@events/@event.73 //@expertTemplates/@events/@event.74 //@expertTemplates/@events/@event.75" reconcilable="true" alwaysTrue="true">
        <keywords>UTILITY</keywords>
        <arguments name="LOGIC" dataType="CHARACTER" reconcileScript="N/A">
          <defaultValue xsi:type="EM:StringValue" value="@quot;LOGIC@quot;"/>
        </arguments>
      </templateDefinitions>
      <templateDefinitions xsi:type="EM:ExpertTemplate" name="EKS_EXEC_CCL_L" definition="Execute PROGRAM_NAME with parameters OPT_PARAM and link to OPT_LINK" description="Execute CCL program" eventDependency="//@expertTemplates/@events/@event.1 //@expertTemplates/@events/@event.2 //@expertTemplates/@events/@event.3 //@expertTemplates/@events/@event.4 //@expertTemplates/@events/@event.5 //@expertTemplates/@events/@event.8 //@expertTemplates/@events/@event.9 //@expertTemplates/@events/@event.10 //@expertTemplates/@events/@event.11 //@expertTemplates/@events/@event.13 //@expertTemplates/@events/@event.16 //@expertTemplates/@events/@event.23 //@expertTemplates/@events/@event.32 //@expertTemplates/@events/@event.34 //@expertTemplates/@events/@event.36 //@expertTemplates/@events/@event.38 //@expertTemplates/@events/@event.39 //@expertTemplates/@events/@event.41 //@expertTemplates/@events/@event.42 //@expertTemplates/@events/@event.49 //@expertTemplates/@events/@event.50 //@expertTemplates/@events/@event.51 //@expertTemplates/@events/@event.55 //@expertTemplates/@events/@event.56 //@expertTemplates/@events/@event.57 //@expertTemplates/@events/@event.58 //@expertTemplates/@events/@event.60 //@expertTemplates/@events/@event.61 //@expertTemplates/@events/@event.72 //@expertTemplates/@events/@event.73 //@expertTemplates/@events/@event.74 //@expertTemplates/@events/@event.75" reconcilable="true">
        <keywords>UTILITY</keywords>
        <arguments name="PROGRAM_NAME" dataType="CHARACTER" required="true" reconcileScript="eks_p_checkprg"/>
        <arguments name="OPT_PARAM" dataType="CHARACTER" reconcileScript="N/A"/>
        <arguments name="OPT_LINK" dataType="LINK" controlType="TEMPLATE_REFERENCE" reconcileScript="N/A"/>
      </templateDefinitions>
    </logicTemplates>
    <actionTemplates>
      <templateDefinitions xsi:type="EM:ExpertTemplate" name="EKS_ALERT_FLEX_HISTORY_A" definition="Send alert OPT_TITLE stating TXT, OPT_CANCEL_LABEL, OPT_IGNORE_LABEL, OPT_OVERRIDE_REASON, OPT_MODIFY_LABEL, OPT_DEFAULT_LABEL, OPT_ORDERS, OPT_DEFAULT_FIRST_ORDER, OPT_URL_BUTTON_NAME, OPT_URL_ADDRESS, OK_BUTTON_NAME, OPT_FORM, OPT_FORM_BUTTON_NAME, OPT_FORCE_FORM, OPT_LINK, HISTORY_BUTTON_NAME, SAVE_ALERT_TEXT_FLAG" description="Interactive with additional orderable option and history" eventDependency="//@expertTemplates/@events/@event.1 //@expertTemplates/@events/@event.2 //@expertTemplates/@events/@event.8 //@expertTemplates/@events/@event.10 //@expertTemplates/@events/@event.36 //@expertTemplates/@events/@event.38 //@expertTemplates/@events/@event.61 //@expertTemplates/@events/@event.73 //@expertTemplates/@events/@event.75" optimizable="true" reconcilable="true">
        <keywords>ALERT</keywords>
        <arguments name="OPT_TITLE" dataType="CHARACTER" validationType="MAX_LENGTH" reconcileScript="N/A"/>
        <arguments name="TXT" dataType="CHARACTER" controlType="TEXT_MULTI_LINE" validationType="MAX_LENGTH" required="true" reconcileScript="N/A"/>
        <arguments name="OPT_CANCEL_LABEL" dataType="CHARACTER" reconcileScript="N/A"/>
        <arguments name="OPT_IGNORE_LABEL" dataType="CHARACTER" reconcileScript="N/A"/>
        <arguments xsi:type="EM:ReferentialArgument" name="OPT_OVERRIDE_REASON" dataType="CHARACTER" controlType="LISTBOX" validationType="READ_ONLY" optimizable="true" reconcileScript="eks_p_codeset_cki_refhelp  &quot;800&quot;,&quot;CKI&quot;,&quot;*ALL,*NONE&quot;" keyFieldIndex="2">
          <statements dependency="OPT_OVERRIDE_REASON" statement="eks_codeset_cki_refhelp &quot;800&quot;,&quot;CKI&quot;,&quot;*ALL,*NONE&quot; go"/>
        </arguments>
        <arguments name="OPT_MODIFY_LABEL" dataType="CHARACTER" reconcileScript="N/A"/>
        <arguments xsi:type="EM:FixedListArgument" name="OPT_DEFAULT_LABEL" dataType="CHARACTER" validationType="READ_ONLY" reconcileScript="N/A">
          <defaultValue xsi:type="EM:StringValue" value="NONE"/>
          <stringTable>
            <column value="@quot;OPT_CANCEL_LABEL@quot;"/>
            <column value="cancel previous order"/>
          </stringTable>
          <stringTable>
            <column value="@quot;OPT_IGNORE_LABEL@quot;"/>
            <column value="ignore the orderable"/>
          </stringTable>
          <stringTable>
            <column value="@quot;OPT_MODIFY_LABEL@quot;"/>
            <column value="modify the orderable"/>
          </stringTable>
          <stringTable>
            <column value="NONE"/>
            <column value="no default value for labels"/>
          </stringTable>
        </arguments>
        <arguments xsi:type="EM:ReferentialArgument" name="OPT_ORDERS" dataType="CHARACTER" controlType="LISTBOX" validationType="READ_ONLY" reconcileScript="eks_p_orders_sentence" keyFieldIndex="2">
          <statements dependency="OPT_ORDERS" statement="execute EKS_T_FLEX_ORDER_REFHELP &quot;CATALOGTYPE^&quot; go"/>
          <statements dependency="OPT_ORDERS" statement="execute EKS_T_FLEX_ORDER_REFHELP concat(&quot;ALPHA^&quot;, PAR1) go"/>
          <statements dependency="OPT_ORDERS" statement="execute EKS_T_FLEX_ORDER_REFHELP concat(&quot;ORDERS^&quot;, PAR1) go"/>
          <statements dependency="OPT_ORDERS" statement="execute EKS_T_FLEX_ORDER_REFHELP concat(&quot;SENTENCE^&quot;, PAR1) go"/>
        </arguments>
        <arguments xsi:type="EM:FixedListArgument" name="OPT_DEFAULT_FIRST_ORDER" dataType="CHARACTER" validationType="READ_ONLY" reconcileScript="N/A">
          <defaultValue xsi:type="EM:StringValue" value="DISABLED"/>
          <stringTable>
            <column value="ENABLED"/>
            <column value="enable the 1st orderable"/>
          </stringTable>
          <stringTable>
            <column value="DISABLED"/>
            <column value="no default orderable"/>
          </stringTable>
        </arguments>
        <arguments name="OPT_URL_BUTTON_NAME" dataType="CHARACTER" reconcileScript="N/A"/>
        <arguments name="OPT_URL_ADDRESS" dataType="CHARACTER" reconcileScript="N/A"/>
        <arguments name="OK_BUTTON_NAME" dataType="CHARACTER" required="true" reconcileScript="N/A">
          <defaultValue xsi:type="EM:StringValue" value="OK"/>
        </arguments>
        <arguments xsi:type="EM:ReferentialArgument" name="OPT_FORM" dataType="CHARACTER" controlType="REFERENTIAL" validationType="READ_ONLY" reconcileScript="eks_p_powerform" keyFieldIndex="2">
          <statements dependency="OPT_FORM" statement="select distinct&#xD;&#xA;  Form_Definition = if (t.seq = 1) &#xD;&#xA;        dfr.definition&#xD;&#xA;     else &#xD;&#xA;        &quot;*NONE&quot;&#xD;&#xA;     endif,&#xD;&#xA;  _hidden  = if (t.seq = 1) &#xD;&#xA;      dfr.dcp_forms_ref_id&#xD;&#xA;     else&#xD;&#xA;         0.0&#xD;&#xA;     endif,&#xD;&#xA;    Description = if (t.seq = 1) &#xD;&#xA;         dfr.description&#xD;&#xA;     else&#xD;&#xA;         &quot;NONE&quot;&#xD;&#xA;     endif&#xD;&#xA;from dcp_forms_ref dfr, (dummyt t with seq=2)&#xD;&#xA;plan dfr where dfr.active_ind = 1 and textlen(trim(dfr.definition)) > 0 and&#xD;&#xA; textlen(trim(dfr.definition)) > 0&#xD;&#xA;join t&#xD;&#xA;order Form_Definition"/>
        </arguments>
        <arguments name="OPT_FORM_BUTTON_NAME" dataType="CHARACTER" reconcileScript="N/A"/>
        <arguments xsi:type="EM:FixedListArgument" name="OPT_FORCE_FORM" dataType="CHARACTER" validationType="READ_ONLY" reconcileScript="N/A">
          <defaultValue xsi:type="EM:StringValue" value="ENABLED"/>
          <stringTable>
            <column value="ENABLED"/>
            <column value="PowerForm must be opened"/>
          </stringTable>
          <stringTable>
            <column value="DISABLED"/>
            <column value="PowerForm optional "/>
          </stringTable>
          <stringTable>
            <column value="FORCE SIGN"/>
            <column value="PowerForm must be signed"/>
          </stringTable>
          <stringTable>
            <column value="ENABLED AND DISMISS"/>
            <column value="PowerPorm must be opened, dismiss Alert"/>
          </stringTable>
          <stringTable>
            <column value="DISABLED AND DISMISS"/>
            <column value="PowerForm optional, dismiss Alert"/>
          </stringTable>
          <stringTable>
            <column value="FORCE SIGN AND DISMISS"/>
            <column value="PowerForm must be signed, dismiss Alert"/>
          </stringTable>
        </arguments>
        <arguments name="OPT_LINK" dataType="LINK" controlType="TEMPLATE_REFERENCE" reconcileScript="N/A"/>
        <arguments name="HISTORY_BUTTON_NAME" dataType="CHARACTER" required="true" reconcileScript="N/A">
          <defaultValue xsi:type="EM:StringValue" value="History"/>
        </arguments>
        <arguments xsi:type="EM:FixedListArgument" name="SAVE_ALERT_TEXT_FLAG" dataType="CHARACTER" validationType="READ_ONLY" required="true" reconcileScript="N/A">
          <defaultValue xsi:type="EM:StringValue" value="Do not save alert text"/>
          <stringTable>
            <column value="Do not save alert text"/>
            <column value="Do not save alert text"/>
          </stringTable>
          <stringTable>
            <column value="Only save alert text if override is used"/>
            <column value="Only save alert text if override is used"/>
          </stringTable>
          <stringTable>
            <column value="Save alert text every time"/>
            <column value="Save alert text every time"/>
          </stringTable>
        </arguments>
      </templateDefinitions>
    </actionTemplates>
  </expertTemplates>
  <ruleDefinition>
    <evokeSection>
      <evokes evokeEvent="//@expertTemplates/@events/@event.2">
        <logicExpression xsi:type="EM:Antecedent" id="E1" template="EKS_APPLICATION_E">
          <facts argument="QUALIFIER">
            <value xsi:type="EM:StringValue" value="is listed in"/>
          </facts>
          <facts argument="APPLICATION">
            <value xsi:type="EM:ListValue">
              <values xsi:type="EM:ListValue">
                <values xsi:type="EM:CustomValue" hideDisplay="true">
                  <customValue xsi:type="EM:StringValue" value="380000"/>
                </values>
                <values xsi:type="EM:StringValue" value="PharmNet: Med Manager"/>
              </values>
              <values xsi:type="EM:ListValue">
                <values xsi:type="EM:CustomValue" hideDisplay="true">
                  <customValue xsi:type="EM:StringValue" value="385000"/>
                </values>
                <values xsi:type="EM:StringValue" value="PharmNet: Medication Manager Retail"/>
              </values>
            </value>
          </facts>
        </logicExpression>
      </evokes>
      <evokes evokeEvent="//@expertTemplates/@events/@event.61">
        <logicExpression xsi:type="EM:InfixExpression">
          <leftExpression xsi:type="EM:Antecedent" id="E2" template="EKS_APPLICATION_E">
            <facts argument="QUALIFIER">
              <value xsi:type="EM:StringValue" value="is listed in"/>
            </facts>
            <facts argument="APPLICATION">
              <value xsi:type="EM:ListValue">
                <values xsi:type="EM:ListValue">
                  <values xsi:type="EM:CustomValue" hideDisplay="true">
                    <customValue xsi:type="EM:StringValue" value="4250111"/>
                  </values>
                  <values xsi:type="EM:StringValue" value="FirstNet (PowerChart)"/>
                </values>
                <values xsi:type="EM:ListValue">
                  <values xsi:type="EM:CustomValue" hideDisplay="true">
                    <customValue xsi:type="EM:StringValue" value="600005"/>
                  </values>
                  <values xsi:type="EM:StringValue" value="HNA: Powerchart"/>
                </values>
              </value>
            </facts>
          </leftExpression>
          <rightExpression xsi:type="EM:Antecedent" id="E3" template="EKS_ORDER_DETAIL_E">
            <facts argument="ORD_METHOD">
              <value xsi:type="EM:StringValue" value="for any orderable"/>
            </facts>
            <facts argument="OPT_ORDERS">
              <value xsi:type="EM:StringValue"/>
            </facts>
            <facts argument="ORDER_DETAIL">
              <value xsi:type="EM:ListValue">
                <values xsi:type="EM:ListValue">
                  <values xsi:type="EM:CustomValue" hideDisplay="true">
                    <customValue xsi:type="EM:StringValue" value="I|CatalogTypeCd|1|2|CDF6000"/>
                  </values>
                  <values xsi:type="EM:StringValue" value="Catalog Type"/>
                </values>
              </value>
            </facts>
            <facts argument="QUALIFIER">
              <value xsi:type="EM:ListValue">
                <values xsi:type="EM:ListValue">
                  <values xsi:type="EM:CustomValue" hideDisplay="true">
                    <customValue xsi:type="EM:StringValue" value="in"/>
                  </values>
                  <values xsi:type="EM:StringValue" value="is listed in"/>
                </values>
              </value>
            </facts>
            <facts argument="LIST1">
              <value xsi:type="EM:ListValue">
                <values xsi:type="EM:ListValue">
                  <values xsi:type="EM:CustomValue" hideDisplay="true">
                    <customValue xsi:type="EM:StringValue" value="CDF6000:PHARMACY"/>
                  </values>
                  <values xsi:type="EM:StringValue" value="Pharmacy"/>
                  <values xsi:type="EM:ListValue">
                    <values xsi:type="EM:CustomValue" hideDisplay="true">
                      <customValue xsi:type="EM:StringValue" value="I|CatalogTypeCd|1|2|CDF6000"/>
                    </values>
                  </values>
                </values>
              </value>
            </facts>
            <facts argument="OPT_LIST2">
              <value xsi:type="EM:StringValue"/>
            </facts>
          </rightExpression>
        </logicExpression>
      </evokes>
    </evokeSection>
    <logicSection>
      <logicExpression xsi:type="EM:InfixExpression">
        <leftExpression xsi:type="EM:GroupExpression">
          <expression xsi:type="EM:InfixExpression" operator="OR">
            <leftExpression xsi:type="EM:GroupExpression">
              <expression xsi:type="EM:InfixExpression" operator="OR">
                <leftExpression xsi:type="EM:GroupExpression">
                  <expression xsi:type="EM:InfixExpression">
                    <leftExpression xsi:type="EM:GroupExpression">
                      <expression xsi:type="EM:InfixExpression" operator="OR">
                        <leftExpression xsi:type="EM:Antecedent" id="L1" template="EKS_CE_RESULT_MOST_RECENT_L">
                          <facts argument="EVENT_SET_NAME">
                            <value xsi:type="EM:ListValue">
                              <values xsi:type="EM:ListValue">
                                <values xsi:type="EM:CustomValue" hideDisplay="true">
                                  <customValue xsi:type="EM:StringValue" value="ALT"/>
                                </values>
                                <values xsi:type="EM:StringValue" value="ALT"/>
                                <values xsi:type="EM:ListValue">
                                  <values xsi:type="EM:CustomValue" hideDisplay="true">
                                    <customValue xsi:type="EM:StringValue" value="A"/>
                                  </values>
                                </values>
                              </values>
                            </value>
                          </facts>
                          <facts argument="EVALUATION">
                            <value xsi:type="EM:StringValue" value="greater than"/>
                          </facts>
                          <facts argument="VALUE1">
                            <value xsi:type="EM:StringValue" value="56"/>
                          </facts>
                          <facts argument="OPT_VALUE2">
                            <value xsi:type="EM:StringValue"/>
                          </facts>
                          <facts argument="OPT_LINK">
                            <value xsi:type="EM:AntecedentReference"/>
                          </facts>
                          <facts argument="OPT_TIME_NUM"/>
                          <facts argument="OPT_TIME_UNIT">
                            <value xsi:type="EM:StringValue"/>
                          </facts>
                        </leftExpression>
                        <rightExpression xsi:type="EM:Antecedent" id="L2" template="EKS_CE_RESULT_MOST_RECENT_L">
                          <facts argument="EVENT_SET_NAME">
                            <value xsi:type="EM:ListValue">
                              <values xsi:type="EM:ListValue">
                                <values xsi:type="EM:CustomValue" hideDisplay="true">
                                  <customValue xsi:type="EM:StringValue" value="CCK93:CERNER!AeXiwwEJc7Lb7Iw8Cqk/Mw"/>
                                </values>
                                <values xsi:type="EM:StringValue" value="Bili Direct"/>
                                <values xsi:type="EM:ListValue">
                                  <values xsi:type="EM:CustomValue" hideDisplay="true">
                                    <customValue xsi:type="EM:StringValue" value="B"/>
                                  </values>
                                </values>
                              </values>
                            </value>
                          </facts>
                          <facts argument="EVALUATION">
                            <value xsi:type="EM:StringValue" value="greater than"/>
                          </facts>
                          <facts argument="VALUE1">
                            <value xsi:type="EM:StringValue" value="0.6"/>
                          </facts>
                          <facts argument="OPT_VALUE2">
                            <value xsi:type="EM:StringValue"/>
                          </facts>
                          <facts argument="OPT_LINK">
                            <value xsi:type="EM:AntecedentReference"/>
                          </facts>
                          <facts argument="OPT_TIME_NUM"/>
                          <facts argument="OPT_TIME_UNIT">
                            <value xsi:type="EM:StringValue"/>
                          </facts>
                        </rightExpression>
                      </expression>
                    </leftExpression>
                    <rightExpression xsi:type="EM:Antecedent" id="L3" template="EKS_BUILD_MESSAGE_L">
                      <facts argument="ACTION">
                        <value xsi:type="EM:ListValue">
                          <values xsi:type="EM:ListValue">
                            <values xsi:type="EM:CustomValue" hideDisplay="true">
                              <customValue xsi:type="EM:StringValue" value="2"/>
                            </values>
                            <values xsi:type="EM:StringValue" value="Append To"/>
                          </values>
                        </value>
                      </facts>
                      <facts argument="MSGNAME">
                        <value xsi:type="EM:StringValue" value="HEPATICFXN"/>
                      </facts>
                      <facts argument="MSGTEXT">
                        <value xsi:type="EM:StringValue" value="true"/>
                      </facts>
                      <facts argument="OPT_DELIMITER">
                        <value xsi:type="EM:StringValue"/>
                      </facts>
                    </rightExpression>
                  </expression>
                </leftExpression>
                <rightExpression xsi:type="EM:GroupExpression">
                  <expression xsi:type="EM:InfixExpression">
                    <leftExpression xsi:type="EM:Antecedent" id="L4" template="EKS_CE_RESULT_MOST_RECENT_L">
                      <facts argument="EVENT_SET_NAME">
                        <value xsi:type="EM:ListValue">
                          <values xsi:type="EM:ListValue">
                            <values xsi:type="EM:CustomValue" hideDisplay="true">
                              <customValue xsi:type="EM:StringValue" value="AST"/>
                            </values>
                            <values xsi:type="EM:StringValue" value="AST"/>
                            <values xsi:type="EM:ListValue">
                              <values xsi:type="EM:CustomValue" hideDisplay="true">
                                <customValue xsi:type="EM:StringValue" value="A"/>
                              </values>
                            </values>
                          </values>
                        </value>
                      </facts>
                      <facts argument="EVALUATION">
                        <value xsi:type="EM:StringValue" value="greater than"/>
                      </facts>
                      <facts argument="VALUE1">
                        <value xsi:type="EM:StringValue" value="20"/>
                      </facts>
                      <facts argument="OPT_VALUE2">
                        <value xsi:type="EM:StringValue"/>
                      </facts>
                      <facts argument="OPT_LINK">
                        <value xsi:type="EM:AntecedentReference"/>
                      </facts>
                      <facts argument="OPT_TIME_NUM"/>
                      <facts argument="OPT_TIME_UNIT">
                        <value xsi:type="EM:StringValue"/>
                      </facts>
                    </leftExpression>
                    <rightExpression xsi:type="EM:InfixExpression">
                      <leftExpression xsi:type="EM:Antecedent" id="L5" template="EKS_CE_RESULT_MOST_RECENT_L">
                        <facts argument="EVENT_SET_NAME">
                          <value xsi:type="EM:ListValue">
                            <values xsi:type="EM:ListValue">
                              <values xsi:type="EM:CustomValue" hideDisplay="true">
                                <customValue xsi:type="EM:StringValue" value="CCK93:CERNER!AHi9DQD9Hw/SNYBOn4waeg"/>
                              </values>
                              <values xsi:type="EM:StringValue" value="Alk Phos"/>
                              <values xsi:type="EM:ListValue">
                                <values xsi:type="EM:CustomValue" hideDisplay="true">
                                  <customValue xsi:type="EM:StringValue" value="A"/>
                                </values>
                              </values>
                            </values>
                          </value>
                        </facts>
                        <facts argument="EVALUATION">
                          <value xsi:type="EM:StringValue" value="greater than"/>
                        </facts>
                        <facts argument="VALUE1">
                          <value xsi:type="EM:StringValue" value="100"/>
                        </facts>
                        <facts argument="OPT_VALUE2">
                          <value xsi:type="EM:StringValue"/>
                        </facts>
                        <facts argument="OPT_LINK">
                          <value xsi:type="EM:AntecedentReference"/>
                        </facts>
                        <facts argument="OPT_TIME_NUM"/>
                        <facts argument="OPT_TIME_UNIT">
                          <value xsi:type="EM:StringValue"/>
                        </facts>
                      </leftExpression>
                      <rightExpression xsi:type="EM:InfixExpression">
                        <leftExpression xsi:type="EM:Antecedent" id="L6" template="EKS_CE_RESULT_MOST_RECENT_L">
                          <facts argument="EVENT_SET_NAME">
                            <value xsi:type="EM:ListValue">
                              <values xsi:type="EM:ListValue">
                                <values xsi:type="EM:CustomValue" hideDisplay="true">
                                  <customValue xsi:type="EM:StringValue" value="CCK93:CERNER!AeXiwwEJc7Lb7IxOCqk/Mw"/>
                                </values>
                                <values xsi:type="EM:StringValue" value="Bili Total"/>
                                <values xsi:type="EM:ListValue">
                                  <values xsi:type="EM:CustomValue" hideDisplay="true">
                                    <customValue xsi:type="EM:StringValue" value="B"/>
                                  </values>
                                </values>
                              </values>
                            </value>
                          </facts>
                          <facts argument="EVALUATION">
                            <value xsi:type="EM:StringValue" value="greater than"/>
                          </facts>
                          <facts argument="VALUE1">
                            <value xsi:type="EM:StringValue" value="1.1"/>
                          </facts>
                          <facts argument="OPT_VALUE2">
                            <value xsi:type="EM:StringValue"/>
                          </facts>
                          <facts argument="OPT_LINK">
                            <value xsi:type="EM:AntecedentReference"/>
                          </facts>
                          <facts argument="OPT_TIME_NUM"/>
                          <facts argument="OPT_TIME_UNIT">
                            <value xsi:type="EM:StringValue"/>
                          </facts>
                        </leftExpression>
                        <rightExpression xsi:type="EM:InfixExpression">
                          <leftExpression xsi:type="EM:Antecedent" id="L7" template="EKS_EVAL_L">
                            <facts argument="EXPRESSION">
                              <value xsi:type="EM:StringValue" value="(@RESULT:4 > 20 and @RESULT:5 > 100 and @RESULT:6 > 2.2) or (@RESULT:4 > 40 and @RESULT:5 > 100 and @RESULT:6 > 1.1) or (@RESULT:4 > 20 and @RESULT:5 > 200 and @RESULT:6 > 1.1)"/>
                            </facts>
                          </leftExpression>
                          <rightExpression xsi:type="EM:Antecedent" id="L8" template="EKS_BUILD_MESSAGE_L">
                            <facts argument="ACTION">
                              <value xsi:type="EM:ListValue">
                                <values xsi:type="EM:ListValue">
                                  <values xsi:type="EM:CustomValue" hideDisplay="true">
                                    <customValue xsi:type="EM:StringValue" value="2"/>
                                  </values>
                                  <values xsi:type="EM:StringValue" value="Append To"/>
                                </values>
                              </value>
                            </facts>
                            <facts argument="MSGNAME">
                              <value xsi:type="EM:StringValue" value="HEPATICFXN"/>
                            </facts>
                            <facts argument="MSGTEXT">
                              <value xsi:type="EM:StringValue" value="true"/>
                            </facts>
                            <facts argument="OPT_DELIMITER">
                              <value xsi:type="EM:StringValue"/>
                            </facts>
                          </rightExpression>
                        </rightExpression>
                      </rightExpression>
                    </rightExpression>
                  </expression>
                </rightExpression>
              </expression>
            </leftExpression>
            <rightExpression xsi:type="EM:Antecedent" id="L9" template="EKS_LOGIC_TRUE">
              <facts argument="LOGIC">
                <value xsi:type="EM:StringValue" value="@quot;LOGIC@quot;"/>
              </facts>
            </rightExpression>
          </expression>
        </leftExpression>
        <rightExpression xsi:type="EM:Antecedent" id="L10" template="EKS_EXEC_CCL_L">
          <facts argument="PROGRAM_NAME">
            <value xsi:type="EM:StringValue" value="kdmo_call_drc_service_v2"/>
          </facts>
          <facts argument="OPT_PARAM">
            <value xsi:type="EM:StringValue" value="&quot;@MESSAGE:[HEPATICFXN]&quot;"/>
          </facts>
          <facts argument="OPT_LINK">
            <value xsi:type="EM:AntecedentReference"/>
          </facts>
        </rightExpression>
      </logicExpression>
    </logicSection>
    <actionSection>
      <action xsi:type="EM:ActionExpression">
        <logicExpression xsi:type="EM:Antecedent" id="A1" template="EKS_ALERT_FLEX_HISTORY_A">
          <facts argument="OPT_TITLE">
            <value xsi:type="EM:StringValue" value="Dose Range Alert"/>
          </facts>
          <facts argument="TXT">
            <value xsi:type="EM:StringValue" value="The following violation was found:@newline@misc:10"/>
          </facts>
          <facts argument="OPT_CANCEL_LABEL">
            <value xsi:type="EM:StringValue" value="Cancel Order"/>
          </facts>
          <facts argument="OPT_IGNORE_LABEL">
            <value xsi:type="EM:StringValue" value="Override Alert"/>
          </facts>
          <facts argument="OPT_OVERRIDE_REASON">
            <value xsi:type="EM:ListValue">
              <values xsi:type="EM:ListValue">
                <values xsi:type="EM:CustomValue" hideDisplay="true">
                  <customValue xsi:type="EM:StringValue" value="155305151"/>
                </values>
                <values xsi:type="EM:StringValue" value="Patient Already Tolerating"/>
              </values>
              <values xsi:type="EM:ListValue">
                <values xsi:type="EM:CustomValue" hideDisplay="true">
                  <customValue xsi:type="EM:StringValue" value="CKI.CODEVALUE!28310"/>
                </values>
                <values xsi:type="EM:StringValue" value="Pharmacist Clinical Judgment"/>
              </values>
              <values xsi:type="EM:ListValue">
                <values xsi:type="EM:CustomValue" hideDisplay="true">
                  <customValue xsi:type="EM:StringValue" value="145689121"/>
                </values>
                <values xsi:type="EM:StringValue" value="Pharmacist to Intervene"/>
              </values>
              <values xsi:type="EM:ListValue">
                <values xsi:type="EM:CustomValue" hideDisplay="true">
                  <customValue xsi:type="EM:StringValue" value="CKI.CODEVALUE!28303"/>
                </values>
                <values xsi:type="EM:StringValue" value="Prescriber Clinical Judgment"/>
              </values>
              <values xsi:type="EM:ListValue">
                <values xsi:type="EM:CustomValue" hideDisplay="true">
                  <customValue xsi:type="EM:StringValue" value="CKI.CODEVALUE!28308"/>
                </values>
                <values xsi:type="EM:StringValue" value="Prescriber Consulted, OK Received"/>
              </values>
            </value>
          </facts>
          <facts argument="OPT_MODIFY_LABEL">
            <value xsi:type="EM:StringValue" value="Modify Order"/>
          </facts>
          <facts argument="OPT_DEFAULT_LABEL">
            <value xsi:type="EM:StringValue" value="@quot;OPT_MODIFY_LABEL@quot;"/>
          </facts>
          <facts argument="OPT_ORDERS">
            <value xsi:type="EM:StringValue"/>
          </facts>
          <facts argument="OPT_DEFAULT_FIRST_ORDER">
            <value xsi:type="EM:StringValue" value="DISABLED"/>
          </facts>
          <facts argument="OPT_URL_BUTTON_NAME">
            <value xsi:type="EM:StringValue"/>
          </facts>
          <facts argument="OPT_URL_ADDRESS">
            <value xsi:type="EM:StringValue"/>
          </facts>
          <facts argument="OK_BUTTON_NAME">
            <value xsi:type="EM:StringValue" value="OK"/>
          </facts>
          <facts argument="OPT_FORM">
            <value xsi:type="EM:StringValue"/>
          </facts>
          <facts argument="OPT_FORM_BUTTON_NAME">
            <value xsi:type="EM:StringValue"/>
          </facts>
          <facts argument="OPT_FORCE_FORM">
            <value xsi:type="EM:StringValue" value="ENABLED"/>
          </facts>
          <facts argument="OPT_LINK">
            <value xsi:type="EM:AntecedentReference" antecedent="//@ruleDefinition/@logicSection/@logicExpression/@rightExpression"/>
          </facts>
          <facts argument="HISTORY_BUTTON_NAME">
            <value xsi:type="EM:StringValue" value="Alert History"/>
          </facts>
          <facts argument="SAVE_ALERT_TEXT_FLAG">
            <value xsi:type="EM:StringValue" value="Only save alert text if override is used"/>
          </facts>
        </logicExpression>
      </action>
    </actionSection>
  </ruleDefinition>
</EM:ExpertModule>
