<?xml version="1.0" encoding="ASCII"?>
<EM:ExpertModule xmi:version="2.0" xmlns:xmi="http://www.omg.org/XMI" xmlns:xsi="http://www.w3.org/2001/XMLSchema-instance" xmlns:EM="http:///com.cerner.expert/expertmodule/1.0.0" moduleName="COV_SZ_INTERP_REMINDER">
  <information>
    <runtimeInformation versionString="001.008" externalFileName="COV_SZ_INTERP_REMINDER" lastUpdated="2022-10-04T12:02:59.000-0400" validtionType="PRODUCTION" title="COV_SZ_INTERP_REMINDER" reconcileFlag="3" reconcileDate="2022-10-04T12:02:59.000-0400">
      <duration start="2022-08-15T00:00:00.000-0400" end="2100-12-31T23:59:59.000-0500"/>
      <updateUser userName="PARAMASIVAM, GEETHA"/>
    </runtimeInformation>
    <documentation author="Geetha Paramasivam" institution="Covenant Health" specialist=""/>
  </information>
  <expertTemplates>
    <events>
      <event name=""/>
      <event name="ADDPROBLEM"/>
      <event name="ADDTOSCRATCHPAD"/>
      <event name="ALLERGY_EVENT"/>
      <event name="AP_ORDER_EVENT"/>
      <event name="BB_RESULT_EVENT"/>
      <event name="CBTFLEXORDERS"/>
      <event name="CHART_SERVER_EVENT"/>
      <event name="CLINICALTRIALSCREEN"/>
      <event name="CLINICAL_EVENT"/>
      <event name="CLOSECHART"/>
      <event name="COLLECTION_EVENT"/>
      <event name="DCP_CN_TASK_UPD"/>
      <event name="DCP_MODTASK_EVENT"/>
      <event name="DCP_PW_COND"/>
      <event name="DCP_PW_OUTCOME_EVENT"/>
      <event name="DIAGNOSIS_EVENT"/>
      <event name="EKS_FORMAT"/>
      <event name="EKS_SYNC_TEST01"/>
      <event name="EKS_TEST_02"/>
      <event name="EKS_TEST_EVENT"/>
      <event name="EKS_TEST_EVENT01"/>
      <event name="ENSURE_EVENT"/>
      <event name="EXPERT_EVENT"/>
      <event name="HEALTHE_EVENT"/>
      <event name="HEALTH_MAINT_QUAL_EVENT"/>
      <event name="HIM_ADD_REQUEST"/>
      <event name="HIM_ADMIT_EVENT"/>
      <event name="HIM_PATIENT_INFO_REQUEST"/>
      <event name="HIM_TEST_EVENT"/>
      <event name="HL7_EVENT"/>
      <event name="MB_EXPEDITE"/>
      <event name="MB_RESULT_EVENT"/>
      <event name="MB_SCRIPTED_WORKUPS"/>
      <event name="MB_SUSCEPTIBILITY"/>
      <event name="MDI_RESULT_EVENT"/>
      <event name="MEDCHARTACTIVATE"/>
      <event name="MPI_ADT"/>
      <event name="OPENCHART"/>
      <event name="ORDERDETAILSET"/>
      <event name="ORDER_EVENT"/>
      <event name="ORDER_PRO_TEST1"/>
      <event name="PATIENT_EVENT"/>
      <event name="PCA_EXPERT_EVENT"/>
      <event name="Person_Transaction"/>
      <event name="PFT_Add_Account"/>
      <event name="PFT_ADJ_WO"/>
      <event name="PFT_CHARGE_EVENT"/>
      <event name="pft_check_amount"/>
      <event name="PFT_VEHICLE"/>
      <event name="PNTFLEXREFRANGE"/>
      <event name="POWERPLANFLEX"/>
      <event name="PROBLEM_EVENT"/>
      <event name="PROFIT_1450_CLAIM_EVENT"/>
      <event name="PROFIT_1500_CLAIM_EVENT"/>
      <event name="PROVIDER_CHG_EVENT"/>
      <event name="PROVIDE_EVENT"/>
      <event name="PWRCHRT_ADD_ORDER"/>
      <event name="RESULT_EVENT"/>
      <event name="RESULT_EVENT_CSM"/>
      <event name="RESULT_EVENT_TEST"/>
      <event name="RXACLAIMSTATUS"/>
      <event name="RXADISPENSESTATUS"/>
      <event name="RXAPRODUCTSELECT"/>
      <event name="RXAWORKQUESTATUS"/>
      <event name="SAASADDTOSCRATCHPAD"/>
      <event name="SAASORDERDETAILSET"/>
      <event name="SAASSIGNORDER"/>
      <event name="SCH_ACTION_EVENT"/>
      <event name="SIGNORDER"/>
      <event name="SN New Pref Card Created"/>
      <event name="SN_CASE_CHECK_IN_EVENT"/>
      <event name="SN_CASE_EVENT"/>
      <event name="SN_CASE_SCHEDULE_EVENT"/>
      <event name="SN_DOCUMENT_OPEN"/>
      <event name="SN_DOCUMENT_STATE"/>
      <event name="SN_FINALIZE_DOC_EVENT"/>
      <event name="SN_PROCEDURE_SCHEDULE"/>
      <event name="SN_SAVE_PROCEDURE"/>
      <event name="SN_TEST_EVENT"/>
      <event name="SOCIAL_HISTORY_ADD"/>
      <event name="SYNCHEVENT"/>
      <event name="TOCFLEX"/>
      <event name="TOUCHOPENCHART"/>
    </events>
    <evokeTemplates>
      <templateDefinitions xsi:type="EM:ExpertTemplate" name="EKS_CE_RESULT_STATUS_E" definition="EVENT_SET_NAME is  in any of the statuses listed: STATUS" description="Result status" eventDependency="//@expertTemplates/@events/@event.9" optimizable="true" reconcilable="true">
        <keywords>CLINICALEVENT</keywords>
        <arguments xsi:type="EM:ReferentialArgument" name="EVENT_SET_NAME" dataType="CHARACTER" controlType="LISTBOX" validationType="READ_ONLY" required="true" optimizable="true" reconcileScript="eks_p_event_set_name" keyFieldIndex="2">
          <statements dependency="EVENT_SET_NAME" statement="EKS_ABC_REFHELP &quot;ANY&quot; GO"/>
          <statements dependency="EVENT_SET_NAME" statement="eks_event_set_name_refhelp PAR1, &quot;EVENT_SET&quot; go&#xD;&#xA;&#xD;&#xA;/* SELECT&#xD;&#xA;IF (PAR1=&quot;*ANY&quot;)&#xD;&#xA;   EVENT_SET_NAME=&quot;*ANY_EVENT_SET_NAME&quot;&#xD;&#xA; ELSEIF (PAR1=&quot;ALL&quot;)&#xD;&#xA;    EVENT_SET_NAME = V.EVENT_SET_NAME&#xD;&#xA;  FROM V500_EVENT_SET_CODE V&#xD;&#xA;  ORDER cnvtupper(V.EVENT_SET_NAME)&#xD;&#xA; ELSEIF (PAR1 != &quot;OTHER&quot;) &#xD;&#xA;    EVENT_SET_NAME = V.EVENT_SET_NAME&#xD;&#xA;  FROM V500_EVENT_SET_CODE V&#xD;&#xA;  WHERE CNVTUPPER(V.EVENT_SET_NAME) =PATSTRING(CONCAT(cnvtupper(PAR1),&quot;*&quot;))    &#xD;&#xA;  ORDER cnvtupper(V.EVENT_SET_NAME)&#xD;&#xA; ELSE&#xD;&#xA;  EVENT_SET_NAME= V.EVENT_SET_NAME&#xD;&#xA;  FROM V500_EVENT_SET_CODE V&#xD;&#xA;  WHERE CNVTUPPER(substring(1,1,V.EVENT_SET_NAME)) NOT BETWEEN &quot;0&quot; AND &quot;Z&quot;&#xD;&#xA;  ORDER cnvtupper(V.EVENT_SET_NAME)    &#xD;&#xA; ENDIF */"/>
        </arguments>
        <arguments xsi:type="EM:ReferentialArgument" name="STATUS" dataType="CHARACTER" controlType="LISTBOX" validationType="READ_ONLY" required="true" optimizable="true" reconcileScript="eks_p_codeset_cki_refhelp &quot;8&quot;,&quot;CKI&quot;,&quot;*ANY_STATUS&quot;" keyFieldIndex="2">
          <statements dependency="STATUS" statement="eks_codeset_cki_refhelp &quot;8&quot;,&quot;CKI&quot;,&quot;*ANY_STATUS&quot; go&#xD;&#xA;/*&#xD;&#xA;select distinct&#xD;&#xA;    Result_Status = if (t.seq = 1) &#xD;&#xA;              cv.description &#xD;&#xA;           else &#xD;&#xA;              &quot;*ANY_STATUS&quot;&#xD;&#xA;           endif,&#xD;&#xA; _hidden = if (t.seq = 1) &#xD;&#xA;              cv.code_value &#xD;&#xA;           else&#xD;&#xA;              0.0&#xD;&#xA;           endif&#xD;&#xA;from code_value cv, (dummyt t with seq=2)&#xD;&#xA;plan cv where cv.code_set = 8 and cv.active_ind = 1 and cv.cdf_meaning > &quot; &quot;&#xD;&#xA;join t&#xD;&#xA;order Result_Status */&#xD;&#xA;"/>
        </arguments>
      </templateDefinitions>
      <templateDefinitions xsi:type="EM:ExpertTemplate" name="EKS_DEBUGEKM_E" definition="Turn debug messaging DEBUG_STATUS" description="Turn debug messaging on or off" eventDependency="//@expertTemplates/@events/@event.1 //@expertTemplates/@events/@event.2 //@expertTemplates/@events/@event.3 //@expertTemplates/@events/@event.4 //@expertTemplates/@events/@event.5 //@expertTemplates/@events/@event.8 //@expertTemplates/@events/@event.9 //@expertTemplates/@events/@event.10 //@expertTemplates/@events/@event.11 //@expertTemplates/@events/@event.13 //@expertTemplates/@events/@event.16 //@expertTemplates/@events/@event.23 //@expertTemplates/@events/@event.26 //@expertTemplates/@events/@event.27 //@expertTemplates/@events/@event.28 //@expertTemplates/@events/@event.31 //@expertTemplates/@events/@event.32 //@expertTemplates/@events/@event.33 //@expertTemplates/@events/@event.34 //@expertTemplates/@events/@event.36 //@expertTemplates/@events/@event.38 //@expertTemplates/@events/@event.39 //@expertTemplates/@events/@event.40 //@expertTemplates/@events/@event.42 //@expertTemplates/@events/@event.43 //@expertTemplates/@events/@event.46 //@expertTemplates/@events/@event.45 //@expertTemplates/@events/@event.49 //@expertTemplates/@events/@event.50 //@expertTemplates/@events/@event.51 //@expertTemplates/@events/@event.52 //@expertTemplates/@events/@event.56 //@expertTemplates/@events/@event.58 //@expertTemplates/@events/@event.59 //@expertTemplates/@events/@event.61 //@expertTemplates/@events/@event.62 //@expertTemplates/@events/@event.63 //@expertTemplates/@events/@event.64 //@expertTemplates/@events/@event.65 //@expertTemplates/@events/@event.66 //@expertTemplates/@events/@event.67 //@expertTemplates/@events/@event.69 //@expertTemplates/@events/@event.70 //@expertTemplates/@events/@event.71 //@expertTemplates/@events/@event.72 //@expertTemplates/@events/@event.73 //@expertTemplates/@events/@event.74 //@expertTemplates/@events/@event.75 //@expertTemplates/@events/@event.76 //@expertTemplates/@events/@event.77 //@expertTemplates/@events/@event.78 //@expertTemplates/@events/@event.80 //@expertTemplates/@events/@event.81 //@expertTemplates/@events/@event.82 //@expertTemplates/@events/@event.83 //@expertTemplates/@events/@event.48" reconcilable="true" alwaysTrue="true">
        <keywords>UTILITY</keywords>
        <arguments xsi:type="EM:ReferentialArgument" name="DEBUG_STATUS" dataType="CHARACTER" controlType="REFERENTIAL" validationType="READ_ONLY" required="true" reconcileScript="N/A" keyFieldIndex="2">
          <statements dependency="DEBUG_STATUS" statement="select debug_status = if (d.seq =  1) &quot;On for subsequent Evoke Templates&quot;&#xD;&#xA; elseif (d.seq = 2) &quot;Off for subsequent Evoke Templates&quot;&#xD;&#xA; elseif (d.seq = 3) &quot;On for all Logic Templates&quot;&#xD;&#xA; elseif (d.seq = 4) &quot;On for all Action Templates&quot;&#xD;&#xA; elseif (d.seq = 5) &quot;On for all Logic and Action Templates&quot;&#xD;&#xA; elseif (d.seq = 6) &quot;To FullAudit for this module only&quot;&#xD;&#xA; elseif (d.seq = 7) &quot;Additional EKSDATA logging&quot;&#xD;&#xA;ENDIF,&#xD;&#xA;_hidden = if (d.seq = 1) 1&#xD;&#xA; elseif (d.seq=2) 0&#xD;&#xA; elseif (d.seq=3) 2&#xD;&#xA; elseif (d.seq=4) 3&#xD;&#xA; elseif (d.seq=5) 4&#xD;&#xA; elseif (d.seq=6) 5&#xD;&#xA; elseif (d.seq=7) 6&#xD;&#xA;endif&#xD;&#xA;&#xD;&#xA;FROM (DUMMYT D WITH SEQ = VALUE(7))"/>
        </arguments>
      </templateDefinitions>
    </evokeTemplates>
    <logicTemplates>
      <templateDefinitions xsi:type="EM:ExpertTemplate" name="EKS_STOP_LOGIC_L" definition="the following templates are false, MODE logic evaluation" description="Used to control efficiency of Action Group rules" eventDependency="//@expertTemplates/@events/@event.1 //@expertTemplates/@events/@event.2 //@expertTemplates/@events/@event.3 //@expertTemplates/@events/@event.5 //@expertTemplates/@events/@event.8 //@expertTemplates/@events/@event.9 //@expertTemplates/@events/@event.10 //@expertTemplates/@events/@event.11 //@expertTemplates/@events/@event.13 //@expertTemplates/@events/@event.16 //@expertTemplates/@events/@event.23 //@expertTemplates/@events/@event.32 //@expertTemplates/@events/@event.36 //@expertTemplates/@events/@event.38 //@expertTemplates/@events/@event.39 //@expertTemplates/@events/@event.40 //@expertTemplates/@events/@event.42 //@expertTemplates/@events/@event.43 //@expertTemplates/@events/@event.50 //@expertTemplates/@events/@event.51 //@expertTemplates/@events/@event.52 //@expertTemplates/@events/@event.56 //@expertTemplates/@events/@event.58 //@expertTemplates/@events/@event.59 //@expertTemplates/@events/@event.61 //@expertTemplates/@events/@event.62 //@expertTemplates/@events/@event.63 //@expertTemplates/@events/@event.64 //@expertTemplates/@events/@event.65 //@expertTemplates/@events/@event.66 //@expertTemplates/@events/@event.67 //@expertTemplates/@events/@event.69 //@expertTemplates/@events/@event.80 //@expertTemplates/@events/@event.81 //@expertTemplates/@events/@event.82 //@expertTemplates/@events/@event.83" reconcilable="true" alwaysTrue="true">
        <keywords>UTILITY</keywords>
        <arguments xsi:type="EM:FixedListArgument" name="MODE" dataType="CHARACTER" validationType="READ_ONLY" reconcileScript="N/A">
          <defaultValue xsi:type="EM:StringValue" value="STOP"/>
          <stringTable>
            <column value="STOP"/>
            <column value=" "/>
          </stringTable>
          <stringTable>
            <column value="CONTINUE"/>
            <column value=" "/>
          </stringTable>
        </arguments>
      </templateDefinitions>
      <templateDefinitions xsi:type="EM:ExpertTemplate" name="EKS_LOGIC_TRUE" definition="LOGIC is true" description="Always true" eventDependency="//@expertTemplates/@events/@event.1 //@expertTemplates/@events/@event.2 //@expertTemplates/@events/@event.3 //@expertTemplates/@events/@event.8 //@expertTemplates/@events/@event.9 //@expertTemplates/@events/@event.10 //@expertTemplates/@events/@event.11 //@expertTemplates/@events/@event.13 //@expertTemplates/@events/@event.16 //@expertTemplates/@events/@event.23 //@expertTemplates/@events/@event.24 //@expertTemplates/@events/@event.36 //@expertTemplates/@events/@event.38 //@expertTemplates/@events/@event.39 //@expertTemplates/@events/@event.40 //@expertTemplates/@events/@event.42 //@expertTemplates/@events/@event.43 //@expertTemplates/@events/@event.50 //@expertTemplates/@events/@event.51 //@expertTemplates/@events/@event.52 //@expertTemplates/@events/@event.56 //@expertTemplates/@events/@event.58 //@expertTemplates/@events/@event.59 //@expertTemplates/@events/@event.61 //@expertTemplates/@events/@event.62 //@expertTemplates/@events/@event.63 //@expertTemplates/@events/@event.64 //@expertTemplates/@events/@event.65 //@expertTemplates/@events/@event.66 //@expertTemplates/@events/@event.67 //@expertTemplates/@events/@event.68 //@expertTemplates/@events/@event.69 //@expertTemplates/@events/@event.80 //@expertTemplates/@events/@event.81 //@expertTemplates/@events/@event.82 //@expertTemplates/@events/@event.83" reconcilable="true" alwaysTrue="true">
        <keywords>UTILITY</keywords>
        <arguments name="LOGIC" dataType="CHARACTER" reconcileScript="N/A">
          <defaultValue xsi:type="EM:StringValue" value="@quot;LOGIC@quot;"/>
        </arguments>
      </templateDefinitions>
      <templateDefinitions xsi:type="EM:ExpertTemplate" name="EKS_CE_RESULTA_INCOMING_REQ_L" definition="the triggering request contains a STATUS result for EVENT_SET_NAME that is EVALUATION VALUE1" description="Incoming alpha result value, status" eventDependency="//@expertTemplates/@events/@event.9" optimizable="true" reconcilable="true">
        <keywords>CLINICALEVENT</keywords>
        <arguments xsi:type="EM:ReferentialArgument" name="STATUS" dataType="CHARACTER" controlType="LISTBOX" validationType="READ_ONLY" required="true" optimizable="true" reconcileScript="eks_p_codeset_cki_refhelp &quot;8&quot;,&quot;CKI&quot;,&quot;*ANY_STATUS&quot;" keyFieldIndex="2">
          <statements dependency="STATUS" statement="eks_codeset_cki_refhelp &quot;8&quot;,&quot;CKI&quot;,&quot;*ANY_STATUS&quot; go"/>
        </arguments>
        <arguments xsi:type="EM:ReferentialArgument" name="EVENT_SET_NAME" dataType="CHARACTER" controlType="LISTBOX" validationType="READ_ONLY" required="true" optimizable="true" reconcileScript="eks_p_event_set_name" keyFieldIndex="2">
          <statements dependency="EVENT_SET_NAME" statement="EKS_ABC_REFHELP &quot;ANY&quot; GO"/>
          <statements dependency="EVENT_SET_NAME" statement="eks_event_set_name_refhelp PAR1, &quot;EVENT_SET&quot; go"/>
        </arguments>
        <arguments xsi:type="EM:FixedListArgument" name="EVALUATION" dataType="CHARACTER" validationType="READ_ONLY" required="true" reconcileScript="N/A">
          <stringTable>
            <column value="equal to"/>
            <column value="alpha"/>
          </stringTable>
          <stringTable>
            <column value="not equal to"/>
            <column value="alpha"/>
          </stringTable>
        </arguments>
        <arguments xsi:type="EM:ReferentialArgument" name="VALUE1" dataType="CHARACTER" controlType="LISTBOX" validationType="READ_ONLY" required="true" reconcileScript="N/A">
          <statements dependency="VALUE1" statement="EKS_ABC_REFHELP &quot; &quot; GO"/>
          <statements dependency="VALUE1" statement="SELECT&#xD;&#xA; IF (PAR1=&quot;ALL&quot;)&#xD;&#xA;  from nomenclature n,code_value cv&#xD;&#xA;  plan cv where cv.code_set=401 and cv.cdf_meaning =&quot;ALPHA RESPON&quot;&#xD;&#xA;  join n where n.active_ind=1 and n.principle_type_cd=cv.code_value&#xD;&#xA;   and n.beg_effective_dt_tm &lt;= cnvtdatetime(curdate, curtime3)&#xD;&#xA;   and n.end_effective_dt_tm >= cnvtdatetime(curdate, curtime3)&#xD;&#xA;   and n.source_string != &quot; &quot;&#xD;&#xA; ELSEIF (PAR1 != &quot;OTHER&quot;) &#xD;&#xA;  from nomenclature n,code_value cv&#xD;&#xA;  plan cv where cv.code_set=401 and cv.cdf_meaning =&quot;ALPHA RESPON&quot;&#xD;&#xA;  join n where n.active_ind=1 and n.principle_type_cd=cv.code_value&#xD;&#xA;   and n.beg_effective_dt_tm &lt;= cnvtdatetime(curdate, curtime3)&#xD;&#xA;   and n.end_effective_dt_tm >= cnvtdatetime(curdate, curtime3)&#xD;&#xA;   and n.source_string != &quot; &quot;&#xD;&#xA;   and CNVTUPPER(n.source_string)=PATSTRING(CONCAT(cnvtupper(PAR1),&quot;*&quot;))    &#xD;&#xA; ELSE&#xD;&#xA;  from nomenclature n,code_value cv&#xD;&#xA;  plan cv where cv.code_set=401 and cv.cdf_meaning =&quot;ALPHA RESPON&quot;&#xD;&#xA;  join n where n.active_ind=1 and n.principle_type_cd=cv.code_value&#xD;&#xA;   and n.beg_effective_dt_tm &lt;= cnvtdatetime(curdate, curtime3)&#xD;&#xA;   and n.end_effective_dt_tm >= cnvtdatetime(curdate, curtime3)&#xD;&#xA;   and n.source_string != &quot; &quot;&#xD;&#xA;   and  CNVTUPPER(substring(1,1,n.source_string)) NOT BETWEEN &quot;0&quot; AND &quot;Z&quot;&#xD;&#xA; ENDIF&#xD;&#xA;STRING = n.source_string&#xD;&#xA;ORDER cnvtupper(n.source_string)"/>
        </arguments>
      </templateDefinitions>
      <templateDefinitions xsi:type="EM:ExpertTemplate" name="EKS_CALC_SAVE_L" definition="EXPRESSION" description="Create a value to be used by subsequent templates" eventDependency="//@expertTemplates/@events/@event.1 //@expertTemplates/@events/@event.2 //@expertTemplates/@events/@event.3 //@expertTemplates/@events/@event.5 //@expertTemplates/@events/@event.8 //@expertTemplates/@events/@event.9 //@expertTemplates/@events/@event.10 //@expertTemplates/@events/@event.11 //@expertTemplates/@events/@event.13 //@expertTemplates/@events/@event.16 //@expertTemplates/@events/@event.23 //@expertTemplates/@events/@event.36 //@expertTemplates/@events/@event.38 //@expertTemplates/@events/@event.39 //@expertTemplates/@events/@event.40 //@expertTemplates/@events/@event.42 //@expertTemplates/@events/@event.43 //@expertTemplates/@events/@event.50 //@expertTemplates/@events/@event.51 //@expertTemplates/@events/@event.52 //@expertTemplates/@events/@event.56 //@expertTemplates/@events/@event.58 //@expertTemplates/@events/@event.59 //@expertTemplates/@events/@event.61 //@expertTemplates/@events/@event.62 //@expertTemplates/@events/@event.63 //@expertTemplates/@events/@event.64 //@expertTemplates/@events/@event.65 //@expertTemplates/@events/@event.66 //@expertTemplates/@events/@event.67 //@expertTemplates/@events/@event.69 //@expertTemplates/@events/@event.80 //@expertTemplates/@events/@event.81 //@expertTemplates/@events/@event.82 //@expertTemplates/@events/@event.83" reconcilable="true">
        <keywords>UTILITY, LOG_RETVAL</keywords>
        <arguments name="EXPRESSION" dataType="CHARACTER" controlType="TEXT_MULTI_LINE" required="true" reconcileScript="N/A"/>
      </templateDefinitions>
      <templateDefinitions xsi:type="EM:ExpertTemplate" name="EKS_BUILD_PARAM_L" definition="ACTION a dynamic parameter named PARAMNAME with a value of PARAMVALUE. And OPT_SUBSTITUTION resolve substitution value." description="Create or add to a dynamic parameter to be used by subsequent templates." eventDependency="//@expertTemplates/@events/@event.1 //@expertTemplates/@events/@event.2 //@expertTemplates/@events/@event.3 //@expertTemplates/@events/@event.8 //@expertTemplates/@events/@event.9 //@expertTemplates/@events/@event.10 //@expertTemplates/@events/@event.11 //@expertTemplates/@events/@event.13 //@expertTemplates/@events/@event.16 //@expertTemplates/@events/@event.23 //@expertTemplates/@events/@event.32 //@expertTemplates/@events/@event.34 //@expertTemplates/@events/@event.36 //@expertTemplates/@events/@event.38 //@expertTemplates/@events/@event.39 //@expertTemplates/@events/@event.40 //@expertTemplates/@events/@event.42 //@expertTemplates/@events/@event.43 //@expertTemplates/@events/@event.50 //@expertTemplates/@events/@event.51 //@expertTemplates/@events/@event.52 //@expertTemplates/@events/@event.56 //@expertTemplates/@events/@event.58 //@expertTemplates/@events/@event.59 //@expertTemplates/@events/@event.61 //@expertTemplates/@events/@event.62 //@expertTemplates/@events/@event.63 //@expertTemplates/@events/@event.64 //@expertTemplates/@events/@event.65 //@expertTemplates/@events/@event.66 //@expertTemplates/@events/@event.67 //@expertTemplates/@events/@event.69 //@expertTemplates/@events/@event.80 //@expertTemplates/@events/@event.81 //@expertTemplates/@events/@event.82 //@expertTemplates/@events/@event.83" reconcilable="true" alwaysTrue="true">
        <keywords>UTILITY</keywords>
        <arguments xsi:type="EM:ReferentialArgument" name="ACTION" dataType="CHARACTER" controlType="REFERENTIAL" validationType="READ_ONLY" required="true" reconcileScript="N/A" keyFieldIndex="2">
          <statements dependency="ACTION" statement="select action = if (d.seq =  1) &quot;Create&quot;&#xD;&#xA;         elseif (d.seq =  2) &quot;Append To&quot;&#xD;&#xA;         ENDIF,&#xD;&#xA;         _hidden = if (d.seq =  1) &quot;1&quot;&#xD;&#xA;         elseif (d.seq =  2) &quot;2&quot;&#xD;&#xA;         ENDIF&#xD;&#xA;&#xD;&#xA;FROM (DUMMYT D WITH SEQ = VALUE(2))"/>
        </arguments>
        <arguments name="PARAMNAME" dataType="CHARACTER" required="true" reconcileScript="N/A"/>
        <arguments xsi:type="EM:ReferentialArgument" name="PARAMVALUE" dataType="CHARACTER" controlType="LISTBOX" validationType="READ_ONLY" required="true" reconcileScript="N/A" keyFieldIndex="2">
          <statements dependency="PARAMVALUE" statement="select param_value =&quot;Double click in lower box to enter a freetext value, or right click and paste values that have been copied&quot;, _hidden = &quot; &quot; from (dummyt d with seq = 1)"/>
        </arguments>
        <arguments xsi:type="EM:FixedListArgument" name="OPT_SUBSTITUTION" dataType="CHARACTER" validationType="READ_ONLY" reconcileScript="N/A">
          <defaultValue xsi:type="EM:StringValue" value="do not"/>
          <stringTable>
            <column value="do"/>
            <column value="do"/>
          </stringTable>
          <stringTable>
            <column value="do not"/>
            <column value="do not"/>
          </stringTable>
        </arguments>
      </templateDefinitions>
      <templateDefinitions xsi:type="EM:ExpertTemplate" name="EKS_EVAL_L" definition="EXPRESSION" description="Freetext CCL evaluation" eventDependency="//@expertTemplates/@events/@event.1 //@expertTemplates/@events/@event.2 //@expertTemplates/@events/@event.3 //@expertTemplates/@events/@event.5 //@expertTemplates/@events/@event.8 //@expertTemplates/@events/@event.9 //@expertTemplates/@events/@event.10 //@expertTemplates/@events/@event.11 //@expertTemplates/@events/@event.13 //@expertTemplates/@events/@event.16 //@expertTemplates/@events/@event.23 //@expertTemplates/@events/@event.24 //@expertTemplates/@events/@event.36 //@expertTemplates/@events/@event.38 //@expertTemplates/@events/@event.39 //@expertTemplates/@events/@event.40 //@expertTemplates/@events/@event.42 //@expertTemplates/@events/@event.43 //@expertTemplates/@events/@event.50 //@expertTemplates/@events/@event.51 //@expertTemplates/@events/@event.52 //@expertTemplates/@events/@event.56 //@expertTemplates/@events/@event.58 //@expertTemplates/@events/@event.59 //@expertTemplates/@events/@event.61 //@expertTemplates/@events/@event.62 //@expertTemplates/@events/@event.63 //@expertTemplates/@events/@event.64 //@expertTemplates/@events/@event.65 //@expertTemplates/@events/@event.66 //@expertTemplates/@events/@event.67 //@expertTemplates/@events/@event.69 //@expertTemplates/@events/@event.80 //@expertTemplates/@events/@event.81 //@expertTemplates/@events/@event.82 //@expertTemplates/@events/@event.83" reconcilable="true">
        <keywords>UTILITY</keywords>
        <arguments name="EXPRESSION" dataType="CHARACTER" controlType="TEXT_MULTI_LINE" required="true" reconcileScript="N/A"/>
      </templateDefinitions>
      <templateDefinitions xsi:type="EM:ExpertTemplate" name="PHI_FIND_PASSIVE_ALERT" definition="Patient has Alert with text ALERT_TEXT, SEARCH_OPTION" description="Finds if a particular alert text for the patient exists" eventDependency="//@expertTemplates/@events/@event.3 //@expertTemplates/@events/@event.5 //@expertTemplates/@events/@event.9 //@expertTemplates/@events/@event.11 //@expertTemplates/@events/@event.16 //@expertTemplates/@events/@event.23 //@expertTemplates/@events/@event.40 //@expertTemplates/@events/@event.42 //@expertTemplates/@events/@event.52 //@expertTemplates/@events/@event.58 //@expertTemplates/@events/@event.80">
        <keywords></keywords>
        <arguments name="ALERT_TEXT" dataType="CHARACTER" validationType="MAX_LENGTH" required="true"/>
        <arguments xsi:type="EM:FixedListArgument" name="SEARCH_OPTION" dataType="CHARACTER" validationType="READ_ONLY">
          <defaultValue xsi:type="EM:StringValue" value="EXACT"/>
          <stringTable>
            <column value="EXACT"/>
            <column value="Alert text containing the exact text"/>
          </stringTable>
          <stringTable>
            <column value="STARTS_WITH"/>
            <column value="Alert text that starts with"/>
          </stringTable>
        </arguments>
      </templateDefinitions>
      <templateDefinitions xsi:type="EM:ExpertTemplate" name="EKS_BUILD_MESSAGE_L" definition="ACTION a message named MSGNAME with text of MSGTEXT preceded by OPT_DELIMITER" description="Create or add to a text message to be used by subsequent templates" eventDependency="//@expertTemplates/@events/@event.1 //@expertTemplates/@events/@event.2 //@expertTemplates/@events/@event.3 //@expertTemplates/@events/@event.8 //@expertTemplates/@events/@event.9 //@expertTemplates/@events/@event.10 //@expertTemplates/@events/@event.11 //@expertTemplates/@events/@event.13 //@expertTemplates/@events/@event.16 //@expertTemplates/@events/@event.23 //@expertTemplates/@events/@event.32 //@expertTemplates/@events/@event.34 //@expertTemplates/@events/@event.36 //@expertTemplates/@events/@event.38 //@expertTemplates/@events/@event.39 //@expertTemplates/@events/@event.40 //@expertTemplates/@events/@event.42 //@expertTemplates/@events/@event.43 //@expertTemplates/@events/@event.50 //@expertTemplates/@events/@event.51 //@expertTemplates/@events/@event.52 //@expertTemplates/@events/@event.56 //@expertTemplates/@events/@event.58 //@expertTemplates/@events/@event.59 //@expertTemplates/@events/@event.61 //@expertTemplates/@events/@event.62 //@expertTemplates/@events/@event.63 //@expertTemplates/@events/@event.64 //@expertTemplates/@events/@event.65 //@expertTemplates/@events/@event.66 //@expertTemplates/@events/@event.67 //@expertTemplates/@events/@event.69 //@expertTemplates/@events/@event.80 //@expertTemplates/@events/@event.81 //@expertTemplates/@events/@event.82 //@expertTemplates/@events/@event.83" reconcilable="true" alwaysTrue="true">
        <keywords>UTILITY</keywords>
        <arguments xsi:type="EM:ReferentialArgument" name="ACTION" dataType="CHARACTER" controlType="REFERENTIAL" validationType="READ_ONLY" required="true" reconcileScript="N/A" keyFieldIndex="2">
          <statements dependency="ACTION" statement="select action = if (d.seq =  1) &quot;Create&quot;&#xD;&#xA;         elseif (d.seq =  2) &quot;Append To&quot;&#xD;&#xA;         ENDIF,&#xD;&#xA;         _hidden = if (d.seq =  1) &quot;1&quot;&#xD;&#xA;         elseif (d.seq =  2) &quot;2&quot;&#xD;&#xA;         ENDIF&#xD;&#xA;&#xD;&#xA;FROM (DUMMYT D WITH SEQ = VALUE(2))"/>
        </arguments>
        <arguments name="MSGNAME" dataType="CHARACTER" required="true" reconcileScript="N/A"/>
        <arguments name="MSGTEXT" dataType="CHARACTER" required="true" reconcileScript="N/A"/>
        <arguments name="OPT_DELIMITER" dataType="CHARACTER" reconcileScript="N/A"/>
      </templateDefinitions>
      <templateDefinitions xsi:type="EM:ExpertTemplate" name="EKS_PREVIOUS_ACTION_L" definition="If previous action of ACTION_NAME was executed for SCOPE OPT_LINK initiated by PERSONNEL user in last OPT_TIME_NUM OPT_TIME_UNIT" description="If previous action of ACTION_NAME was executed for SCOPE OPT_LINK initiated by PERSONNEL user in last OPT_TIME_NUM OPT_TIME_UNIT" eventDependency="//@expertTemplates/@events/@event.1 //@expertTemplates/@events/@event.2 //@expertTemplates/@events/@event.3 //@expertTemplates/@events/@event.9 //@expertTemplates/@events/@event.10 //@expertTemplates/@events/@event.11 //@expertTemplates/@events/@event.13 //@expertTemplates/@events/@event.16 //@expertTemplates/@events/@event.23 //@expertTemplates/@events/@event.36 //@expertTemplates/@events/@event.38 //@expertTemplates/@events/@event.39 //@expertTemplates/@events/@event.40 //@expertTemplates/@events/@event.42 //@expertTemplates/@events/@event.43 //@expertTemplates/@events/@event.51 //@expertTemplates/@events/@event.52 //@expertTemplates/@events/@event.56 //@expertTemplates/@events/@event.58 //@expertTemplates/@events/@event.61 //@expertTemplates/@events/@event.62 //@expertTemplates/@events/@event.63 //@expertTemplates/@events/@event.64 //@expertTemplates/@events/@event.65 //@expertTemplates/@events/@event.66 //@expertTemplates/@events/@event.67 //@expertTemplates/@events/@event.69 //@expertTemplates/@events/@event.80 //@expertTemplates/@events/@event.81 //@expertTemplates/@events/@event.82 //@expertTemplates/@events/@event.83" reconcilable="true">
        <keywords>UTILITY</keywords>
        <arguments xsi:type="EM:ReferentialArgument" name="ACTION_NAME" dataType="CHARACTER" controlType="LISTBOX" validationType="READ_ONLY" required="true" reconcileScript="eks_p_moduleName" keyFieldIndex="2">
          <statements dependency="ACTION_NAME" statement="execute eks_t_dlg_refhelp &quot;step0^&quot; go"/>
          <statements dependency="ACTION_NAME" statement="execute eks_t_dlg_refhelp concat(&quot;step1^&quot;, PAR1) go"/>
        </arguments>
        <arguments xsi:type="EM:FixedListArgument" name="SCOPE" dataType="CHARACTER" validationType="READ_ONLY" required="true" reconcileScript="N/A">
          <stringTable>
            <column value="same person"/>
            <column value="same person"/>
          </stringTable>
          <stringTable>
            <column value="same encounter"/>
            <column value="same encounter"/>
          </stringTable>
          <stringTable>
            <column value="any person"/>
            <column value="any person"/>
          </stringTable>
        </arguments>
        <arguments name="OPT_LINK" dataType="LINK" controlType="TEMPLATE_REFERENCE" reconcileScript="N/A"/>
        <arguments xsi:type="EM:FixedListArgument" name="PERSONNEL" dataType="CHARACTER" validationType="READ_ONLY" required="true" reconcileScript="N/A">
          <defaultValue xsi:type="EM:StringValue" value="any"/>
          <stringTable>
            <column value="current"/>
            <column value="current"/>
          </stringTable>
          <stringTable>
            <column value="any"/>
            <column value="any"/>
          </stringTable>
        </arguments>
        <arguments name="OPT_TIME_NUM" dataType="CHARACTER" reconcileScript="N/A"/>
        <arguments xsi:type="EM:FixedListArgument" name="OPT_TIME_UNIT" dataType="CHARACTER" validationType="READ_ONLY" reconcileScript="N/A">
          <stringTable>
            <column value="minutes"/>
            <column value="minutes"/>
          </stringTable>
          <stringTable>
            <column value="hours"/>
            <column value="hours"/>
          </stringTable>
          <stringTable>
            <column value="days"/>
            <column value="days"/>
          </stringTable>
        </arguments>
      </templateDefinitions>
    </logicTemplates>
    <actionTemplates>
      <templateDefinitions xsi:type="EM:ExpertTemplate" name="PHI_REMOVE_PASSIVE_ALERT" definition="Remove ALERT_TEXT for person LINK using SEARCH_OPTION match." description="Remove non time sensitive alerts from the SmartZone once they have been addressed." eventDependency="//@expertTemplates/@events/@event.3 //@expertTemplates/@events/@event.5 //@expertTemplates/@events/@event.9 //@expertTemplates/@events/@event.11 //@expertTemplates/@events/@event.16 //@expertTemplates/@events/@event.23 //@expertTemplates/@events/@event.40 //@expertTemplates/@events/@event.42 //@expertTemplates/@events/@event.52 //@expertTemplates/@events/@event.58 //@expertTemplates/@events/@event.80">
        <keywords></keywords>
        <arguments name="ALERT_TEXT" dataType="CHARACTER" validationType="MAX_LENGTH" required="true"/>
        <arguments name="LINK" dataType="LINK" controlType="TEMPLATE_REFERENCE" required="true"/>
        <arguments xsi:type="EM:FixedListArgument" name="SEARCH_OPTION" dataType="CHARACTER" validationType="READ_ONLY">
          <defaultValue xsi:type="EM:StringValue" value="EXACT"/>
          <stringTable>
            <column value="EXACT"/>
            <column value="Alert text containing the exact text"/>
          </stringTable>
          <stringTable>
            <column value="STARTS_WITH"/>
            <column value="Alert text that starts with"/>
          </stringTable>
        </arguments>
      </templateDefinitions>
      <templateDefinitions xsi:type="EM:ExpertTemplate" name="PHI_ADD_PASSIVE_ALERT" definition="Add ALERT_TEXT for person LINK with CATEGORY, POSITION, OPT_ACTION_TYPE, OPT_ACTION_PARAM, OPT_EXPIRE_VALUE, OPT_EXPIRE_UNIT, OPT_PATIENT_LEVEL, OPT_ALLOW_USER_DISMISS  " description="Divert non time sensitive alerts within clinical workflow to Smartzone so that they are passive, highly visible, intuitive and non-intrusive." eventDependency="//@expertTemplates/@events/@event.3 //@expertTemplates/@events/@event.5 //@expertTemplates/@events/@event.9 //@expertTemplates/@events/@event.11 //@expertTemplates/@events/@event.16 //@expertTemplates/@events/@event.23 //@expertTemplates/@events/@event.40 //@expertTemplates/@events/@event.42 //@expertTemplates/@events/@event.52 //@expertTemplates/@events/@event.58 //@expertTemplates/@events/@event.80">
        <keywords></keywords>
        <arguments name="ALERT_TEXT" dataType="CHARACTER" validationType="MAX_LENGTH" required="true"/>
        <arguments name="LINK" dataType="LINK" controlType="TEMPLATE_REFERENCE" required="true"/>
        <arguments xsi:type="EM:ReferentialArgument" name="CATEGORY" dataType="CHARACTER" controlType="REFERENTIAL" validationType="READ_ONLY" required="true" keyFieldIndex="2">
          <statements dependency="CATEGORY" statement="eks_codeset_cki_refhelp &quot;4132000&quot;,&quot;&quot;,&quot;&quot; go"/>
        </arguments>
        <arguments xsi:type="EM:ReferentialArgument" name="POSITION" dataType="CHARACTER" controlType="LISTBOX" validationType="READ_ONLY" required="true" keyFieldIndex="2">
          <statements dependency="POSITION" statement="eks_codeset_cki_refhelp &quot;88&quot;,&quot;CKI&quot;,&quot;*ALL&quot; go"/>
        </arguments>
        <arguments xsi:type="EM:ReferentialArgument" name="OPT_ACTION_TYPE" dataType="CHARACTER" controlType="REFERENTIAL" validationType="READ_ONLY">
          <statements dependency="OPT_ACTION_TYPE" statement="PHI_ACTION_TYPE_REFHELP &quot;&quot; GO"/>
        </arguments>
        <arguments name="OPT_ACTION_PARAM" dataType="CHARACTER"/>
        <arguments name="OPT_EXPIRE_VALUE"/>
        <arguments xsi:type="EM:ReferentialArgument" name="OPT_EXPIRE_UNIT" dataType="CHARACTER" controlType="REFERENTIAL" validationType="READ_ONLY">
          <statements dependency="OPT_EXPIRE_UNIT" statement="PHI_EXPIRE_UNIT_REFHELP &quot;&quot; GO"/>
        </arguments>
        <arguments xsi:type="EM:FixedListArgument" name="OPT_PATIENT_LEVEL" dataType="CHARACTER" validationType="READ_ONLY">
          <defaultValue xsi:type="EM:StringValue" value="NO"/>
          <stringTable>
            <column value="NO"/>
            <column value="Add alert at encounter level"/>
          </stringTable>
          <stringTable>
            <column value="YES"/>
            <column value="Add alert at patient level"/>
          </stringTable>
        </arguments>
        <arguments xsi:type="EM:FixedListArgument" name="OPT_ALLOW_USER_DISMISS" dataType="CHARACTER" validationType="READ_ONLY">
          <defaultValue xsi:type="EM:StringValue" value="NO"/>
          <stringTable>
            <column value="YES"/>
            <column value="Alert can be dismissed by the user within SmartZone"/>
          </stringTable>
          <stringTable>
            <column value="NO"/>
            <column value="Alert cannot be dismissed by the user within SmartZone"/>
          </stringTable>
        </arguments>
      </templateDefinitions>
      <templateDefinitions xsi:type="EM:ExpertTemplate" name="EKS_LOG_ACTION_A" definition="Log action with name ACTION_NAME" description="Log action with name ACTION_NAME" eventDependency="//@expertTemplates/@events/@event.2 //@expertTemplates/@events/@event.3 //@expertTemplates/@events/@event.9 //@expertTemplates/@events/@event.10 //@expertTemplates/@events/@event.11 //@expertTemplates/@events/@event.13 //@expertTemplates/@events/@event.16 //@expertTemplates/@events/@event.23 //@expertTemplates/@events/@event.36 //@expertTemplates/@events/@event.38 //@expertTemplates/@events/@event.39 //@expertTemplates/@events/@event.40 //@expertTemplates/@events/@event.42 //@expertTemplates/@events/@event.43 //@expertTemplates/@events/@event.52 //@expertTemplates/@events/@event.56 //@expertTemplates/@events/@event.58 //@expertTemplates/@events/@event.61 //@expertTemplates/@events/@event.62 //@expertTemplates/@events/@event.63 //@expertTemplates/@events/@event.64 //@expertTemplates/@events/@event.65 //@expertTemplates/@events/@event.66 //@expertTemplates/@events/@event.67 //@expertTemplates/@events/@event.69 //@expertTemplates/@events/@event.80 //@expertTemplates/@events/@event.81 //@expertTemplates/@events/@event.83" reconcilable="true" alwaysTrue="true">
        <keywords>UTILITY</keywords>
        <arguments xsi:type="EM:ReferentialArgument" name="ACTION_NAME" dataType="CHARACTER" controlType="LISTBOX" validationType="READ_ONLY" required="true" reconcileScript="eks_p_moduleName" keyFieldIndex="2">
          <statements dependency="ACTION_NAME" statement="execute eks_t_dlg_refhelp &quot;step0^&quot; go"/>
          <statements dependency="ACTION_NAME" statement="execute eks_t_dlg_refhelp concat(&quot;step1^&quot;, PAR1) go"/>
        </arguments>
      </templateDefinitions>
      <templateDefinitions xsi:type="EM:ExpertTemplate" name="EKS_MESSENGER_A" definition="Send message  to RECIPIENT with subject OPT_SUBJECT and message MSG with a OPT_PRIORITY priority." description="Send message to printer, email, alphapager" eventDependency="//@expertTemplates/@events/@event.1 //@expertTemplates/@events/@event.2 //@expertTemplates/@events/@event.3 //@expertTemplates/@events/@event.4 //@expertTemplates/@events/@event.5 //@expertTemplates/@events/@event.7 //@expertTemplates/@events/@event.8 //@expertTemplates/@events/@event.9 //@expertTemplates/@events/@event.10 //@expertTemplates/@events/@event.11 //@expertTemplates/@events/@event.12 //@expertTemplates/@events/@event.13 //@expertTemplates/@events/@event.14 //@expertTemplates/@events/@event.15 //@expertTemplates/@events/@event.16 //@expertTemplates/@events/@event.17 //@expertTemplates/@events/@event.20 //@expertTemplates/@events/@event.22 //@expertTemplates/@events/@event.23 //@expertTemplates/@events/@event.26 //@expertTemplates/@events/@event.27 //@expertTemplates/@events/@event.28 //@expertTemplates/@events/@event.30 //@expertTemplates/@events/@event.31 //@expertTemplates/@events/@event.32 //@expertTemplates/@events/@event.33 //@expertTemplates/@events/@event.34 //@expertTemplates/@events/@event.35 //@expertTemplates/@events/@event.36 //@expertTemplates/@events/@event.37 //@expertTemplates/@events/@event.38 //@expertTemplates/@events/@event.39 //@expertTemplates/@events/@event.40 //@expertTemplates/@events/@event.42 //@expertTemplates/@events/@event.43 //@expertTemplates/@events/@event.46 //@expertTemplates/@events/@event.45 //@expertTemplates/@events/@event.49 //@expertTemplates/@events/@event.52 //@expertTemplates/@events/@event.55 //@expertTemplates/@events/@event.56 //@expertTemplates/@events/@event.57 //@expertTemplates/@events/@event.58 //@expertTemplates/@events/@event.59 //@expertTemplates/@events/@event.60 //@expertTemplates/@events/@event.61 //@expertTemplates/@events/@event.62 //@expertTemplates/@events/@event.63 //@expertTemplates/@events/@event.64 //@expertTemplates/@events/@event.65 //@expertTemplates/@events/@event.66 //@expertTemplates/@events/@event.67 //@expertTemplates/@events/@event.69 //@expertTemplates/@events/@event.70 //@expertTemplates/@events/@event.71 //@expertTemplates/@events/@event.72 //@expertTemplates/@events/@event.73 //@expertTemplates/@events/@event.74 //@expertTemplates/@events/@event.75 //@expertTemplates/@events/@event.76 //@expertTemplates/@events/@event.77 //@expertTemplates/@events/@event.78 //@expertTemplates/@events/@event.79 //@expertTemplates/@events/@event.80 //@expertTemplates/@events/@event.81 //@expertTemplates/@events/@event.83 //@expertTemplates/@events/@event.48" reconcilable="true">
        <keywords>NOTIFICATION</keywords>
        <arguments xsi:type="EM:ReferentialArgument" name="RECIPIENT" dataType="CHARACTER" controlType="LISTBOX" validationType="READ_ONLY" required="true" reconcileScript="N/A">
          <statements dependency="RECIPIENT" statement="execute eks_t_messenger &quot;HELPRECIPIENT^EMAIL^PRINTER^ALPHAPAGER&quot; go"/>
        </arguments>
        <arguments name="OPT_SUBJECT" dataType="CHARACTER" reconcileScript="N/A"/>
        <arguments name="MSG" dataType="CHARACTER" controlType="TEXT_MULTI_LINE" required="true" reconcileScript="N/A"/>
        <arguments xsi:type="EM:ReferentialArgument" name="OPT_PRIORITY" dataType="CHARACTER" controlType="REFERENTIAL" validationType="REFERENTIAL" reconcileScript="N/A">
          <statements dependency="OPT_PRIORITY" statement="execute eks_t_messenger &quot;HELPPRIORITY&quot; go"/>
        </arguments>
      </templateDefinitions>
    </actionTemplates>
  </expertTemplates>
  <ruleDefinition>
    <evokeSection>
      <evokes evokeEvent="//@expertTemplates/@events/@event.9">
        <logicExpression xsi:type="EM:InfixExpression">
          <leftExpression xsi:type="EM:GroupExpression">
            <expression xsi:type="EM:Antecedent" id="E1" template="EKS_CE_RESULT_STATUS_E">
              <facts argument="EVENT_SET_NAME">
                <value xsi:type="EM:ListValue">
                  <values xsi:type="EM:ListValue">
                    <values xsi:type="EM:CustomValue" hideDisplay="true">
                      <customValue xsi:type="EM:StringValue" value="Requested Communication Tools"/>
                    </values>
                    <values xsi:type="EM:StringValue" value="Requested Communication Tools"/>
                    <values xsi:type="EM:ListValue">
                      <values xsi:type="EM:CustomValue" hideDisplay="true">
                        <customValue xsi:type="EM:StringValue" value="R"/>
                      </values>
                    </values>
                  </values>
                </value>
              </facts>
              <facts argument="STATUS">
                <value xsi:type="EM:ListValue">
                  <values xsi:type="EM:ListValue">
                    <values xsi:type="EM:CustomValue" hideDisplay="true">
                      <customValue xsi:type="EM:StringValue" value="*ANY_STATUS"/>
                    </values>
                    <values xsi:type="EM:StringValue" value="*ANY_STATUS"/>
                  </values>
                </value>
              </facts>
            </expression>
          </leftExpression>
          <rightExpression xsi:type="EM:Antecedent" id="E2" template="EKS_DEBUGEKM_E">
            <facts argument="DEBUG_STATUS">
              <value xsi:type="EM:ListValue">
                <values xsi:type="EM:ListValue">
                  <values xsi:type="EM:CustomValue" hideDisplay="true">
                    <customValue xsi:type="EM:StringValue" value="5"/>
                  </values>
                  <values xsi:type="EM:StringValue" value="To FullAudit for this module only"/>
                </values>
              </value>
            </facts>
          </rightExpression>
        </logicExpression>
      </evokes>
    </evokeSection>
    <logicSection>
      <logicExpression xsi:type="EM:InfixExpression">
        <leftExpression xsi:type="EM:Antecedent" id="L1" template="EKS_STOP_LOGIC_L">
          <facts argument="MODE">
            <value xsi:type="EM:StringValue" value="STOP"/>
          </facts>
        </leftExpression>
        <rightExpression xsi:type="EM:InfixExpression">
          <leftExpression xsi:type="EM:Antecedent" alias="PatientInfo" id="L2" template="EKS_LOGIC_TRUE">
            <facts argument="LOGIC">
              <value xsi:type="EM:StringValue" value="@quot;LOGIC@quot;"/>
            </facts>
          </leftExpression>
          <rightExpression xsi:type="EM:InfixExpression">
            <leftExpression xsi:type="EM:GroupExpression">
              <expression xsi:type="EM:InfixExpression" operator="OR">
                <leftExpression xsi:type="EM:GroupExpression">
                  <expression xsi:type="EM:InfixExpression">
                    <leftExpression xsi:type="EM:Antecedent" alias="CE Eval Auth" id="L3" template="EKS_CE_RESULTA_INCOMING_REQ_L">
                      <facts argument="STATUS">
                        <value xsi:type="EM:ListValue">
                          <values xsi:type="EM:ListValue">
                            <values xsi:type="EM:CustomValue" hideDisplay="true">
                              <customValue xsi:type="EM:StringValue" value="CDF8:AUTH"/>
                            </values>
                            <values xsi:type="EM:StringValue" value="Auth (Verified)"/>
                          </values>
                          <values xsi:type="EM:ListValue">
                            <values xsi:type="EM:CustomValue" hideDisplay="true">
                              <customValue xsi:type="EM:StringValue" value="CDF8:ALTERED"/>
                            </values>
                            <values xsi:type="EM:StringValue" value="Modified"/>
                          </values>
                          <values xsi:type="EM:ListValue">
                            <values xsi:type="EM:CustomValue" hideDisplay="true">
                              <customValue xsi:type="EM:StringValue" value="CDF8:MODIFIED"/>
                            </values>
                            <values xsi:type="EM:StringValue" value="Modified"/>
                          </values>
                        </value>
                      </facts>
                      <facts argument="EVENT_SET_NAME">
                        <value xsi:type="EM:ListValue">
                          <values xsi:type="EM:ListValue">
                            <values xsi:type="EM:CustomValue" hideDisplay="true">
                              <customValue xsi:type="EM:StringValue" value="Requested Communication Tools"/>
                            </values>
                            <values xsi:type="EM:StringValue" value="Requested Communication Tools"/>
                            <values xsi:type="EM:ListValue">
                              <values xsi:type="EM:CustomValue" hideDisplay="true">
                                <customValue xsi:type="EM:StringValue" value="R"/>
                              </values>
                            </values>
                          </values>
                        </value>
                      </facts>
                      <facts argument="EVALUATION">
                        <value xsi:type="EM:StringValue" value="not equal to"/>
                      </facts>
                      <facts argument="VALUE1">
                        <value xsi:type="EM:ListValue">
                          <values xsi:type="EM:ListValue">
                            <values xsi:type="EM:CustomValue" hideDisplay="true">
                              <customValue xsi:type="EM:StringValue" value=" "/>
                            </values>
                            <values xsi:type="EM:StringValue" value="ABC123"/>
                            <values xsi:type="EM:ListValue">
                              <values xsi:type="EM:CustomValue" hideDisplay="true">
                                <customValue xsi:type="EM:StringValue" value="OTHER"/>
                              </values>
                            </values>
                          </values>
                        </value>
                      </facts>
                    </leftExpression>
                    <rightExpression xsi:type="EM:InfixExpression">
                      <leftExpression xsi:type="EM:Antecedent" alias="CE Interp Type" id="L4" template="EKS_CALC_SAVE_L">
                        <facts argument="EXPRESSION">
                          <value xsi:type="EM:StringValue" value="select into 'nl:' @NEWLINEfrom clinical_event ce, clinical_event ce2@NEWLINEplan ce where ce.encntr_id = trigger_encntrid@NEWLINE&#x9;and ce.valid_until_dt_tm = cnvtdatetime (&quot;31-DEC-2100 00:00:00&quot; )@NEWLINE&#x9;and ce.result_status_cd IN (23.00, 34.00, 25.00, 35.00)@NEWLINE&#x9;and ce.person_id = trigger_personid@NEWLINE&#x9;and ce.event_id = (select max(ce1.event_id) from clinical_event ce1@NEWLINE&#x9;&#x9;where ce1.encntr_id = ce.encntr_id@NEWLINE&#x9;&#x9;and ce1.event_cd = value(uar_get_code_by(&quot;DISPLAY&quot;, 72, &quot;Requested Communication Tools&quot;))@NEWLINE&#x9;&#x9;and ( @NEWLINE&#x9;&#x9;&#x9;( (ce1.result_val = 'Video interpretation') or (ce1.result_val = '*Video interpretation')@NEWLINE&#x9;&#x9;&#x9;&#x9;or (ce1.result_val = '*Video interpretation*') or (ce1.result_val = 'Video interpretation*') @NEWLINE&#x9;&#x9;&#x9;)@NEWLINE&#x9;&#x9;    OR((ce1.result_val = 'In-person interpretation') or (ce1.result_val = '*In-person interpretation')@NEWLINE&#x9;&#x9;    &#x9;&#x9;or (ce1.result_val = '*In-person interpretation*') or (ce1.result_val = 'In-person interpretation*')@NEWLINE&#x9;&#x9;    &#x9;)&#x9;@NEWLINE&#x9;&#x9;    OR((ce1.result_val = 'Telephone interpretation') or (ce1.result_val = '*Telephone interpretation')@NEWLINE&#x9;&#x9;    &#x9;&#x9;or (ce1.result_val = '*Telephone interpretation*') or (ce1.result_val = 'Telephone interpretation*')@NEWLINE&#x9;&#x9;    &#x9;)@NEWLINE&#x9;&#x9;    )&#x9;&#x9;@NEWLINE&#x9;&#x9;and ce1.valid_until_dt_tm = cnvtdatetime (&quot;31-DEC-2100 00:00:00&quot; )@NEWLINE&#x9;&#x9;and ce1.result_status_cd IN (23.00, 34.00, 25.00, 35.00)@NEWLINE&#x9;&#x9;group by ce1.person_id, ce1.event_cd)@NEWLINE&#x9;@NEWLINEjoin ce2 where ce2.encntr_id = ce.encntr_id@NEWLINE&#x9;and ce2.person_id = ce.person_id@NEWLINE&#x9;and ce2.parent_event_id = ce.parent_event_id@NEWLINE&#x9;and ce2.event_cd = value(uar_get_code_by(&quot;DISPLAY&quot;, 72, &quot;Lang/Communication/Education Barriers&quot;))&#x9;@NEWLINE&#x9;and ((ce2.result_val  = 'Deaf') or (ce2.result_val  = '*Deaf') or (ce2.result_val  = 'Deaf*') or (ce2.result_val  = '*Deaf*') @NEWLINE&#x9;&#x9;or (ce2.result_val  =  'Other Language Preferred') or (ce2.result_val  =  '*Other Language Preferred')@NEWLINE&#x9;&#x9;or (ce2.result_val  =  'Other Language Preferred*') or (ce2.result_val  =  '*Other Language Preferred*'))@NEWLINE&#x9;and ce2.valid_until_dt_tm = cnvtdatetime (&quot;31-DEC-2100 00:00:00&quot; )@NEWLINE&#x9;and ce2.result_status_cd IN (23.00, 34.00, 25.00, 35.00)@NEWLINE&#x9;@NEWLINEHead report @NEWLINE &#x9;log_retval = 0@NEWLINE &#x9;log_message = 'Interpreter Request Not Found'@NEWLINEDetail@NEWLINE&#x9;d_start_pos = findstring(&quot;Deaf&quot; ,ce2.result_val)@NEWLINE&#x9;deaf_rslt = substring(d_start_pos, 4, ce2.result_val)@NEWLINE&#x9;l_start_pos = findstring(&quot;Other Language Preferred&quot; ,ce2.result_val)@NEWLINE&#x9;lang_rslt = substring(l_start_pos, 24, ce2.result_val)@NEWLINE&#x9;@NEWLINE&#x9;if(deaf_rslt = 'Deaf')@NEWLINE&#x9;&#x9;final_rslt = 'Deaf'@NEWLINE&#x9;elseif(lang_rslt = 'Other Language Preferred')&#x9;@NEWLINE&#x9;&#x9;final_rslt = 'Other Language Preferred'@NEWLINE&#x9;endif@NEWLINE@NEWLINE&#x9;if(final_rslt = 'Deaf')@NEWLINE &#x9;&#x9;log_misc1 = 'DEAF/HOH: Interpreter needed'@NEWLINE &#x9;elseif (final_rslt = 'Other Language Preferred')&#x9;@NEWLINE &#x9;&#x9;log_misc1 = 'LANGUAGE: Interpreter needed'@NEWLINE &#x9;endif@NEWLINE &#x9;log_retval = 100@NEWLINE &#x9;log_message = build2('Interpreter Request Found - ', log_misc1)@NEWLINEWith nocounter, nullreport go"/>
                        </facts>
                      </leftExpression>
                      <rightExpression xsi:type="EM:InfixExpression">
                        <leftExpression xsi:type="EM:Antecedent" alias="CE SZ Msg" id="L5" template="EKS_BUILD_PARAM_L">
                          <facts argument="ACTION">
                            <value xsi:type="EM:ListValue">
                              <values xsi:type="EM:ListValue">
                                <values xsi:type="EM:CustomValue" hideDisplay="true">
                                  <customValue xsi:type="EM:StringValue" value="1"/>
                                </values>
                                <values xsi:type="EM:StringValue" value="Create"/>
                              </values>
                            </value>
                          </facts>
                          <facts argument="PARAMNAME">
                            <value xsi:type="EM:StringValue" value="ALERT_TEXT_A:{CE Add SZ}"/>
                          </facts>
                          <facts argument="PARAMVALUE">
                            <value xsi:type="EM:ListValue">
                              <values xsi:type="EM:ListValue">
                                <values xsi:type="EM:CustomValue" hideDisplay="true">
                                  <customValue xsi:type="EM:StringValue" value=" "/>
                                </values>
                                <values xsi:type="EM:StringValue" value="@MISC:{CE Interp Type}"/>
                              </values>
                            </value>
                          </facts>
                          <facts argument="OPT_SUBSTITUTION">
                            <value xsi:type="EM:StringValue" value="do"/>
                          </facts>
                        </leftExpression>
                        <rightExpression xsi:type="EM:Antecedent" alias="CE SZ Msg Log" id="L6" template="EKS_BUILD_PARAM_L">
                          <facts argument="ACTION">
                            <value xsi:type="EM:ListValue">
                              <values xsi:type="EM:ListValue">
                                <values xsi:type="EM:CustomValue" hideDisplay="true">
                                  <customValue xsi:type="EM:StringValue" value="1"/>
                                </values>
                                <values xsi:type="EM:StringValue" value="Create"/>
                              </values>
                            </value>
                          </facts>
                          <facts argument="PARAMNAME">
                            <value xsi:type="EM:StringValue" value="ACTION_NAME_A:{CE Add SZ Log}"/>
                          </facts>
                          <facts argument="PARAMVALUE">
                            <value xsi:type="EM:ListValue">
                              <values xsi:type="EM:ListValue">
                                <values xsi:type="EM:CustomValue" hideDisplay="true">
                                  <customValue xsi:type="EM:StringValue" value=" "/>
                                </values>
                                <values xsi:type="EM:StringValue" value="@MISC:{CE Interp Type}"/>
                              </values>
                            </value>
                          </facts>
                          <facts argument="OPT_SUBSTITUTION">
                            <value xsi:type="EM:StringValue" value="do"/>
                          </facts>
                        </rightExpression>
                      </rightExpression>
                    </rightExpression>
                  </expression>
                </leftExpression>
                <rightExpression xsi:type="EM:Antecedent" alias="CE No Interp Doc" id="L7" template="EKS_LOGIC_TRUE">
                  <facts argument="LOGIC">
                    <value xsi:type="EM:StringValue" value="@quot;LOGIC@quot;"/>
                  </facts>
                </rightExpression>
              </expression>
            </leftExpression>
            <rightExpression xsi:type="EM:InfixExpression">
              <leftExpression xsi:type="EM:GroupExpression">
                <expression xsi:type="EM:InfixExpression" operator="OR">
                  <leftExpression xsi:type="EM:Antecedent" alias="Eval CE Deaf" id="L8" template="EKS_EVAL_L">
                    <facts argument="EXPRESSION">
                      <value xsi:type="EM:StringValue" value="&quot;@MISC:{CE Interp Type}&quot; = &quot;DEAF/HOH: Interpreter needed&quot;"/>
                    </facts>
                  </leftExpression>
                  <rightExpression xsi:type="EM:InfixExpression" operator="OR">
                    <leftExpression xsi:type="EM:Antecedent" alias="Eval CE Lang" id="L9" template="EKS_EVAL_L">
                      <facts argument="EXPRESSION">
                        <value xsi:type="EM:StringValue" value="&quot;@MISC:{CE Interp Type}&quot; = &quot;LANGUAGE: Interpreter needed&quot;"/>
                      </facts>
                    </leftExpression>
                    <rightExpression xsi:type="EM:Antecedent" id="L10" template="EKS_LOGIC_TRUE">
                      <facts argument="LOGIC">
                        <value xsi:type="EM:StringValue" value="@quot;LOGIC@quot;"/>
                      </facts>
                    </rightExpression>
                  </rightExpression>
                </expression>
              </leftExpression>
              <rightExpression xsi:type="EM:InfixExpression">
                <leftExpression xsi:type="EM:GroupExpression">
                  <expression xsi:type="EM:InfixExpression" operator="OR">
                    <leftExpression xsi:type="EM:Antecedent" alias="Deaf SZ Found" id="L11" template="PHI_FIND_PASSIVE_ALERT">
                      <facts argument="ALERT_TEXT">
                        <value xsi:type="EM:StringValue" value="DEAF/HOH: Interpreter needed"/>
                      </facts>
                      <facts argument="SEARCH_OPTION">
                        <value xsi:type="EM:StringValue" value="STARTS_WITH"/>
                      </facts>
                    </leftExpression>
                    <rightExpression xsi:type="EM:Antecedent" id="L12" template="EKS_LOGIC_TRUE">
                      <facts argument="LOGIC">
                        <value xsi:type="EM:StringValue" value="@quot;LOGIC@quot;"/>
                      </facts>
                    </rightExpression>
                  </expression>
                </leftExpression>
                <rightExpression xsi:type="EM:InfixExpression">
                  <leftExpression xsi:type="EM:GroupExpression">
                    <expression xsi:type="EM:InfixExpression" operator="OR">
                      <leftExpression xsi:type="EM:Antecedent" alias="Lang SZ Found" id="L13" template="PHI_FIND_PASSIVE_ALERT">
                        <facts argument="ALERT_TEXT">
                          <value xsi:type="EM:StringValue" value="LANGUAGE: Interpreter needed"/>
                        </facts>
                        <facts argument="SEARCH_OPTION">
                          <value xsi:type="EM:StringValue" value="STARTS_WITH"/>
                        </facts>
                      </leftExpression>
                      <rightExpression xsi:type="EM:Antecedent" id="L14" template="EKS_LOGIC_TRUE">
                        <facts argument="LOGIC">
                          <value xsi:type="EM:StringValue" value="@quot;LOGIC@quot;"/>
                        </facts>
                      </rightExpression>
                    </expression>
                  </leftExpression>
                  <rightExpression xsi:type="EM:InfixExpression">
                    <leftExpression xsi:type="EM:GroupExpression">
                      <expression xsi:type="EM:InfixExpression" operator="OR">
                        <leftExpression xsi:type="EM:Antecedent" alias="CE Error" id="L15" template="EKS_CE_RESULTA_INCOMING_REQ_L">
                          <facts argument="STATUS">
                            <value xsi:type="EM:ListValue">
                              <values xsi:type="EM:ListValue">
                                <values xsi:type="EM:CustomValue" hideDisplay="true">
                                  <customValue xsi:type="EM:StringValue" value="CDF8:IN ERROR"/>
                                </values>
                                <values xsi:type="EM:StringValue" value="In Error"/>
                              </values>
                              <values xsi:type="EM:ListValue">
                                <values xsi:type="EM:CustomValue" hideDisplay="true">
                                  <customValue xsi:type="EM:StringValue" value="CDF8:INERRNOMUT"/>
                                </values>
                                <values xsi:type="EM:StringValue" value="In Error"/>
                              </values>
                              <values xsi:type="EM:ListValue">
                                <values xsi:type="EM:CustomValue" hideDisplay="true">
                                  <customValue xsi:type="EM:StringValue" value="CDF8:INERRNOVIEW"/>
                                </values>
                                <values xsi:type="EM:StringValue" value="In Error"/>
                              </values>
                              <values xsi:type="EM:ListValue">
                                <values xsi:type="EM:CustomValue" hideDisplay="true">
                                  <customValue xsi:type="EM:StringValue" value="CDF8:INERROR"/>
                                </values>
                                <values xsi:type="EM:StringValue" value="In Error"/>
                              </values>
                            </value>
                          </facts>
                          <facts argument="EVENT_SET_NAME">
                            <value xsi:type="EM:ListValue">
                              <values xsi:type="EM:ListValue">
                                <values xsi:type="EM:CustomValue" hideDisplay="true">
                                  <customValue xsi:type="EM:StringValue" value="Requested Communication Tools"/>
                                </values>
                                <values xsi:type="EM:StringValue" value="Requested Communication Tools"/>
                                <values xsi:type="EM:ListValue">
                                  <values xsi:type="EM:CustomValue" hideDisplay="true">
                                    <customValue xsi:type="EM:StringValue" value="R"/>
                                  </values>
                                </values>
                              </values>
                            </value>
                          </facts>
                          <facts argument="EVALUATION">
                            <value xsi:type="EM:StringValue" value="not equal to"/>
                          </facts>
                          <facts argument="VALUE1">
                            <value xsi:type="EM:ListValue">
                              <values xsi:type="EM:ListValue">
                                <values xsi:type="EM:CustomValue" hideDisplay="true">
                                  <customValue xsi:type="EM:StringValue" value=" "/>
                                </values>
                                <values xsi:type="EM:StringValue" value="ABC123"/>
                                <values xsi:type="EM:ListValue">
                                  <values xsi:type="EM:CustomValue" hideDisplay="true">
                                    <customValue xsi:type="EM:StringValue" value="OTHER"/>
                                  </values>
                                </values>
                              </values>
                            </value>
                          </facts>
                        </leftExpression>
                        <rightExpression xsi:type="EM:Antecedent" id="L16" template="EKS_LOGIC_TRUE">
                          <facts argument="LOGIC">
                            <value xsi:type="EM:StringValue" value="@quot;LOGIC@quot;"/>
                          </facts>
                        </rightExpression>
                      </expression>
                    </leftExpression>
                    <rightExpression xsi:type="EM:InfixExpression">
                      <leftExpression xsi:type="EM:GroupExpression">
                        <expression xsi:type="EM:InfixExpression" operator="OR">
                          <leftExpression xsi:type="EM:GroupExpression">
                            <expression xsi:type="EM:InfixExpression">
                              <leftExpression xsi:type="EM:Antecedent" alias="Alias" id="L17" template="EKS_CALC_SAVE_L">
                                <facts argument="EXPRESSION">
                                  <value xsi:type="EM:StringValue" value="select into 'nl:' @NEWLINEfrom encntr_alias ea@NEWLINEwhere ea.encntr_id = trigger_encntrid  @NEWLINE&#x9;and ea.encntr_alias_type_cd = value(uar_get_code_by(&quot;DISPLAY&quot;, 319, &quot;FIN NBR&quot;)) @NEWLINE&#x9;and ea.active_ind = 1@NEWLINEHead report@NEWLINE&#x9;log_message = &quot;No Alias found&quot;@NEWLINE&#x9;log_retval = 100@NEWLINE&#x9;log_misc1 = 'NO FIN'@NEWLINEDetail@NEWLINE &#x9;log_retval = 100@NEWLINE &#x9;if(ea.alias = ' ')@NEWLINE &#x9;&#x9;log_misc1 = 'NO FIN'@NEWLINE &#x9;else&#x9;@NEWLINE &#x9;&#x9;log_misc1 = ea.alias@NEWLINE &#x9;endif&#x9;@NEWLINE &#x9;log_message = concat( 'Alias Found - ', log_misc1)@NEWLINEwith nocounter, nullreport go"/>
                                </facts>
                              </leftExpression>
                              <rightExpression xsi:type="EM:Antecedent" id="L18" template="EKS_BUILD_MESSAGE_L">
                                <facts argument="ACTION">
                                  <value xsi:type="EM:ListValue">
                                    <values xsi:type="EM:ListValue">
                                      <values xsi:type="EM:CustomValue" hideDisplay="true">
                                        <customValue xsi:type="EM:StringValue" value="1"/>
                                      </values>
                                      <values xsi:type="EM:StringValue" value="Create"/>
                                    </values>
                                  </value>
                                </facts>
                                <facts argument="MSGNAME">
                                  <value xsi:type="EM:StringValue" value="FIN"/>
                                </facts>
                                <facts argument="MSGTEXT">
                                  <value xsi:type="EM:StringValue" value="@MISC:{Alias}"/>
                                </facts>
                                <facts argument="OPT_DELIMITER">
                                  <value xsi:type="EM:StringValue"/>
                                </facts>
                              </rightExpression>
                            </expression>
                          </leftExpression>
                          <rightExpression xsi:type="EM:Antecedent" id="L19" template="EKS_LOGIC_TRUE">
                            <facts argument="LOGIC">
                              <value xsi:type="EM:StringValue" value="@quot;LOGIC@quot;"/>
                            </facts>
                          </rightExpression>
                        </expression>
                      </leftExpression>
                      <rightExpression xsi:type="EM:InfixExpression">
                        <leftExpression xsi:type="EM:GroupExpression">
                          <expression xsi:type="EM:InfixExpression" operator="OR">
                            <leftExpression xsi:type="EM:Antecedent" alias="Existing Email Msg" id="L20" template="EKS_PREVIOUS_ACTION_L">
                              <facts argument="ACTION_NAME">
                                <value xsi:type="EM:ListValue">
                                  <values xsi:type="EM:ListValue">
                                    <values xsi:type="EM:CustomValue" hideDisplay="true">
                                      <customValue xsi:type="EM:StringValue" value=" "/>
                                    </values>
                                    <values xsi:type="EM:StringValue" value="COV_SZ_INTERP_REMINDER-Deaf SZ Email Sent"/>
                                    <values xsi:type="EM:ListValue">
                                      <values xsi:type="EM:CustomValue" hideDisplay="true">
                                        <customValue xsi:type="EM:StringValue" value="0"/>
                                      </values>
                                    </values>
                                  </values>
                                  <values xsi:type="EM:ListValue">
                                    <values xsi:type="EM:CustomValue" hideDisplay="true">
                                      <customValue xsi:type="EM:StringValue" value=" "/>
                                    </values>
                                    <values xsi:type="EM:StringValue" value="COV_SZ_SCHREG_INTERP-Deaf SZ Email Sent"/>
                                    <values xsi:type="EM:ListValue">
                                      <values xsi:type="EM:CustomValue" hideDisplay="true">
                                        <customValue xsi:type="EM:StringValue" value="0"/>
                                      </values>
                                    </values>
                                  </values>
                                  <values xsi:type="EM:ListValue">
                                    <values xsi:type="EM:CustomValue" hideDisplay="true">
                                      <customValue xsi:type="EM:StringValue" value=" "/>
                                    </values>
                                    <values xsi:type="EM:StringValue" value="COV_OC_INTERP_ALERT-Deaf SZ Email Sent"/>
                                    <values xsi:type="EM:ListValue">
                                      <values xsi:type="EM:CustomValue" hideDisplay="true">
                                        <customValue xsi:type="EM:StringValue" value="0"/>
                                      </values>
                                    </values>
                                  </values>
                                </value>
                              </facts>
                              <facts argument="SCOPE">
                                <value xsi:type="EM:StringValue" value="same encounter"/>
                              </facts>
                              <facts argument="OPT_LINK">
                                <value xsi:type="EM:AntecedentReference" antecedent="//@ruleDefinition/@logicSection/@logicExpression/@rightExpression/@leftExpression"/>
                              </facts>
                              <facts argument="PERSONNEL">
                                <value xsi:type="EM:StringValue" value="any"/>
                              </facts>
                              <facts argument="OPT_TIME_NUM">
                                <value xsi:type="EM:StringValue"/>
                              </facts>
                              <facts argument="OPT_TIME_UNIT">
                                <value xsi:type="EM:StringValue"/>
                              </facts>
                            </leftExpression>
                            <rightExpression xsi:type="EM:Antecedent" id="L21" template="EKS_LOGIC_TRUE">
                              <facts argument="LOGIC">
                                <value xsi:type="EM:StringValue" value="@quot;LOGIC@quot;"/>
                              </facts>
                            </rightExpression>
                          </expression>
                        </leftExpression>
                        <rightExpression xsi:type="EM:GroupExpression">
                          <expression xsi:type="EM:InfixExpression" operator="OR">
                            <leftExpression xsi:type="EM:Antecedent" alias="Test Patient" id="L22" template="EKS_CALC_SAVE_L">
                              <facts argument="EXPRESSION">
                                <value xsi:type="EM:StringValue" value="select into 'nl:' @NEWLINEfrom  person p@NEWLINEwhere p.person_id = trigger_personid@NEWLINE&#x9;and p.active_ind = 1@NEWLINEDetail@NEWLINE&#x9;if((cnvtupper(p.name_last) = 'TEST') or (cnvtupper(p.name_last) = '*TEST') or (cnvtupper(p.name_last) = 'TEST*') or (cnvtupper(p.name_last) = '*TEST*') )@NEWLINE&#x9;&#x9;log_retval = 100@NEWLINE&#x9;&#x9;log_misc1 = p.name_full_formatted@NEWLINE&#x9;else&#x9;@NEWLINE&#x9;&#x9;log_retval = 0@NEWLINE&#x9;&#x9;log_misc1 = p.name_full_formatted@NEWLINE&#x9;endif&#x9;@NEWLINE&#x9;log_message = concat( 'Patient Name - ', log_misc1)@NEWLINEwith nocounter, nullreport go"/>
                              </facts>
                            </leftExpression>
                            <rightExpression xsi:type="EM:Antecedent" id="L23" template="EKS_LOGIC_TRUE">
                              <facts argument="LOGIC">
                                <value xsi:type="EM:StringValue" value="@quot;LOGIC@quot;"/>
                              </facts>
                            </rightExpression>
                          </expression>
                        </rightExpression>
                      </rightExpression>
                    </rightExpression>
                  </rightExpression>
                </rightExpression>
              </rightExpression>
            </rightExpression>
          </rightExpression>
        </rightExpression>
      </logicExpression>
    </logicSection>
    <actionSection>
      <action xsi:type="EM:ActionGroups">
        <actionGroups>
          <logicExpression xsi:type="EM:InfixExpression">
            <leftExpression xsi:type="EM:LogicReference" antecedent="//@ruleDefinition/@logicSection/@logicExpression/@rightExpression/@rightExpression/@rightExpression/@rightExpression/@leftExpression/@expression/@leftExpression"/>
            <rightExpression xsi:type="EM:GroupExpression">
              <expression xsi:type="EM:GroupExpression">
                <expression xsi:type="EM:InfixExpression">
                  <leftExpression xsi:type="EM:LogicReference" antecedent="//@ruleDefinition/@logicSection/@logicExpression/@rightExpression/@rightExpression/@leftExpression/@expression/@leftExpression/@expression/@leftExpression"/>
                  <rightExpression xsi:type="EM:InfixExpression">
                    <leftExpression xsi:type="EM:LogicReference" antecedent="//@ruleDefinition/@logicSection/@logicExpression/@rightExpression/@rightExpression/@leftExpression/@expression/@leftExpression/@expression/@rightExpression/@leftExpression"/>
                    <rightExpression xsi:type="EM:LogicReference" antecedent="//@ruleDefinition/@logicSection/@logicExpression/@rightExpression/@rightExpression/@rightExpression/@leftExpression/@expression/@leftExpression"/>
                  </rightExpression>
                </expression>
              </expression>
            </rightExpression>
          </logicExpression>
          <actionExpression>
            <logicExpression xsi:type="EM:Antecedent" alias="Remove DeafSZ" id="A1" template="PHI_REMOVE_PASSIVE_ALERT">
              <facts argument="ALERT_TEXT">
                <value xsi:type="EM:StringValue" value="DEAF/HOH: Interpreter needed"/>
              </facts>
              <facts argument="LINK">
                <value xsi:type="EM:AntecedentReference" antecedent="//@ruleDefinition/@logicSection/@logicExpression/@rightExpression/@leftExpression"/>
              </facts>
              <facts argument="SEARCH_OPTION">
                <value xsi:type="EM:StringValue" value="EXACT"/>
              </facts>
            </logicExpression>
          </actionExpression>
        </actionGroups>
        <actionGroups>
          <logicExpression xsi:type="EM:InfixExpression">
            <leftExpression xsi:type="EM:LogicReference" antecedent="//@ruleDefinition/@logicSection/@logicExpression/@rightExpression/@rightExpression/@rightExpression/@rightExpression/@rightExpression/@leftExpression/@expression/@leftExpression"/>
            <rightExpression xsi:type="EM:GroupExpression">
              <expression xsi:type="EM:GroupExpression">
                <expression xsi:type="EM:InfixExpression">
                  <leftExpression xsi:type="EM:LogicReference" antecedent="//@ruleDefinition/@logicSection/@logicExpression/@rightExpression/@rightExpression/@leftExpression/@expression/@leftExpression/@expression/@leftExpression"/>
                  <rightExpression xsi:type="EM:InfixExpression">
                    <leftExpression xsi:type="EM:LogicReference" antecedent="//@ruleDefinition/@logicSection/@logicExpression/@rightExpression/@rightExpression/@leftExpression/@expression/@leftExpression/@expression/@rightExpression/@leftExpression"/>
                    <rightExpression xsi:type="EM:LogicReference" antecedent="//@ruleDefinition/@logicSection/@logicExpression/@rightExpression/@rightExpression/@rightExpression/@leftExpression/@expression/@rightExpression/@leftExpression"/>
                  </rightExpression>
                </expression>
              </expression>
            </rightExpression>
          </logicExpression>
          <actionExpression>
            <logicExpression xsi:type="EM:Antecedent" alias="Remove LangSZ" id="A2" template="PHI_REMOVE_PASSIVE_ALERT">
              <facts argument="ALERT_TEXT">
                <value xsi:type="EM:StringValue" value="LANGUAGE: Interpreter needed"/>
              </facts>
              <facts argument="LINK">
                <value xsi:type="EM:AntecedentReference" antecedent="//@ruleDefinition/@logicSection/@logicExpression/@rightExpression/@leftExpression"/>
              </facts>
              <facts argument="SEARCH_OPTION">
                <value xsi:type="EM:StringValue" value="EXACT"/>
              </facts>
            </logicExpression>
          </actionExpression>
        </actionGroups>
        <actionGroups>
          <logicExpression xsi:type="EM:InfixExpression">
            <leftExpression xsi:type="EM:LogicReference" antecedent="//@ruleDefinition/@logicSection/@logicExpression/@rightExpression/@rightExpression/@leftExpression/@expression/@leftExpression/@expression/@leftExpression"/>
            <rightExpression xsi:type="EM:InfixExpression">
              <leftExpression xsi:type="EM:LogicReference" antecedent="//@ruleDefinition/@logicSection/@logicExpression/@rightExpression/@rightExpression/@leftExpression/@expression/@leftExpression/@expression/@rightExpression/@leftExpression"/>
              <rightExpression xsi:type="EM:LogicReference" antecedent="//@ruleDefinition/@logicSection/@logicExpression/@rightExpression/@rightExpression/@leftExpression/@expression/@leftExpression/@expression/@rightExpression/@rightExpression/@leftExpression"/>
            </rightExpression>
          </logicExpression>
          <actionExpression>
            <logicExpression xsi:type="EM:InfixExpression">
              <leftExpression xsi:type="EM:Antecedent" alias="CE Add SZ" id="A3" template="PHI_ADD_PASSIVE_ALERT">
                <facts argument="ALERT_TEXT">
                  <value xsi:type="EM:StringValue"/>
                </facts>
                <facts argument="LINK">
                  <value xsi:type="EM:AntecedentReference" antecedent="//@ruleDefinition/@logicSection/@logicExpression/@rightExpression/@leftExpression"/>
                </facts>
                <facts argument="CATEGORY">
                  <value xsi:type="EM:ListValue">
                    <values xsi:type="EM:ListValue">
                      <values xsi:type="EM:CustomValue" hideDisplay="true">
                        <customValue xsi:type="EM:StringValue" value="2559527571"/>
                      </values>
                      <values xsi:type="EM:StringValue" value="Information"/>
                    </values>
                  </value>
                </facts>
                <facts argument="POSITION">
                  <value xsi:type="EM:ListValue">
                    <values xsi:type="EM:ListValue">
                      <values xsi:type="EM:CustomValue" hideDisplay="true">
                        <customValue xsi:type="EM:StringValue" value="*ALL"/>
                      </values>
                      <values xsi:type="EM:StringValue" value="*ALL"/>
                    </values>
                  </value>
                </facts>
                <facts argument="OPT_ACTION_TYPE">
                  <value xsi:type="EM:StringValue"/>
                </facts>
                <facts argument="OPT_ACTION_PARAM">
                  <value xsi:type="EM:StringValue"/>
                </facts>
                <facts argument="OPT_EXPIRE_VALUE">
                  <value xsi:type="EM:IntegerValue" intValue="48"/>
                </facts>
                <facts argument="OPT_EXPIRE_UNIT">
                  <value xsi:type="EM:StringValue" value="HOURS"/>
                </facts>
                <facts argument="OPT_PATIENT_LEVEL">
                  <value xsi:type="EM:StringValue" value="YES"/>
                </facts>
                <facts argument="OPT_ALLOW_USER_DISMISS">
                  <value xsi:type="EM:StringValue" value="YES"/>
                </facts>
              </leftExpression>
              <rightExpression xsi:type="EM:Antecedent" alias="CE Add SZ Log" id="A4" template="EKS_LOG_ACTION_A">
                <facts argument="ACTION_NAME">
                  <value xsi:type="EM:StringValue"/>
                </facts>
              </rightExpression>
            </logicExpression>
          </actionExpression>
        </actionGroups>
        <actionGroups>
          <logicExpression xsi:type="EM:InfixExpression">
            <leftExpression xsi:type="EM:LogicReference" antecedent="//@ruleDefinition/@logicSection/@logicExpression/@rightExpression/@rightExpression/@leftExpression/@expression/@leftExpression/@expression/@leftExpression"/>
            <rightExpression xsi:type="EM:InfixExpression">
              <leftExpression xsi:type="EM:LogicReference" antecedent="//@ruleDefinition/@logicSection/@logicExpression/@rightExpression/@rightExpression/@leftExpression/@expression/@leftExpression/@expression/@rightExpression/@leftExpression"/>
              <rightExpression xsi:type="EM:InfixExpression">
                <leftExpression xsi:type="EM:LogicReference" antecedent="//@ruleDefinition/@logicSection/@logicExpression/@rightExpression/@rightExpression/@leftExpression/@expression/@leftExpression/@expression/@rightExpression/@rightExpression/@leftExpression"/>
                <rightExpression xsi:type="EM:InfixExpression">
                  <leftExpression xsi:type="EM:LogicReference" antecedent="//@ruleDefinition/@logicSection/@logicExpression/@rightExpression/@rightExpression/@rightExpression/@leftExpression/@expression/@leftExpression"/>
                  <rightExpression xsi:type="EM:PrefixExpression">
                    <expression xsi:type="EM:LogicReference" antecedent="//@ruleDefinition/@logicSection/@logicExpression/@rightExpression/@rightExpression/@rightExpression/@rightExpression/@rightExpression/@rightExpression/@rightExpression/@rightExpression/@leftExpression/@expression/@leftExpression"/>
                  </rightExpression>
                </rightExpression>
              </rightExpression>
            </rightExpression>
          </logicExpression>
          <actionExpression>
            <logicExpression xsi:type="EM:InfixExpression">
              <leftExpression xsi:type="EM:Antecedent" alias="Add SZ Email" id="A5" template="EKS_MESSENGER_A">
                <facts argument="RECIPIENT">
                  <value xsi:type="EM:ListValue">
                    <values xsi:type="EM:ListValue">
                      <values xsi:type="EM:CustomValue" hideDisplay="true">
                        <customValue xsi:type="EM:StringValue" value=" "/>
                      </values>
                      <values xsi:type="EM:StringValue" value="@EMAIL:[gsaravan@covhlth.com]"/>
                    </values>
                    <values xsi:type="EM:ListValue">
                      <values xsi:type="EM:CustomValue" hideDisplay="true">
                        <customValue xsi:type="EM:StringValue" value=" "/>
                      </values>
                      <values xsi:type="EM:StringValue" value="@EMAIL:[lmyers@covhlth.com]"/>
                    </values>
                  </value>
                </facts>
                <facts argument="OPT_SUBJECT">
                  <value xsi:type="EM:StringValue" value="@PATIENT:2 - DEAF/HOH: Interpreter Needed Alert"/>
                </facts>
                <facts argument="MSG">
                  <value xsi:type="EM:StringValue" value="Patient - @MESSAGE:[FIN] | @PATIENT:2 | @PTNURSENC:2 | @PTROOMENC:2 | @PTLOCENC:2"/>
                </facts>
                <facts argument="OPT_PRIORITY">
                  <value xsi:type="EM:StringValue" value="High"/>
                </facts>
              </leftExpression>
              <rightExpression xsi:type="EM:Antecedent" alias="Add SZ LogAction Email" id="A6" template="EKS_LOG_ACTION_A">
                <facts argument="ACTION_NAME">
                  <value xsi:type="EM:ListValue">
                    <values xsi:type="EM:ListValue">
                      <values xsi:type="EM:CustomValue" hideDisplay="true">
                        <customValue xsi:type="EM:StringValue" value=" "/>
                      </values>
                      <values xsi:type="EM:StringValue" value="COV_SZ_INTERP_REMINDER-Deaf SZ Email Sent"/>
                      <values xsi:type="EM:ListValue">
                        <values xsi:type="EM:CustomValue" hideDisplay="true">
                          <customValue xsi:type="EM:StringValue" value="0"/>
                        </values>
                      </values>
                    </values>
                  </value>
                </facts>
              </rightExpression>
            </logicExpression>
          </actionExpression>
        </actionGroups>
        <actionGroups>
          <logicExpression xsi:type="EM:InfixExpression">
            <leftExpression xsi:type="EM:LogicReference" antecedent="//@ruleDefinition/@logicSection/@logicExpression/@rightExpression/@rightExpression/@leftExpression/@expression/@leftExpression/@expression/@leftExpression"/>
            <rightExpression xsi:type="EM:InfixExpression">
              <leftExpression xsi:type="EM:LogicReference" antecedent="//@ruleDefinition/@logicSection/@logicExpression/@rightExpression/@rightExpression/@leftExpression/@expression/@leftExpression/@expression/@rightExpression/@leftExpression"/>
              <rightExpression xsi:type="EM:InfixExpression">
                <leftExpression xsi:type="EM:LogicReference" antecedent="//@ruleDefinition/@logicSection/@logicExpression/@rightExpression/@rightExpression/@leftExpression/@expression/@leftExpression/@expression/@rightExpression/@rightExpression/@leftExpression"/>
                <rightExpression xsi:type="EM:InfixExpression">
                  <leftExpression xsi:type="EM:LogicReference" antecedent="//@ruleDefinition/@logicSection/@logicExpression/@rightExpression/@rightExpression/@rightExpression/@leftExpression/@expression/@leftExpression"/>
                  <rightExpression xsi:type="EM:InfixExpression">
                    <leftExpression xsi:type="EM:PrefixExpression">
                      <expression xsi:type="EM:LogicReference" antecedent="//@ruleDefinition/@logicSection/@logicExpression/@rightExpression/@rightExpression/@rightExpression/@rightExpression/@rightExpression/@rightExpression/@rightExpression/@rightExpression/@leftExpression/@expression/@leftExpression"/>
                    </leftExpression>
                    <rightExpression xsi:type="EM:PrefixExpression">
                      <expression xsi:type="EM:LogicReference" antecedent="//@ruleDefinition/@logicSection/@logicExpression/@rightExpression/@rightExpression/@rightExpression/@rightExpression/@rightExpression/@rightExpression/@rightExpression/@rightExpression/@rightExpression/@expression/@leftExpression"/>
                    </rightExpression>
                  </rightExpression>
                </rightExpression>
              </rightExpression>
            </rightExpression>
          </logicExpression>
          <actionExpression>
            <logicExpression xsi:type="EM:InfixExpression">
              <leftExpression xsi:type="EM:Antecedent" alias="Add SZ Email Corp" id="A7" template="EKS_MESSENGER_A">
                <facts argument="RECIPIENT">
                  <value xsi:type="EM:ListValue">
                    <values xsi:type="EM:ListValue">
                      <values xsi:type="EM:CustomValue" hideDisplay="true">
                        <customValue xsi:type="EM:StringValue" value=" "/>
                      </values>
                      <values xsi:type="EM:StringValue" value="@EMAIL:[dhoney@CovHlth.com]"/>
                    </values>
                    <values xsi:type="EM:ListValue">
                      <values xsi:type="EM:CustomValue" hideDisplay="true">
                        <customValue xsi:type="EM:StringValue" value=" "/>
                      </values>
                      <values xsi:type="EM:StringValue" value="@EMAIL:[kzitzman@CovHlth.com]"/>
                    </values>
                  </value>
                </facts>
                <facts argument="OPT_SUBJECT">
                  <value xsi:type="EM:StringValue" value="@PATIENT:2 - DEAF/HOH: Interpreter Needed Alert - Corp"/>
                </facts>
                <facts argument="MSG">
                  <value xsi:type="EM:StringValue" value="Patient - @MESSAGE:[FIN] | @PATIENT:2 | @PTNURSENC:2 | @PTROOMENC:2 | @PTLOCENC:2"/>
                </facts>
                <facts argument="OPT_PRIORITY">
                  <value xsi:type="EM:StringValue" value="High"/>
                </facts>
              </leftExpression>
              <rightExpression xsi:type="EM:Antecedent" alias="Add SZ LogAction Email Corp" id="A8" template="EKS_LOG_ACTION_A">
                <facts argument="ACTION_NAME">
                  <value xsi:type="EM:ListValue">
                    <values xsi:type="EM:ListValue">
                      <values xsi:type="EM:CustomValue" hideDisplay="true">
                        <customValue xsi:type="EM:StringValue" value=" "/>
                      </values>
                      <values xsi:type="EM:StringValue" value="COV_SZ_INTERP_REMINDER-Deaf SZ Email Sent - Corporate Office"/>
                      <values xsi:type="EM:ListValue">
                        <values xsi:type="EM:CustomValue" hideDisplay="true">
                          <customValue xsi:type="EM:StringValue" value="0"/>
                        </values>
                      </values>
                    </values>
                  </value>
                </facts>
              </rightExpression>
            </logicExpression>
          </actionExpression>
        </actionGroups>
        <actionGroups>
          <logicExpression xsi:type="EM:InfixExpression">
            <leftExpression xsi:type="EM:LogicReference" antecedent="//@ruleDefinition/@logicSection/@logicExpression/@rightExpression/@rightExpression/@rightExpression/@rightExpression/@leftExpression/@expression/@leftExpression"/>
            <rightExpression xsi:type="EM:LogicReference" antecedent="//@ruleDefinition/@logicSection/@logicExpression/@rightExpression/@rightExpression/@rightExpression/@rightExpression/@rightExpression/@rightExpression/@leftExpression/@expression/@leftExpression"/>
          </logicExpression>
          <actionExpression>
            <logicExpression xsi:type="EM:Antecedent" alias="Remove DeafSZ Error" id="A9" template="PHI_REMOVE_PASSIVE_ALERT">
              <facts argument="ALERT_TEXT">
                <value xsi:type="EM:StringValue" value="DEAF/HOH: Interpreter needed"/>
              </facts>
              <facts argument="LINK">
                <value xsi:type="EM:AntecedentReference" antecedent="//@ruleDefinition/@logicSection/@logicExpression/@rightExpression/@leftExpression"/>
              </facts>
              <facts argument="SEARCH_OPTION">
                <value xsi:type="EM:StringValue" value="EXACT"/>
              </facts>
            </logicExpression>
          </actionExpression>
        </actionGroups>
        <actionGroups>
          <logicExpression xsi:type="EM:InfixExpression">
            <leftExpression xsi:type="EM:LogicReference" antecedent="//@ruleDefinition/@logicSection/@logicExpression/@rightExpression/@rightExpression/@rightExpression/@rightExpression/@rightExpression/@leftExpression/@expression/@leftExpression"/>
            <rightExpression xsi:type="EM:LogicReference" antecedent="//@ruleDefinition/@logicSection/@logicExpression/@rightExpression/@rightExpression/@rightExpression/@rightExpression/@rightExpression/@rightExpression/@leftExpression/@expression/@leftExpression"/>
          </logicExpression>
          <actionExpression>
            <logicExpression xsi:type="EM:Antecedent" alias="Remove LangSZ Error" id="A10" template="PHI_REMOVE_PASSIVE_ALERT">
              <facts argument="ALERT_TEXT">
                <value xsi:type="EM:StringValue" value="LANGUAGE: Interpreter needed"/>
              </facts>
              <facts argument="LINK">
                <value xsi:type="EM:AntecedentReference" antecedent="//@ruleDefinition/@logicSection/@logicExpression/@rightExpression/@leftExpression"/>
              </facts>
              <facts argument="SEARCH_OPTION">
                <value xsi:type="EM:StringValue" value="EXACT"/>
              </facts>
            </logicExpression>
          </actionExpression>
        </actionGroups>
      </action>
    </actionSection>
  </ruleDefinition>
</EM:ExpertModule>
