<?xml version="1.0" encoding="ASCII"?>
<EM:ExpertModule xmi:version="2.0" xmlns:xmi="http://www.omg.org/XMI" xmlns:xsi="http://www.w3.org/2001/XMLSchema-instance" xmlns:EM="http:///com.cerner.expert/expertmodule/1.0.0" moduleName="COV_IPOC_RESTRAINT">
  <information>
    <runtimeInformation versionString="001.005" externalFileName="COV_IPOC_RESTRAINT" lastUpdated="2018-04-11T15:14:23.000-0400" validtionType="PRODUCTION" title="COV_IPOC_RESTRAINT" reconcileFlag="3" reconcileDate="2018-04-11T15:14:23.000-0400">
      <duration start="2018-03-21T00:00:00.000-0400" end="2100-01-02T00:59:59.000-0500"/>
      <updateUser userName="SARAVANAN, GEETHA"/>
    </runtimeInformation>
    <documentation author="Geetha Saravanan" institution="Covenant Health" specialist="" purpose="The purpose of this rule is to identify patients with Restraint orders during hospitalization." explanation="When orders are placed for restraint use during hospitalization the rule will suggest the 'Restraint Management IPOC'."/>
  </information>
  <expertTemplates>
    <events>
      <event name=""/>
      <event name="ADDPROBLEM"/>
      <event name="ADDTOSCRATCHPAD"/>
      <event name="ALLERGY_EVENT"/>
      <event name="AP_ORDER_EVENT"/>
      <event name="BB_RESULT_EVENT"/>
      <event name="CBTFLEXORDERS"/>
      <event name="CHART_SERVER_EVENT"/>
      <event name="CLINICALTRIALSCREEN"/>
      <event name="CLINICAL_EVENT"/>
      <event name="CLOSECHART"/>
      <event name="COLLECTION_EVENT"/>
      <event name="DCP_CN_TASK_UPD"/>
      <event name="DCP_MODTASK_EVENT"/>
      <event name="DCP_PW_COND"/>
      <event name="DCP_PW_OUTCOME_EVENT"/>
      <event name="DIAGNOSIS_EVENT"/>
      <event name="EKS_FORMAT"/>
      <event name="EKS_SYNC_TEST01"/>
      <event name="EKS_TEST_02"/>
      <event name="EKS_TEST_EVENT"/>
      <event name="EKS_TEST_EVENT01"/>
      <event name="ENSURE_EVENT"/>
      <event name="EXPERT_EVENT"/>
      <event name="HEALTHE_EVENT"/>
      <event name="HEALTH_MAINT_QUAL_EVENT"/>
      <event name="HIM_ADD_REQUEST"/>
      <event name="HIM_ADMIT_EVENT"/>
      <event name="HIM_PATIENT_INFO_REQUEST"/>
      <event name="HIM_TEST_EVENT"/>
      <event name="HL7_EVENT"/>
      <event name="MB_EXPEDITE"/>
      <event name="MB_RESULT_EVENT"/>
      <event name="MB_SCRIPTED_WORKUPS"/>
      <event name="MB_SUSCEPTIBILITY"/>
      <event name="MDI_RESULT_EVENT"/>
      <event name="MEDCHARTACTIVATE"/>
      <event name="MPI_ADT"/>
      <event name="OPENCHART"/>
      <event name="ORDER_EVENT"/>
      <event name="ORDER_PRO_TEST1"/>
      <event name="PATIENT_EVENT"/>
      <event name="PCA_EXPERT_EVENT"/>
      <event name="Person_Transaction"/>
      <event name="PFT_Add_Account"/>
      <event name="PFT_ADJ_WO"/>
      <event name="PFT_CHARGE_EVENT"/>
      <event name="pft_check_amount"/>
      <event name="PFT_VEHICLE"/>
      <event name="PNTFLEXREFRANGE"/>
      <event name="POWERPLANFLEX"/>
      <event name="PROBLEM_EVENT"/>
      <event name="PROFIT_1450_CLAIM_EVENT"/>
      <event name="PROFIT_1500_CLAIM_EVENT"/>
      <event name="PROVIDER_CHG_EVENT"/>
      <event name="PROVIDE_EVENT"/>
      <event name="PWRCHRT_ADD_ORDER"/>
      <event name="RESULT_EVENT"/>
      <event name="RESULT_EVENT_CSM"/>
      <event name="RESULT_EVENT_TEST"/>
      <event name="SCH_ACTION_EVENT"/>
      <event name="SIGNORDER"/>
      <event name="SN New Pref Card Created"/>
      <event name="SN_CASE_CHECK_IN_EVENT"/>
      <event name="SN_CASE_EVENT"/>
      <event name="SN_CASE_SCHEDULE_EVENT"/>
      <event name="SN_DOCUMENT_OPEN"/>
      <event name="SN_DOCUMENT_STATE"/>
      <event name="SN_FINALIZE_DOC_EVENT"/>
      <event name="SN_PROCEDURE_SCHEDULE"/>
      <event name="SN_SAVE_PROCEDURE"/>
      <event name="SN_TEST_EVENT"/>
      <event name="SOCIAL_HISTORY_ADD"/>
      <event name="SYNCHEVENT"/>
      <event name="TOCFLEX"/>
      <event name="TOUCHOPENCHART"/>
    </events>
    <evokeTemplates>
      <templateDefinitions xsi:type="EM:ExpertTemplate" name="EKS_ORDER_LIST_E" definition="an order ORD_METHOD OPT_ORDERS with status of OPT_ORDER_STATUS and an optional order detail of OPT_ORDER_DETAIL that OPT_QUALIFIER OPT_LIST" description="Orderable, status, attributes" eventDependency="//@expertTemplates/@events/@event.39" optimizable="true" reconcilable="true">
        <keywords>ORDER</keywords>
        <arguments xsi:type="EM:ReferentialArgument" name="ORD_METHOD" dataType="CHARACTER" controlType="REFERENTIAL" validationType="READ_ONLY" required="true" reconcileScript="N/A">
          <statements dependency="ORD_METHOD" statement="execute eks_t_db_ref_help &quot;HELPNEWORDMETHOD^&quot; go"/>
        </arguments>
        <arguments xsi:type="EM:ReferentialArgument" name="OPT_ORDERS" dataType="CHARACTER" controlType="LISTBOX" validationType="READ_ONLY" dependency="ORD_METHOD" optimizable="true" reconcileScript="eks_p_ord_method_orders" keyFieldIndex="2">
          <statements dependency="OPT_ORDERS" statement="execute eks_t_db_ref_help ConCat(&quot;HELPCATALOGTYPE^&quot;, PAR1) go"/>
          <statements dependency="OPT_ORDERS" statement="execute eks_t_db_ref_help ConCat(&quot;HELPORDALPHA^&quot;, PAR1) go"/>
          <statements dependency="OPT_ORDERS" statement="execute eks_t_db_ref_help ConCat(&quot;HELPORDERS^&quot;, PAR1) go"/>
        </arguments>
        <arguments xsi:type="EM:ReferentialArgument" name="OPT_ORDER_STATUS" dataType="CHARACTER" controlType="LISTBOX" validationType="READ_ONLY" optimizable="true" reconcileScript="eks_p_codeset_cki_refhelp  &quot;6004&quot;,&quot;CDF&quot;,&quot;*ANY&quot;" keyFieldIndex="2">
          <statements dependency="OPT_ORDER_STATUS" statement="execute eks_t_db_ref_help &quot;HELPSTATUS&quot; go&#xD;&#xA;;eks_codeset_cki_refhelp &quot;6004&quot;,&quot;CDF&quot;,&quot;*ANY&quot; go"/>
        </arguments>
        <arguments xsi:type="EM:ReferentialArgument" name="OPT_ORDER_DETAIL" dataType="CHARACTER" controlType="REFERENTIAL" validationType="READ_ONLY" reconcileScript="eks_p_order_detail" keyFieldIndex="2">
          <statements dependency="OPT_ORDER_DETAIL" statement="execute eks_t_db_ref_help &quot;HELPDETAILSSEL^USEREQUEST&quot; go"/>
          <statements dependency="OPT_ORDER_DETAIL" statement="execute eks_t_db_ref_help ConCat(&quot;HELPDETAILS^1^&quot;, PAR1) go"/>
        </arguments>
        <arguments xsi:type="EM:ReferentialArgument" name="OPT_QUALIFIER" dataType="CHARACTER" controlType="REFERENTIAL" validationType="READ_ONLY" dependency="OPT_ORDER_DETAIL" reconcileScript="eks_p_qualifier &quot;1&quot;" keyFieldIndex="2">
          <statements dependency="OPT_QUALIFIER" statement="execute eks_t_db_ref_help ConCat(&quot;HELPQUALIFIERS^&quot;, PAR1)  go"/>
        </arguments>
        <arguments xsi:type="EM:ReferentialArgument" name="OPT_LIST" dataType="CHARACTER" controlType="LISTBOX" validationType="READ_ONLY" dependency="OPT_ORDER_DETAIL" optimizable="true" reconcileScript="eks_p_list" keyFieldIndex="2">
          <statements dependency="OPT_LIST" statement="execute eks_t_db_ref_help ConCat(&quot;HELPORDDETLIST1^&quot;, PAR1) go"/>
          <statements dependency="OPT_LIST" statement="execute eks_t_db_ref_help ConCat(&quot;HELPORDDETLIST2^&quot;, PAR1) go"/>
        </arguments>
      </templateDefinitions>
    </evokeTemplates>
    <logicTemplates>
      <templateDefinitions xsi:type="EM:ExpertTemplate" name="EKS_LOGIC_TRUE" definition="LOGIC is true" description="Always true" eventDependency="//@expertTemplates/@events/@event.1 //@expertTemplates/@events/@event.2 //@expertTemplates/@events/@event.3 //@expertTemplates/@events/@event.5 //@expertTemplates/@events/@event.8 //@expertTemplates/@events/@event.9 //@expertTemplates/@events/@event.10 //@expertTemplates/@events/@event.11 //@expertTemplates/@events/@event.13 //@expertTemplates/@events/@event.16 //@expertTemplates/@events/@event.23 //@expertTemplates/@events/@event.24 //@expertTemplates/@events/@event.33 //@expertTemplates/@events/@event.36 //@expertTemplates/@events/@event.38 //@expertTemplates/@events/@event.39 //@expertTemplates/@events/@event.41 //@expertTemplates/@events/@event.42 //@expertTemplates/@events/@event.49 //@expertTemplates/@events/@event.50 //@expertTemplates/@events/@event.51 //@expertTemplates/@events/@event.55 //@expertTemplates/@events/@event.57 //@expertTemplates/@events/@event.58 //@expertTemplates/@events/@event.60 //@expertTemplates/@events/@event.61 //@expertTemplates/@events/@event.72 //@expertTemplates/@events/@event.73 //@expertTemplates/@events/@event.74 //@expertTemplates/@events/@event.75" reconcilable="true" alwaysTrue="true">
        <keywords>UTILITY</keywords>
        <arguments name="LOGIC" dataType="CHARACTER" reconcileScript="N/A">
          <defaultValue xsi:type="EM:StringValue" value="@quot;LOGIC@quot;"/>
        </arguments>
      </templateDefinitions>
      <templateDefinitions xsi:type="EM:ExpertTemplate" name="EKS_ENCOUNTER_DETAIL_L" definition="the patient's ENC_DETAIL QUAL DETAIL_VALUE for the same encounter as OPT_LINK" description="Encounter attributes" eventDependency="//@expertTemplates/@events/@event.1 //@expertTemplates/@events/@event.2 //@expertTemplates/@events/@event.3 //@expertTemplates/@events/@event.4 //@expertTemplates/@events/@event.8 //@expertTemplates/@events/@event.9 //@expertTemplates/@events/@event.10 //@expertTemplates/@events/@event.11 //@expertTemplates/@events/@event.13 //@expertTemplates/@events/@event.16 //@expertTemplates/@events/@event.23 //@expertTemplates/@events/@event.34 //@expertTemplates/@events/@event.36 //@expertTemplates/@events/@event.38 //@expertTemplates/@events/@event.39 //@expertTemplates/@events/@event.41 //@expertTemplates/@events/@event.42 //@expertTemplates/@events/@event.49 //@expertTemplates/@events/@event.50 //@expertTemplates/@events/@event.51 //@expertTemplates/@events/@event.55 //@expertTemplates/@events/@event.57 //@expertTemplates/@events/@event.61 //@expertTemplates/@events/@event.72 //@expertTemplates/@events/@event.73 //@expertTemplates/@events/@event.74 //@expertTemplates/@events/@event.75" optimizable="true">
        <keywords>ENCOUNTER</keywords>
        <arguments xsi:type="EM:ReferentialArgument" name="ENC_DETAIL" dataType="CHARACTER" controlType="REFERENTIAL" validationType="READ_ONLY" required="true" keyFieldIndex="2">
          <statements dependency="ENC_DETAIL" statement="execute EKS_T_ENC_DETAIL_REFHELP &quot;HELP&quot; go"/>
        </arguments>
        <arguments xsi:type="EM:ReferentialArgument" name="QUAL" dataType="CHARACTER" controlType="REFERENTIAL" validationType="READ_ONLY" required="true" dependency="ENC_DETAIL" keyFieldIndex="2">
          <statements dependency="QUAL" statement="execute EKS_T_ENC_DETAIL_REFHELP concat(&quot;QUAL&quot;, PAR1) go"/>
        </arguments>
        <arguments xsi:type="EM:ReferentialArgument" name="DETAIL_VALUE" dataType="CHARACTER" controlType="LISTBOX" validationType="READ_ONLY" required="true" dependency="ENC_DETAIL" optimizable="true" keyFieldIndex="2">
          <statements dependency="DETAIL_VALUE" statement="execute EKS_T_ENC_DETAIL_REFHELP concat(&quot;VALUE&quot;, PAR1) go"/>
        </arguments>
        <arguments name="OPT_LINK" dataType="LINK" controlType="TEMPLATE_REFERENCE"/>
      </templateDefinitions>
      <templateDefinitions xsi:type="EM:ExpertTemplate" name="EKS_ORDER_LIST_INCOMING_L" definition="the triggering request contains an order ORD_METHOD OPT_ORDERS with status of OPT_ORDER_STATUS and an optional order detail of OPT_ORDER_DETAIL that OPT_QUALIFIER OPT_LIST" description="Incoming orderable, status, attributes" eventDependency="//@expertTemplates/@events/@event.39" optimizable="true" reconcilable="true">
        <keywords>ORDER</keywords>
        <arguments xsi:type="EM:ReferentialArgument" name="ORD_METHOD" dataType="CHARACTER" controlType="REFERENTIAL" validationType="READ_ONLY" required="true" reconcileScript="N/A">
          <statements dependency="ORD_METHOD" statement="execute eks_t_db_ref_help &quot;HELPNEWORDMETHOD^&quot; go"/>
        </arguments>
        <arguments xsi:type="EM:ReferentialArgument" name="OPT_ORDERS" dataType="CHARACTER" controlType="LISTBOX" validationType="READ_ONLY" dependency="ORD_METHOD" optimizable="true" reconcileScript="eks_p_ord_method_orders" keyFieldIndex="2">
          <statements dependency="OPT_ORDERS" statement="execute eks_t_db_ref_help ConCat(&quot;HELPCATALOGTYPE^&quot;, PAR1) go&#xD;&#xA;"/>
          <statements dependency="OPT_ORDERS" statement="execute eks_t_db_ref_help ConCat(&quot;HELPORDALPHA^&quot;, PAR1) go"/>
          <statements dependency="OPT_ORDERS" statement="execute eks_t_db_ref_help ConCat(&quot;HELPORDERS^&quot;, PAR1) go"/>
        </arguments>
        <arguments xsi:type="EM:ReferentialArgument" name="OPT_ORDER_STATUS" dataType="CHARACTER" controlType="LISTBOX" validationType="READ_ONLY" optimizable="true" reconcileScript="eks_p_codeset_cki_refhelp  &quot;6004&quot;,&quot;CDF&quot;,&quot;*ANY&quot;" keyFieldIndex="2">
          <statements dependency="OPT_ORDER_STATUS" statement="execute eks_t_db_ref_help &quot;HELPSTATUS&quot; go"/>
        </arguments>
        <arguments xsi:type="EM:ReferentialArgument" name="OPT_ORDER_DETAIL" dataType="CHARACTER" controlType="REFERENTIAL" validationType="READ_ONLY" reconcileScript="eks_p_order_detail" keyFieldIndex="2">
          <statements dependency="OPT_ORDER_DETAIL" statement="execute eks_t_db_ref_help &quot;HELPDETAILSSEL^USEREQUEST&quot; go"/>
          <statements dependency="OPT_ORDER_DETAIL" statement="execute eks_t_db_ref_help ConCat(&quot;HELPDETAILS^1^&quot;, PAR1) go"/>
        </arguments>
        <arguments xsi:type="EM:ReferentialArgument" name="OPT_QUALIFIER" dataType="CHARACTER" controlType="REFERENTIAL" validationType="READ_ONLY" dependency="OPT_ORDER_DETAIL" reconcileScript="eks_p_qualifier &quot;1&quot;" keyFieldIndex="2">
          <statements dependency="OPT_QUALIFIER" statement="execute eks_t_db_ref_help ConCat(&quot;HELPQUALIFIERS^&quot;, PAR1)  go"/>
        </arguments>
        <arguments xsi:type="EM:ReferentialArgument" name="OPT_LIST" dataType="CHARACTER" controlType="LISTBOX" validationType="READ_ONLY" dependency="OPT_ORDER_DETAIL" optimizable="true" reconcileScript="eks_p_list" keyFieldIndex="2">
          <statements dependency="OPT_LIST" statement="execute eks_t_db_ref_help ConCat(&quot;HELPORDDETLIST1^&quot;, PAR1) go"/>
          <statements dependency="OPT_LIST" statement="execute eks_t_db_ref_help ConCat(&quot;HELPORDDETLIST2^&quot;, PAR1) go"/>
        </arguments>
      </templateDefinitions>
      <templateDefinitions xsi:type="EM:ExpertTemplate" name="EKS_PLAN_FIND_L" definition="Active plans POWERPLAN exist OPT_TIME_QUAL OPT_TIME_VALUE OPT_TIME_UNIT from current date/time for person OPT_LINK." description="Active plans POWERPLAN exist OPT_TIME_QUAL OPT_TIME_VALUE OPT_TIME_UNIT from current date/time for person OPT_LINK." eventDependency="//@expertTemplates/@events/@event.1 //@expertTemplates/@events/@event.2 //@expertTemplates/@events/@event.3 //@expertTemplates/@events/@event.8 //@expertTemplates/@events/@event.9 //@expertTemplates/@events/@event.10 //@expertTemplates/@events/@event.11 //@expertTemplates/@events/@event.13 //@expertTemplates/@events/@event.16 //@expertTemplates/@events/@event.23 //@expertTemplates/@events/@event.36 //@expertTemplates/@events/@event.38 //@expertTemplates/@events/@event.39 //@expertTemplates/@events/@event.41 //@expertTemplates/@events/@event.42 //@expertTemplates/@events/@event.50 //@expertTemplates/@events/@event.51 //@expertTemplates/@events/@event.55 //@expertTemplates/@events/@event.56 //@expertTemplates/@events/@event.57 //@expertTemplates/@events/@event.61 //@expertTemplates/@events/@event.72 //@expertTemplates/@events/@event.73 //@expertTemplates/@events/@event.74 //@expertTemplates/@events/@event.75" reconcilable="true">
        <keywords>POWERPLAN</keywords>
        <arguments xsi:type="EM:ReferentialArgument" name="POWERPLAN" dataType="CHARACTER" controlType="LISTBOX" validationType="READ_ONLY" required="true" reconcileScript="eks_p_powerplan &quot;ALLORDERS_LOGIC&quot;" keyFieldIndex="2">
          <statements dependency="POWERPLAN" statement="execute eks_t_plan_ref_help &quot;HELPPLANORDERS&quot;,&quot;&quot; go&#xD;&#xA;;execute eks_t_plan_ref_help &quot;HELPPOWERPLANS&quot;, &quot;&quot; go"/>
        </arguments>
        <arguments xsi:type="EM:ReferentialArgument" name="OPT_TIME_QUAL" dataType="CHARACTER" controlType="REFERENTIAL" validationType="REFERENTIAL" reconcileScript="N/A">
          <statements dependency="OPT_TIME_QUAL" statement="execute eks_t_plan_ref_help &quot;HELPTIMEQUAL&quot;, &quot;&quot; go"/>
        </arguments>
        <arguments name="OPT_TIME_VALUE" reconcileScript="N/A"/>
        <arguments xsi:type="EM:ReferentialArgument" name="OPT_TIME_UNIT" dataType="CHARACTER" controlType="REFERENTIAL" validationType="REFERENTIAL" reconcileScript="N/A">
          <statements dependency="OPT_TIME_UNIT" statement="execute eks_t_plan_ref_help &quot;HELPTIMEUNIT&quot;, &quot;&quot; go"/>
        </arguments>
        <arguments name="OPT_LINK" dataType="LINK" controlType="TEMPLATE_REFERENCE" reconcileScript="N/A"/>
      </templateDefinitions>
      <templateDefinitions xsi:type="EM:ExpertTemplate" name="EKS_PLAN_SUGGESTED_FIND_L" definition="Suggested plans POWERPLAN exist with status of OPT_STATUS and source tag OPT_SOURCE_TAG OPT_TIME_QUAL OPT_TIME_VALUE OPT_TIME_UNIT from current date/time for person OPT_LINK." description="Suggested plans POWERPLAN exist with status of OPT_STATUS and source tag OPT_SOURCE_TAG OPT_TIME_QUAL OPT_TIME_VALUE OPT_TIME_UNIT from current date/time for person OPT_LINK." eventDependency="//@expertTemplates/@events/@event.1 //@expertTemplates/@events/@event.2 //@expertTemplates/@events/@event.3 //@expertTemplates/@events/@event.8 //@expertTemplates/@events/@event.9 //@expertTemplates/@events/@event.10 //@expertTemplates/@events/@event.11 //@expertTemplates/@events/@event.13 //@expertTemplates/@events/@event.16 //@expertTemplates/@events/@event.23 //@expertTemplates/@events/@event.36 //@expertTemplates/@events/@event.38 //@expertTemplates/@events/@event.39 //@expertTemplates/@events/@event.41 //@expertTemplates/@events/@event.42 //@expertTemplates/@events/@event.50 //@expertTemplates/@events/@event.51 //@expertTemplates/@events/@event.55 //@expertTemplates/@events/@event.56 //@expertTemplates/@events/@event.57 //@expertTemplates/@events/@event.61 //@expertTemplates/@events/@event.72 //@expertTemplates/@events/@event.73 //@expertTemplates/@events/@event.74 //@expertTemplates/@events/@event.75" reconcilable="true">
        <keywords>POWERPLAN</keywords>
        <arguments xsi:type="EM:ReferentialArgument" name="POWERPLAN" dataType="CHARACTER" controlType="LISTBOX" validationType="READ_ONLY" required="true" reconcileScript="eks_p_powerplan &quot;POWER_PLAN_PHASE_LOGIC&quot;" keyFieldIndex="2">
          <statements dependency="POWERPLAN" statement="execute eks_t_plan_ref_help &quot;HELPPOWERPLANS&quot;, &quot;&quot; go"/>
        </arguments>
        <arguments xsi:type="EM:ReferentialArgument" name="OPT_STATUS" dataType="CHARACTER" controlType="LISTBOX" validationType="READ_ONLY" reconcileScript="eks_p_codeset_cki_refhelp  &quot;79&quot;,&quot;CDF&quot;,&quot;&quot;" keyFieldIndex="2">
          <statements dependency="OPT_STATUS" statement="execute eks_t_plan_ref_help &quot;HELPTASKSTATUS&quot;, &quot;&quot; go"/>
        </arguments>
        <arguments name="OPT_SOURCE_TAG" dataType="CHARACTER" reconcileScript="N/A"/>
        <arguments xsi:type="EM:ReferentialArgument" name="OPT_TIME_QUAL" dataType="CHARACTER" controlType="REFERENTIAL" validationType="REFERENTIAL" reconcileScript="N/A">
          <statements dependency="OPT_TIME_QUAL" statement="execute eks_t_plan_ref_help &quot;HELPTIMEQUAL&quot;, &quot;&quot; go"/>
        </arguments>
        <arguments name="OPT_TIME_VALUE" reconcileScript="N/A"/>
        <arguments xsi:type="EM:ReferentialArgument" name="OPT_TIME_UNIT" dataType="CHARACTER" controlType="REFERENTIAL" validationType="REFERENTIAL" reconcileScript="N/A">
          <statements dependency="OPT_TIME_UNIT" statement="execute eks_t_plan_ref_help &quot;HELPTIMEUNIT&quot;, &quot;&quot; go"/>
        </arguments>
        <arguments name="OPT_LINK" dataType="LINK" controlType="TEMPLATE_REFERENCE" reconcileScript="N/A"/>
      </templateDefinitions>
      <templateDefinitions xsi:type="EM:ExpertTemplate" name="EKS_CE_RESULTA_MOST_RECENT_L" definition="the most recent result for EVENT_SET_NAME is EVALUATION VALUE1 for the same encounter as OPT_LINK over the last OPT_TIME_NUM OPT_TIME_UNIT" description="Most recent alpha result value" recommeded="CAUTION" eventDependency="//@expertTemplates/@events/@event.1 //@expertTemplates/@events/@event.2 //@expertTemplates/@events/@event.3 //@expertTemplates/@events/@event.8 //@expertTemplates/@events/@event.9 //@expertTemplates/@events/@event.10 //@expertTemplates/@events/@event.13 //@expertTemplates/@events/@event.16 //@expertTemplates/@events/@event.23 //@expertTemplates/@events/@event.36 //@expertTemplates/@events/@event.38 //@expertTemplates/@events/@event.39 //@expertTemplates/@events/@event.41 //@expertTemplates/@events/@event.42 //@expertTemplates/@events/@event.49 //@expertTemplates/@events/@event.50 //@expertTemplates/@events/@event.51 //@expertTemplates/@events/@event.55 //@expertTemplates/@events/@event.57 //@expertTemplates/@events/@event.61 //@expertTemplates/@events/@event.72 //@expertTemplates/@events/@event.73 //@expertTemplates/@events/@event.74 //@expertTemplates/@events/@event.75" optimizable="true" reconcilable="true">
        <keywords>CLINICALEVENT</keywords>
        <arguments xsi:type="EM:ReferentialArgument" name="EVENT_SET_NAME" dataType="CHARACTER" controlType="LISTBOX" validationType="READ_ONLY" required="true" optimizable="true" reconcileScript="eks_p_event_set_name" keyFieldIndex="2">
          <statements dependency="EVENT_SET_NAME" statement="EKS_abc_refhelp &quot; &quot; go&#xD;&#xA;"/>
          <statements dependency="EVENT_SET_NAME" statement="eks_event_set_name_refhelp PAR1, &quot;EVENT_SET&quot; go"/>
        </arguments>
        <arguments xsi:type="EM:FixedListArgument" name="EVALUATION" dataType="CHARACTER" required="true" reconcileScript="N/A">
          <stringTable>
            <column value="equal to"/>
            <column value="alpha"/>
          </stringTable>
          <stringTable>
            <column value="not equal to"/>
            <column value="alpha"/>
          </stringTable>
        </arguments>
        <arguments xsi:type="EM:ReferentialArgument" name="VALUE1" dataType="CHARACTER" controlType="LISTBOX" validationType="READ_ONLY" required="true" reconcileScript="N/A">
          <statements dependency="VALUE1" statement="EKS_ABC_REFHELP &quot; &quot; GO"/>
          <statements dependency="VALUE1" statement="SELECT&#xD;&#xA; IF (PAR1=&quot;ALL&quot;)&#xD;&#xA;  from nomenclature n,code_value cv&#xD;&#xA;  plan cv where cv.code_set=401 and cv.cdf_meaning =&quot;ALPHA RESPON&quot;&#xD;&#xA;  join n where n.active_ind=1 and n.principle_type_cd=cv.code_value&#xD;&#xA;   and n.beg_effective_dt_tm &lt;= cnvtdatetime(curdate, curtime3)&#xD;&#xA;   and n.end_effective_dt_tm >= cnvtdatetime(curdate, curtime3)&#xD;&#xA;   and n.source_string != &quot; &quot;&#xD;&#xA; ELSEIF (PAR1 != &quot;OTHER&quot;) &#xD;&#xA;  from nomenclature n,code_value cv&#xD;&#xA;  plan cv where cv.code_set=401 and cv.cdf_meaning =&quot;ALPHA RESPON&quot;&#xD;&#xA;  join n where n.active_ind=1 and n.principle_type_cd=cv.code_value&#xD;&#xA;   and n.beg_effective_dt_tm &lt;= cnvtdatetime(curdate, curtime3)&#xD;&#xA;   and n.end_effective_dt_tm >= cnvtdatetime(curdate, curtime3)&#xD;&#xA;   and n.source_string != &quot; &quot;&#xD;&#xA;   and CNVTUPPER(n.source_string)=PATSTRING(CONCAT(cnvtupper(PAR1),&quot;*&quot;))    &#xD;&#xA; ELSE&#xD;&#xA;  from nomenclature n,code_value cv&#xD;&#xA;  plan cv where cv.code_set=401 and cv.cdf_meaning =&quot;ALPHA RESPON&quot;&#xD;&#xA;  join n where n.active_ind=1 and n.principle_type_cd=cv.code_value&#xD;&#xA;   and n.beg_effective_dt_tm &lt;= cnvtdatetime(curdate, curtime3)&#xD;&#xA;   and n.end_effective_dt_tm >= cnvtdatetime(curdate, curtime3)&#xD;&#xA;   and n.source_string != &quot; &quot;&#xD;&#xA;   and  CNVTUPPER(substring(1,1,n.source_string)) NOT BETWEEN &quot;0&quot; AND &quot;Z&quot;&#xD;&#xA; ENDIF&#xD;&#xA;STRING = n.source_string&#xD;&#xA;ORDER cnvtupper(n.source_string)"/>
        </arguments>
        <arguments name="OPT_LINK" dataType="LINK" controlType="TEMPLATE_REFERENCE" reconcileScript="N/A"/>
        <arguments name="OPT_TIME_NUM" dataType="CHARACTER" validationType="MAX_LENGTH" reconcileScript="N/A"/>
        <arguments xsi:type="EM:FixedListArgument" name="OPT_TIME_UNIT" dataType="CHARACTER" reconcileScript="N/A">
          <stringTable>
            <column value="minutes"/>
            <column value="minutes"/>
          </stringTable>
          <stringTable>
            <column value="hours"/>
            <column value="hours"/>
          </stringTable>
          <stringTable>
            <column value="days"/>
            <column value="days"/>
          </stringTable>
        </arguments>
      </templateDefinitions>
    </logicTemplates>
    <actionTemplates>
      <templateDefinitions xsi:type="EM:ExpertTemplate" name="EKS_SUGGEST_PLAN_A" definition="Add POWERPLAN for person LINK with OPT_COMMENTS and OPT_SOURCE_TAG." description="Add POWERPLAN for person LINK with OPT_COMMENTS and OPT_SOURCE_TAG." eventDependency="//@expertTemplates/@events/@event.1 //@expertTemplates/@events/@event.2 //@expertTemplates/@events/@event.3 //@expertTemplates/@events/@event.8 //@expertTemplates/@events/@event.9 //@expertTemplates/@events/@event.10 //@expertTemplates/@events/@event.11 //@expertTemplates/@events/@event.13 //@expertTemplates/@events/@event.16 //@expertTemplates/@events/@event.23 //@expertTemplates/@events/@event.36 //@expertTemplates/@events/@event.38 //@expertTemplates/@events/@event.39 //@expertTemplates/@events/@event.41 //@expertTemplates/@events/@event.42 //@expertTemplates/@events/@event.51 //@expertTemplates/@events/@event.55 //@expertTemplates/@events/@event.56 //@expertTemplates/@events/@event.57 //@expertTemplates/@events/@event.61 //@expertTemplates/@events/@event.72 //@expertTemplates/@events/@event.73 //@expertTemplates/@events/@event.75" reconcilable="true">
        <keywords>POWERPLAN</keywords>
        <arguments xsi:type="EM:ReferentialArgument" name="POWERPLAN" dataType="CHARACTER" controlType="LISTBOX" validationType="READ_ONLY" required="true" reconcileScript="eks_p_powerplan &quot;POWER_PLAN_PHASE_LOGIC&quot;" keyFieldIndex="2">
          <statements dependency="POWERPLAN" statement="execute eks_t_plan_ref_help &quot;HELPPOWERPLANS&quot;, &quot;&quot; go"/>
        </arguments>
        <arguments name="LINK" dataType="LINK" controlType="TEMPLATE_REFERENCE" required="true" reconcileScript="N/A"/>
        <arguments name="OPT_COMMENTS" dataType="CHARACTER" controlType="TEXT_MULTI_LINE" reconcileScript="N/A"/>
        <arguments name="OPT_SOURCE_TAG" dataType="CHARACTER" reconcileScript="N/A"/>
      </templateDefinitions>
      <templateDefinitions xsi:type="EM:ExpertTemplate" name="EKS_CE_CREATE_CODED_CE_A" definition="Create a STATUS, OPT_NORMALCY, EVENT_NAME result of VALUE1 OPT_UNITS_OF_MEASURE on the same encounter as LINK with OPT_COMMENT_TYPE of OPT_COMMENT and RESEND send this event back through Discern Expert. OPT_INHERIT_DYN_LABEL inherit the dynamic label, if one exisits.  " description="Create a coded clinical event" eventDependency="//@expertTemplates/@events/@event.1 //@expertTemplates/@events/@event.2 //@expertTemplates/@events/@event.3 //@expertTemplates/@events/@event.8 //@expertTemplates/@events/@event.9 //@expertTemplates/@events/@event.10 //@expertTemplates/@events/@event.13 //@expertTemplates/@events/@event.16 //@expertTemplates/@events/@event.23 //@expertTemplates/@events/@event.36 //@expertTemplates/@events/@event.38 //@expertTemplates/@events/@event.39 //@expertTemplates/@events/@event.41 //@expertTemplates/@events/@event.42 //@expertTemplates/@events/@event.51 //@expertTemplates/@events/@event.55 //@expertTemplates/@events/@event.61 //@expertTemplates/@events/@event.72 //@expertTemplates/@events/@event.73 //@expertTemplates/@events/@event.75" optimizable="true" reconcilable="true">
        <keywords>CLINICALEVENT</keywords>
        <arguments xsi:type="EM:ReferentialArgument" name="STATUS" dataType="CHARACTER" controlType="REFERENTIAL" validationType="READ_ONLY" required="true" optimizable="true" reconcileScript="eks_p_codeset_cki_refhelp &quot;8&quot;,&quot;CKI&quot;,&quot;&quot;" keyFieldIndex="2">
          <statements dependency="STATUS" statement="eks_codeset_cki_refhelp &quot;8&quot;,&quot;CKI&quot;,&quot;&quot; go"/>
        </arguments>
        <arguments xsi:type="EM:ReferentialArgument" name="OPT_NORMALCY" dataType="CHARACTER" controlType="REFERENTIAL" validationType="REFERENTIAL" optimizable="true" reconcileScript="eks_p_codeset_cki_refhelp &quot;52&quot;,&quot;CKI&quot;,&quot;&quot;" keyFieldIndex="2">
          <statements dependency="OPT_NORMALCY" statement="eks_codeset_cki_refhelp &quot;52&quot;,&quot;CKI&quot;,&quot;&quot; go"/>
        </arguments>
        <arguments xsi:type="EM:ReferentialArgument" name="EVENT_NAME" dataType="CHARACTER" controlType="REFERENTIAL" validationType="READ_ONLY" required="true" optimizable="true" reconcileScript="eks_p_event_name" keyFieldIndex="2">
          <statements dependency="EVENT_NAME" statement="EKS_ABC_REFHELP &quot;&quot; GO&#xD;&#xA;"/>
          <statements dependency="EVENT_NAME" statement="eks_t_create_ce_refhelp PAR1, &quot;EVENT_CODE&quot; go"/>
        </arguments>
        <arguments xsi:type="EM:ReferentialArgument" name="VALUE1" dataType="CHARACTER" controlType="LISTBOX" validationType="READ_ONLY" required="true" dependency="EVENT_NAME" reconcileScript="eks_p_alpha_reason" keyFieldIndex="2">
          <statements dependency="VALUE1" statement="eks_t_create_ce_refhelp PAR1, &quot;ALPHA_RESPONSE&quot; go"/>
        </arguments>
        <arguments xsi:type="EM:ReferentialArgument" name="OPT_UNITS_OF_MEASURE" dataType="CHARACTER" controlType="REFERENTIAL" validationType="REFERENTIAL" optimizable="true" reconcileScript="eks_p_codeset_cki_refhelp &quot;54&quot;,&quot;CKI&quot;,&quot;&quot;" keyFieldIndex="2">
          <statements dependency="OPT_UNITS_OF_MEASURE" statement="eks_codeset_cki_refhelp &quot;54&quot;,&quot;CKI&quot;,&quot;&quot; go"/>
        </arguments>
        <arguments name="LINK" dataType="LINK" controlType="TEMPLATE_REFERENCE" required="true" reconcileScript="N/A"/>
        <arguments xsi:type="EM:ReferentialArgument" name="OPT_COMMENT_TYPE" dataType="CHARACTER" controlType="REFERENTIAL" validationType="REFERENTIAL" optimizable="true" reconcileScript="eks_p_codeset_cki_refhelp &quot;14&quot;,&quot;CKI&quot;,&quot;&quot;" keyFieldIndex="2">
          <statements dependency="OPT_COMMENT_TYPE" statement="eks_codeset_cki_refhelp &quot;14&quot;,&quot;CKI&quot;,&quot;&quot; go"/>
        </arguments>
        <arguments name="OPT_COMMENT" dataType="CHARACTER" controlType="TEXT_MULTI_LINE" reconcileScript="N/A"/>
        <arguments xsi:type="EM:FixedListArgument" name="RESEND" dataType="CHARACTER" required="true" reconcileScript="N/A">
          <defaultValue xsi:type="EM:StringValue" value="do not"/>
          <stringTable>
            <column value="do not"/>
            <column value="do not"/>
          </stringTable>
          <stringTable>
            <column value="do"/>
            <column value="CAUTION (see template documentation)"/>
          </stringTable>
        </arguments>
        <arguments xsi:type="EM:FixedListArgument" name="OPT_INHERIT_DYN_LABEL" dataType="CHARACTER" validationType="READ_ONLY" reconcileScript="N/A">
          <defaultValue xsi:type="EM:StringValue" value="Do not"/>
          <stringTable>
            <column value="Do"/>
            <column value="do inherit dyanmic_label_id"/>
          </stringTable>
          <stringTable>
            <column value="Do not"/>
            <column value="don't inherit dyanmic_label_id"/>
          </stringTable>
        </arguments>
      </templateDefinitions>
    </actionTemplates>
  </expertTemplates>
  <ruleDefinition>
    <evokeSection>
      <evokes evokeEvent="//@expertTemplates/@events/@event.39">
        <logicExpression xsi:type="EM:Antecedent" id="E1" template="EKS_ORDER_LIST_E">
          <facts argument="ORD_METHOD">
            <value xsi:type="EM:StringValue" value="whose primary mnemonic is"/>
          </facts>
          <facts argument="OPT_ORDERS">
            <value xsi:type="EM:ListValue">
              <values xsi:type="EM:ListValue">
                <values xsi:type="EM:CustomValue" hideDisplay="true">
                  <customValue xsi:type="EM:StringValue" value="CCK200:CERNER!AGbaLAEMoNDSDoDKCqIGfQ"/>
                </values>
                <values xsi:type="EM:StringValue" value="Restraint Initiate Non-Violent"/>
                <values xsi:type="EM:ListValue">
                  <values xsi:type="EM:CustomValue" hideDisplay="true">
                    <customValue xsi:type="EM:StringValue" value="2515.0|whose primary mnemonic is"/>
                  </values>
                  <values xsi:type="EM:CustomValue" hideDisplay="true">
                    <customValue xsi:type="EM:StringValue" value="R|2515.0|whose primary mnemonic is"/>
                  </values>
                </values>
              </values>
              <values xsi:type="EM:ListValue">
                <values xsi:type="EM:CustomValue" hideDisplay="true">
                  <customValue xsi:type="EM:StringValue" value="4149461.0"/>
                </values>
                <values xsi:type="EM:StringValue" value="Restraint Initiate Violent 18 Yrs and more"/>
                <values xsi:type="EM:ListValue">
                  <values xsi:type="EM:CustomValue" hideDisplay="true">
                    <customValue xsi:type="EM:StringValue" value="2515.0|whose primary mnemonic is"/>
                  </values>
                  <values xsi:type="EM:CustomValue" hideDisplay="true">
                    <customValue xsi:type="EM:StringValue" value="R|2515.0|whose primary mnemonic is"/>
                  </values>
                </values>
              </values>
              <values xsi:type="EM:ListValue">
                <values xsi:type="EM:CustomValue" hideDisplay="true">
                  <customValue xsi:type="EM:StringValue" value="4149447.0"/>
                </values>
                <values xsi:type="EM:StringValue" value="Restraint Initiate Violent 9-17 Years"/>
                <values xsi:type="EM:ListValue">
                  <values xsi:type="EM:CustomValue" hideDisplay="true">
                    <customValue xsi:type="EM:StringValue" value="2515.0|whose primary mnemonic is"/>
                  </values>
                  <values xsi:type="EM:CustomValue" hideDisplay="true">
                    <customValue xsi:type="EM:StringValue" value="R|2515.0|whose primary mnemonic is"/>
                  </values>
                </values>
              </values>
              <values xsi:type="EM:ListValue">
                <values xsi:type="EM:CustomValue" hideDisplay="true">
                  <customValue xsi:type="EM:StringValue" value="4149463.0"/>
                </values>
                <values xsi:type="EM:StringValue" value="Restraint Initiate Violent Less than 8 yrs"/>
                <values xsi:type="EM:ListValue">
                  <values xsi:type="EM:CustomValue" hideDisplay="true">
                    <customValue xsi:type="EM:StringValue" value="2515.0|whose primary mnemonic is"/>
                  </values>
                  <values xsi:type="EM:CustomValue" hideDisplay="true">
                    <customValue xsi:type="EM:StringValue" value="R|2515.0|whose primary mnemonic is"/>
                  </values>
                </values>
              </values>
            </value>
          </facts>
          <facts argument="OPT_ORDER_STATUS">
            <value xsi:type="EM:ListValue">
              <values xsi:type="EM:ListValue">
                <values xsi:type="EM:CustomValue" hideDisplay="true">
                  <customValue xsi:type="EM:StringValue" value="CDF6004:ORDERED"/>
                </values>
                <values xsi:type="EM:StringValue" value="Ordered"/>
              </values>
            </value>
          </facts>
          <facts argument="OPT_ORDER_DETAIL">
            <value xsi:type="EM:StringValue"/>
          </facts>
          <facts argument="OPT_QUALIFIER">
            <value xsi:type="EM:StringValue"/>
          </facts>
          <facts argument="OPT_LIST">
            <value xsi:type="EM:StringValue"/>
          </facts>
        </logicExpression>
      </evokes>
    </evokeSection>
    <logicSection>
      <logicExpression xsi:type="EM:InfixExpression">
        <leftExpression xsi:type="EM:Antecedent" id="L1" template="EKS_LOGIC_TRUE">
          <facts argument="LOGIC">
            <value xsi:type="EM:StringValue" value="@quot;LOGIC@quot;"/>
          </facts>
        </leftExpression>
        <rightExpression xsi:type="EM:InfixExpression">
          <leftExpression xsi:type="EM:Antecedent" id="L2" template="EKS_ENCOUNTER_DETAIL_L">
            <facts argument="ENC_DETAIL">
              <value xsi:type="EM:ListValue">
                <values xsi:type="EM:ListValue">
                  <values xsi:type="EM:CustomValue" hideDisplay="true">
                    <customValue xsi:type="EM:StringValue" value="ENCNTR_TYPE_CD\71"/>
                  </values>
                  <values xsi:type="EM:StringValue" value="Encounter Type"/>
                </values>
              </value>
            </facts>
            <facts argument="QUAL">
              <value xsi:type="EM:ListValue">
                <values xsi:type="EM:ListValue">
                  <values xsi:type="EM:CustomValue" hideDisplay="true">
                    <customValue xsi:type="EM:StringValue" value="="/>
                  </values>
                  <values xsi:type="EM:StringValue" value="is listed"/>
                </values>
              </value>
            </facts>
            <facts argument="DETAIL_VALUE">
              <value xsi:type="EM:ListValue">
                <values xsi:type="EM:ListValue">
                  <values xsi:type="EM:CustomValue" hideDisplay="true">
                    <customValue xsi:type="EM:StringValue" value="CKI.CODEVALUE!3958"/>
                  </values>
                  <values xsi:type="EM:StringValue" value="INPATIENT"/>
                </values>
                <values xsi:type="EM:ListValue">
                  <values xsi:type="EM:CustomValue" hideDisplay="true">
                    <customValue xsi:type="EM:StringValue" value="CKI.CODEVALUE!17613"/>
                  </values>
                  <values xsi:type="EM:StringValue" value="OBSERVATION"/>
                </values>
              </value>
            </facts>
            <facts argument="OPT_LINK">
              <value xsi:type="EM:AntecedentReference" antecedent="//@ruleDefinition/@logicSection/@logicExpression/@leftExpression"/>
            </facts>
          </leftExpression>
          <rightExpression xsi:type="EM:InfixExpression">
            <leftExpression xsi:type="EM:Antecedent" id="L3" template="EKS_ORDER_LIST_INCOMING_L">
              <facts argument="ORD_METHOD">
                <value xsi:type="EM:StringValue" value="whose primary mnemonic is"/>
              </facts>
              <facts argument="OPT_ORDERS">
                <value xsi:type="EM:ListValue">
                  <values xsi:type="EM:ListValue">
                    <values xsi:type="EM:CustomValue" hideDisplay="true">
                      <customValue xsi:type="EM:StringValue" value="CCK200:CERNER!AGbaLAEMoNDSDoDKCqIGfQ"/>
                    </values>
                    <values xsi:type="EM:StringValue" value="Restraint Initiate Non-Violent"/>
                    <values xsi:type="EM:ListValue">
                      <values xsi:type="EM:CustomValue" hideDisplay="true">
                        <customValue xsi:type="EM:StringValue" value="2515.0|whose primary mnemonic is"/>
                      </values>
                      <values xsi:type="EM:CustomValue" hideDisplay="true">
                        <customValue xsi:type="EM:StringValue" value="R|2515.0|whose primary mnemonic is"/>
                      </values>
                    </values>
                  </values>
                  <values xsi:type="EM:ListValue">
                    <values xsi:type="EM:CustomValue" hideDisplay="true">
                      <customValue xsi:type="EM:StringValue" value="4149461.0"/>
                    </values>
                    <values xsi:type="EM:StringValue" value="Restraint Initiate Violent 18 Yrs and more"/>
                    <values xsi:type="EM:ListValue">
                      <values xsi:type="EM:CustomValue" hideDisplay="true">
                        <customValue xsi:type="EM:StringValue" value="2515.0|whose primary mnemonic is"/>
                      </values>
                      <values xsi:type="EM:CustomValue" hideDisplay="true">
                        <customValue xsi:type="EM:StringValue" value="R|2515.0|whose primary mnemonic is"/>
                      </values>
                    </values>
                  </values>
                  <values xsi:type="EM:ListValue">
                    <values xsi:type="EM:CustomValue" hideDisplay="true">
                      <customValue xsi:type="EM:StringValue" value="4149447.0"/>
                    </values>
                    <values xsi:type="EM:StringValue" value="Restraint Initiate Violent 9-17 Years"/>
                    <values xsi:type="EM:ListValue">
                      <values xsi:type="EM:CustomValue" hideDisplay="true">
                        <customValue xsi:type="EM:StringValue" value="2515.0|whose primary mnemonic is"/>
                      </values>
                      <values xsi:type="EM:CustomValue" hideDisplay="true">
                        <customValue xsi:type="EM:StringValue" value="R|2515.0|whose primary mnemonic is"/>
                      </values>
                    </values>
                  </values>
                  <values xsi:type="EM:ListValue">
                    <values xsi:type="EM:CustomValue" hideDisplay="true">
                      <customValue xsi:type="EM:StringValue" value="4149463.0"/>
                    </values>
                    <values xsi:type="EM:StringValue" value="Restraint Initiate Violent Less than 8 yrs"/>
                    <values xsi:type="EM:ListValue">
                      <values xsi:type="EM:CustomValue" hideDisplay="true">
                        <customValue xsi:type="EM:StringValue" value="2515.0|whose primary mnemonic is"/>
                      </values>
                      <values xsi:type="EM:CustomValue" hideDisplay="true">
                        <customValue xsi:type="EM:StringValue" value="R|2515.0|whose primary mnemonic is"/>
                      </values>
                    </values>
                  </values>
                </value>
              </facts>
              <facts argument="OPT_ORDER_STATUS">
                <value xsi:type="EM:ListValue">
                  <values xsi:type="EM:ListValue">
                    <values xsi:type="EM:CustomValue" hideDisplay="true">
                      <customValue xsi:type="EM:StringValue" value="CDF6004:ORDERED"/>
                    </values>
                    <values xsi:type="EM:StringValue" value="Ordered"/>
                  </values>
                </value>
              </facts>
              <facts argument="OPT_ORDER_DETAIL">
                <value xsi:type="EM:StringValue"/>
              </facts>
              <facts argument="OPT_QUALIFIER">
                <value xsi:type="EM:StringValue"/>
              </facts>
              <facts argument="OPT_LIST">
                <value xsi:type="EM:StringValue"/>
              </facts>
            </leftExpression>
            <rightExpression xsi:type="EM:InfixExpression">
              <leftExpression xsi:type="EM:PrefixExpression">
                <expression xsi:type="EM:Antecedent" id="L4" template="EKS_PLAN_FIND_L">
                  <facts argument="POWERPLAN">
                    <value xsi:type="EM:ListValue">
                      <values xsi:type="EM:ListValue">
                        <values xsi:type="EM:CustomValue" hideDisplay="true">
                          <customValue xsi:type="EM:StringValue" value="2555264863"/>
                        </values>
                        <values xsi:type="EM:StringValue" value="Restraint Management EBP"/>
                      </values>
                    </value>
                  </facts>
                  <facts argument="OPT_TIME_QUAL">
                    <value xsi:type="EM:StringValue" value="greater than"/>
                  </facts>
                  <facts argument="OPT_TIME_VALUE">
                    <value xsi:type="EM:IntegerValue" intValue="1"/>
                  </facts>
                  <facts argument="OPT_TIME_UNIT">
                    <value xsi:type="EM:StringValue" value="minutes"/>
                  </facts>
                  <facts argument="OPT_LINK">
                    <value xsi:type="EM:AntecedentReference"/>
                  </facts>
                </expression>
              </leftExpression>
              <rightExpression xsi:type="EM:InfixExpression">
                <leftExpression xsi:type="EM:PrefixExpression">
                  <expression xsi:type="EM:Antecedent" id="L5" template="EKS_PLAN_SUGGESTED_FIND_L">
                    <facts argument="POWERPLAN">
                      <value xsi:type="EM:ListValue">
                        <values xsi:type="EM:ListValue">
                          <values xsi:type="EM:CustomValue" hideDisplay="true">
                            <customValue xsi:type="EM:StringValue" value="2555264863"/>
                          </values>
                          <values xsi:type="EM:StringValue" value="Restraint Management EBP"/>
                        </values>
                      </value>
                    </facts>
                    <facts argument="OPT_STATUS">
                      <value xsi:type="EM:ListValue">
                        <values xsi:type="EM:ListValue">
                          <values xsi:type="EM:CustomValue" hideDisplay="true">
                            <customValue xsi:type="EM:StringValue" value="CDF79:PENDING"/>
                          </values>
                          <values xsi:type="EM:StringValue" value="Pending"/>
                        </values>
                        <values xsi:type="EM:ListValue">
                          <values xsi:type="EM:CustomValue" hideDisplay="true">
                            <customValue xsi:type="EM:StringValue" value="CDF79:COMPLETE"/>
                          </values>
                          <values xsi:type="EM:StringValue" value="Complete"/>
                        </values>
                      </value>
                    </facts>
                    <facts argument="OPT_SOURCE_TAG">
                      <value xsi:type="EM:StringValue"/>
                    </facts>
                    <facts argument="OPT_TIME_QUAL">
                      <value xsi:type="EM:StringValue" value="greater than"/>
                    </facts>
                    <facts argument="OPT_TIME_VALUE">
                      <value xsi:type="EM:IntegerValue" intValue="1"/>
                    </facts>
                    <facts argument="OPT_TIME_UNIT">
                      <value xsi:type="EM:StringValue" value="minutes"/>
                    </facts>
                    <facts argument="OPT_LINK">
                      <value xsi:type="EM:AntecedentReference"/>
                    </facts>
                  </expression>
                </leftExpression>
                <rightExpression xsi:type="EM:InfixExpression">
                  <leftExpression xsi:type="EM:PrefixExpression">
                    <expression xsi:type="EM:Antecedent" id="L6" template="EKS_CE_RESULTA_MOST_RECENT_L">
                      <facts argument="EVENT_SET_NAME">
                        <value xsi:type="EM:ListValue">
                          <values xsi:type="EM:ListValue">
                            <values xsi:type="EM:CustomValue" hideDisplay="true">
                              <customValue xsi:type="EM:StringValue" value="CCK93:CERNER!7D450740-5A2A-481C-8F80-B3BBCDA21615"/>
                            </values>
                            <values xsi:type="EM:StringValue" value="D-Suggested Plan of Care"/>
                            <values xsi:type="EM:ListValue">
                              <values xsi:type="EM:CustomValue" hideDisplay="true">
                                <customValue xsi:type="EM:StringValue" value="D"/>
                              </values>
                            </values>
                          </values>
                        </value>
                      </facts>
                      <facts argument="EVALUATION">
                        <value xsi:type="EM:StringValue" value="equal to"/>
                      </facts>
                      <facts argument="VALUE1">
                        <value xsi:type="EM:ListValue">
                          <values xsi:type="EM:ListValue">
                            <values xsi:type="EM:CustomValue" hideDisplay="true">
                              <customValue xsi:type="EM:StringValue" value=" "/>
                            </values>
                            <values xsi:type="EM:StringValue" value="*Restraint Management IPOC*"/>
                            <values xsi:type="EM:ListValue">
                              <values xsi:type="EM:CustomValue" hideDisplay="true">
                                <customValue xsi:type="EM:StringValue" value="R"/>
                              </values>
                            </values>
                          </values>
                        </value>
                      </facts>
                      <facts argument="OPT_LINK">
                        <value xsi:type="EM:AntecedentReference" antecedent="//@ruleDefinition/@logicSection/@logicExpression/@leftExpression"/>
                      </facts>
                      <facts argument="OPT_TIME_NUM">
                        <value xsi:type="EM:StringValue" value="1"/>
                      </facts>
                      <facts argument="OPT_TIME_UNIT">
                        <value xsi:type="EM:StringValue" value="minutes"/>
                      </facts>
                    </expression>
                  </leftExpression>
                  <rightExpression xsi:type="EM:GroupExpression">
                    <expression xsi:type="EM:Antecedent" id="L7" template="EKS_ORDER_LIST_INCOMING_L">
                      <facts argument="ORD_METHOD">
                        <value xsi:type="EM:StringValue" value="whose primary mnemonic is"/>
                      </facts>
                      <facts argument="OPT_ORDERS">
                        <value xsi:type="EM:ListValue">
                          <values xsi:type="EM:ListValue">
                            <values xsi:type="EM:CustomValue" hideDisplay="true">
                              <customValue xsi:type="EM:StringValue" value="CCK200:CERNER!AGbaLAEMoNDSDoDKCqIGfQ"/>
                            </values>
                            <values xsi:type="EM:StringValue" value="Restraint Initiate Non-Violent"/>
                            <values xsi:type="EM:ListValue">
                              <values xsi:type="EM:CustomValue" hideDisplay="true">
                                <customValue xsi:type="EM:StringValue" value="2515.0|whose primary mnemonic is"/>
                              </values>
                              <values xsi:type="EM:CustomValue" hideDisplay="true">
                                <customValue xsi:type="EM:StringValue" value="R|2515.0|whose primary mnemonic is"/>
                              </values>
                            </values>
                          </values>
                          <values xsi:type="EM:ListValue">
                            <values xsi:type="EM:CustomValue" hideDisplay="true">
                              <customValue xsi:type="EM:StringValue" value="4149461.0"/>
                            </values>
                            <values xsi:type="EM:StringValue" value="Restraint Initiate Violent 18 Yrs and more"/>
                            <values xsi:type="EM:ListValue">
                              <values xsi:type="EM:CustomValue" hideDisplay="true">
                                <customValue xsi:type="EM:StringValue" value="2515.0|whose primary mnemonic is"/>
                              </values>
                              <values xsi:type="EM:CustomValue" hideDisplay="true">
                                <customValue xsi:type="EM:StringValue" value="R|2515.0|whose primary mnemonic is"/>
                              </values>
                            </values>
                          </values>
                          <values xsi:type="EM:ListValue">
                            <values xsi:type="EM:CustomValue" hideDisplay="true">
                              <customValue xsi:type="EM:StringValue" value="4149447.0"/>
                            </values>
                            <values xsi:type="EM:StringValue" value="Restraint Initiate Violent 9-17 Years"/>
                            <values xsi:type="EM:ListValue">
                              <values xsi:type="EM:CustomValue" hideDisplay="true">
                                <customValue xsi:type="EM:StringValue" value="2515.0|whose primary mnemonic is"/>
                              </values>
                              <values xsi:type="EM:CustomValue" hideDisplay="true">
                                <customValue xsi:type="EM:StringValue" value="R|2515.0|whose primary mnemonic is"/>
                              </values>
                            </values>
                          </values>
                          <values xsi:type="EM:ListValue">
                            <values xsi:type="EM:CustomValue" hideDisplay="true">
                              <customValue xsi:type="EM:StringValue" value="4149463.0"/>
                            </values>
                            <values xsi:type="EM:StringValue" value="Restraint Initiate Violent Less than 8 yrs"/>
                            <values xsi:type="EM:ListValue">
                              <values xsi:type="EM:CustomValue" hideDisplay="true">
                                <customValue xsi:type="EM:StringValue" value="2515.0|whose primary mnemonic is"/>
                              </values>
                              <values xsi:type="EM:CustomValue" hideDisplay="true">
                                <customValue xsi:type="EM:StringValue" value="R|2515.0|whose primary mnemonic is"/>
                              </values>
                            </values>
                          </values>
                        </value>
                      </facts>
                      <facts argument="OPT_ORDER_STATUS">
                        <value xsi:type="EM:ListValue">
                          <values xsi:type="EM:ListValue">
                            <values xsi:type="EM:CustomValue" hideDisplay="true">
                              <customValue xsi:type="EM:StringValue" value="CDF6004:ORDERED"/>
                            </values>
                            <values xsi:type="EM:StringValue" value="Ordered"/>
                          </values>
                        </value>
                      </facts>
                      <facts argument="OPT_ORDER_DETAIL">
                        <value xsi:type="EM:StringValue"/>
                      </facts>
                      <facts argument="OPT_QUALIFIER">
                        <value xsi:type="EM:StringValue"/>
                      </facts>
                      <facts argument="OPT_LIST">
                        <value xsi:type="EM:StringValue"/>
                      </facts>
                    </expression>
                  </rightExpression>
                </rightExpression>
              </rightExpression>
            </rightExpression>
          </rightExpression>
        </rightExpression>
      </logicExpression>
    </logicSection>
    <actionSection>
      <action xsi:type="EM:ActionExpression">
        <logicExpression xsi:type="EM:InfixExpression">
          <leftExpression xsi:type="EM:Antecedent" id="A1" template="EKS_SUGGEST_PLAN_A">
            <facts argument="POWERPLAN">
              <value xsi:type="EM:ListValue">
                <values xsi:type="EM:ListValue">
                  <values xsi:type="EM:CustomValue" hideDisplay="true">
                    <customValue xsi:type="EM:StringValue" value="2555264863"/>
                  </values>
                  <values xsi:type="EM:StringValue" value="Restraint Management EBP"/>
                </values>
              </value>
            </facts>
            <facts argument="LINK">
              <value xsi:type="EM:AntecedentReference" antecedent="//@ruleDefinition/@logicSection/@logicExpression/@leftExpression"/>
            </facts>
            <facts argument="OPT_COMMENTS">
              <value xsi:type="EM:StringValue"/>
            </facts>
            <facts argument="OPT_SOURCE_TAG">
              <value xsi:type="EM:StringValue"/>
            </facts>
          </leftExpression>
          <rightExpression xsi:type="EM:Antecedent" id="A2" template="EKS_CE_CREATE_CODED_CE_A">
            <facts argument="STATUS">
              <value xsi:type="EM:ListValue">
                <values xsi:type="EM:ListValue">
                  <values xsi:type="EM:CustomValue" hideDisplay="true">
                    <customValue xsi:type="EM:StringValue" value="CDF8:AUTH"/>
                  </values>
                  <values xsi:type="EM:StringValue" value="Auth (Verified)"/>
                </values>
              </value>
            </facts>
            <facts argument="OPT_NORMALCY">
              <value xsi:type="EM:StringValue"/>
            </facts>
            <facts argument="EVENT_NAME">
              <value xsi:type="EM:ListValue">
                <values xsi:type="EM:ListValue">
                  <values xsi:type="EM:CustomValue" hideDisplay="true">
                    <customValue xsi:type="EM:StringValue" value="CCK72:CERNER!7D450740-5A2A-481C-8F80-B3BBCDA21615"/>
                  </values>
                  <values xsi:type="EM:StringValue" value="D-Suggested Plan of Care"/>
                </values>
              </value>
            </facts>
            <facts argument="VALUE1">
              <value xsi:type="EM:ListValue">
                <values xsi:type="EM:ListValue">
                  <values xsi:type="EM:CustomValue" hideDisplay="true">
                    <customValue xsi:type="EM:StringValue" value="279722451.0"/>
                  </values>
                  <values xsi:type="EM:StringValue" value="Restraint Management IPOC"/>
                </values>
              </value>
            </facts>
            <facts argument="OPT_UNITS_OF_MEASURE">
              <value xsi:type="EM:StringValue"/>
            </facts>
            <facts argument="LINK">
              <value xsi:type="EM:AntecedentReference" antecedent="//@ruleDefinition/@logicSection/@logicExpression/@leftExpression"/>
            </facts>
            <facts argument="OPT_COMMENT_TYPE">
              <value xsi:type="EM:StringValue"/>
            </facts>
            <facts argument="OPT_COMMENT">
              <value xsi:type="EM:StringValue"/>
            </facts>
            <facts argument="RESEND">
              <value xsi:type="EM:StringValue" value="do not"/>
            </facts>
            <facts argument="OPT_INHERIT_DYN_LABEL">
              <value xsi:type="EM:StringValue" value="Do not"/>
            </facts>
          </rightExpression>
        </logicExpression>
      </action>
    </actionSection>
  </ruleDefinition>
</EM:ExpertModule>
