<?xml version="1.0" encoding="ASCII"?>
<EM:ExpertModule xmi:version="2.0" xmlns:xmi="http://www.omg.org/XMI" xmlns:xsi="http://www.w3.org/2001/XMLSchema-instance" xmlns:EM="http:///com.cerner.expert/expertmodule/1.0.0" moduleName="COV_BH_ANTIPSYCH_DSCHG_OR">
  <information>
    <runtimeInformation versionString="001.003" externalFileName="COV_BH_ANTIPSYCH_DSCHG_OR" lastUpdated="2020-02-26T10:14:14.000-0500" validtionType="PRODUCTION" title="BH_ANTIPSYCHOTIC_DSCHG_OR" reconcileFlag="1" reconcileDate="2020-02-26T10:14:14.000-0500">
      <duration start="2014-08-26T02:00:00.000-0400" end="2100-12-31T00:00:00.000-0500"/>
      <updateUser userName="PARAMASIVAM, GEETHA"/>
    </runtimeInformation>
    <documentation author="Cerner Model" institution="" specialist="" purpose="This rule evaluates the home medications on a patient chart to make sure that there isn't more than one antipsychotic being continued as a home medication." explanation="This rule fires on signing of the &quot;Discharge to&quot; order. It will fire an alert if more than one antipsychotic medication on the chart is documented as a continued home medication. The alert that fires will require the clinician to document a reason why they are giving more than 1 antipsychotic or cancel the order(s) until there is only one antipsychotic."/>
  </information>
  <expertTemplates>
    <events>
      <event name=""/>
      <event name="ADDPROBLEM"/>
      <event name="ADDTOSCRATCHPAD"/>
      <event name="ALLERGY_EVENT"/>
      <event name="AP_ORDER_EVENT"/>
      <event name="BB_RESULT_EVENT"/>
      <event name="CBTFLEXORDERS"/>
      <event name="CHART_SERVER_EVENT"/>
      <event name="CLINICALTRIALSCREEN"/>
      <event name="CLINICAL_EVENT"/>
      <event name="CLOSECHART"/>
      <event name="COLLECTION_EVENT"/>
      <event name="DCP_CN_TASK_UPD"/>
      <event name="DCP_MODTASK_EVENT"/>
      <event name="DCP_PW_COND"/>
      <event name="DCP_PW_OUTCOME_EVENT"/>
      <event name="DIAGNOSIS_EVENT"/>
      <event name="EKS_FORMAT"/>
      <event name="EKS_SYNC_TEST01"/>
      <event name="EKS_TEST_02"/>
      <event name="EKS_TEST_EVENT"/>
      <event name="EKS_TEST_EVENT01"/>
      <event name="ENSURE_EVENT"/>
      <event name="EXPERT_EVENT"/>
      <event name="HEALTHE_EVENT"/>
      <event name="HEALTH_MAINT_QUAL_EVENT"/>
      <event name="HIM_ADD_REQUEST"/>
      <event name="HIM_ADMIT_EVENT"/>
      <event name="HIM_PATIENT_INFO_REQUEST"/>
      <event name="HIM_TEST_EVENT"/>
      <event name="HL7_EVENT"/>
      <event name="MB_EXPEDITE"/>
      <event name="MB_RESULT_EVENT"/>
      <event name="MB_SCRIPTED_WORKUPS"/>
      <event name="MB_SUSCEPTIBILITY"/>
      <event name="MDI_RESULT_EVENT"/>
      <event name="MEDCHARTACTIVATE"/>
      <event name="MPI_ADT"/>
      <event name="OPENCHART"/>
      <event name="ORDER_EVENT"/>
      <event name="ORDER_PRO_TEST1"/>
      <event name="PATIENT_EVENT"/>
      <event name="PCA_EXPERT_EVENT"/>
      <event name="Person_Transaction"/>
      <event name="PFT_Add_Account"/>
      <event name="PFT_ADJ_WO"/>
      <event name="PFT_CHARGE_EVENT"/>
      <event name="pft_check_amount"/>
      <event name="PFT_VEHICLE"/>
      <event name="PNTFLEXREFRANGE"/>
      <event name="POWERPLANFLEX"/>
      <event name="PROBLEM_EVENT"/>
      <event name="PROFIT_1450_CLAIM_EVENT"/>
      <event name="PROFIT_1500_CLAIM_EVENT"/>
      <event name="PROVIDER_CHG_EVENT"/>
      <event name="PROVIDE_EVENT"/>
      <event name="PWRCHRT_ADD_ORDER"/>
      <event name="RESULT_EVENT"/>
      <event name="RESULT_EVENT_CSM"/>
      <event name="RESULT_EVENT_TEST"/>
      <event name="SCH_ACTION_EVENT"/>
      <event name="SIGNORDER"/>
      <event name="SN New Pref Card Created"/>
      <event name="SN_CASE_CHECK_IN_EVENT"/>
      <event name="SN_CASE_EVENT"/>
      <event name="SN_CASE_SCHEDULE_EVENT"/>
      <event name="SN_DOCUMENT_OPEN"/>
      <event name="SN_DOCUMENT_STATE"/>
      <event name="SN_FINALIZE_DOC_EVENT"/>
      <event name="SN_PROCEDURE_SCHEDULE"/>
      <event name="SN_SAVE_PROCEDURE"/>
      <event name="SN_TEST_EVENT"/>
      <event name="SOCIAL_HISTORY_ADD"/>
      <event name="SYNCHEVENT"/>
      <event name="TOCFLEX"/>
      <event name="TOUCHOPENCHART"/>
    </events>
    <evokeTemplates>
      <templateDefinitions xsi:type="EM:ExpertTemplate" name="EKS_ORDER_E" definition="the triggering request contains an order ORD_METHOD OPT_ORDERS whose ordering physician OPT_QUALIFIER in OPT_ORDDOC" description="Orderable, ordering physician" eventDependency="//@expertTemplates/@events/@event.1 //@expertTemplates/@events/@event.2 //@expertTemplates/@events/@event.10 //@expertTemplates/@events/@event.36 //@expertTemplates/@events/@event.38 //@expertTemplates/@events/@event.55 //@expertTemplates/@events/@event.61 //@expertTemplates/@events/@event.73 //@expertTemplates/@events/@event.75" optimizable="true" reconcilable="true">
        <keywords>ORDER</keywords>
        <arguments xsi:type="EM:ReferentialArgument" name="ORD_METHOD" dataType="CHARACTER" controlType="REFERENTIAL" validationType="READ_ONLY" required="true" reconcileScript="N/A">
          <statements dependency="ORD_METHOD" statement="execute eks_t_db_ref_help &quot;HELPNEWORDMETHOD^&quot; go"/>
        </arguments>
        <arguments xsi:type="EM:ReferentialArgument" name="OPT_ORDERS" dataType="CHARACTER" controlType="LISTBOX" validationType="READ_ONLY" dependency="ORD_METHOD" optimizable="true" reconcileScript="eks_p_ord_method_orders" keyFieldIndex="2">
          <statements dependency="OPT_ORDERS" statement="execute eks_t_db_ref_help ConCat(&quot;HELPCATALOGTYPE^&quot;, PAR1) go"/>
          <statements dependency="OPT_ORDERS" statement="execute eks_t_db_ref_help ConCat(&quot;HELPORDALPHA^&quot;, PAR1) go"/>
          <statements dependency="OPT_ORDERS" statement="execute eks_t_db_ref_help ConCat(&quot;HELPORDERS^&quot;, PAR1) go"/>
        </arguments>
        <arguments xsi:type="EM:FixedListArgument" name="OPT_QUALIFIER" dataType="CHARACTER" validationType="READ_ONLY" reconcileScript="N/A">
          <stringTable>
            <column value="is"/>
            <column value="is"/>
          </stringTable>
          <stringTable>
            <column value="is not"/>
            <column value="is not"/>
          </stringTable>
        </arguments>
        <arguments xsi:type="EM:ReferentialArgument" name="OPT_ORDDOC" dataType="CHARACTER" controlType="LISTBOX" validationType="READ_ONLY" reconcileScript="eks_p_orddoc" keyFieldIndex="2">
          <statements dependency="OPT_ORDDOC" statement="EKS_ABC_REFHELP &quot; &quot; go"/>
          <statements dependency="OPT_ORDDOC" statement="select &#xD;&#xA; if (par1 =&quot;OTHER&quot;)&#xD;&#xA; from prsnl pl where pl.name_full_formatted != &quot; &quot; and &#xD;&#xA;      pl.name_full_formatted not between &quot;0*&quot; and &quot;Z*&quot; and&#xD;&#xA;      pl.active_ind = 1 and  pl.physician_ind = 1&#xD;&#xA; elseif (par1=&quot;ALL&quot;)&#xD;&#xA;  from prsnl pl where pl.name_full_formatted != &quot; &quot;  and &#xD;&#xA;      pl.active_ind=1 and  pl.physician_ind = 1&#xD;&#xA; else&#xD;&#xA;  from prsnl pl where pl.physician_ind = 1 and pl.active_ind=1&#xD;&#xA;      and cnvtupper(pl.name_full_formatted)=patstring(concat(substring(1,1,par1),&quot;*&quot;))&#xD;&#xA; endif&#xD;&#xA;  pl.name_full_formatted,&#xD;&#xA;  _hidden=pl.person_id&#xD;&#xA; order name_full_formatted"/>
        </arguments>
      </templateDefinitions>
      <templateDefinitions xsi:type="EM:ExpertTemplate" name="EKS_DEBUGEKM_E" definition="Turn debug messaging DEBUG_STATUS" description="Turn debug messaging on or off" eventDependency="//@expertTemplates/@events/@event.1 //@expertTemplates/@events/@event.2 //@expertTemplates/@events/@event.3 //@expertTemplates/@events/@event.4 //@expertTemplates/@events/@event.5 //@expertTemplates/@events/@event.8 //@expertTemplates/@events/@event.9 //@expertTemplates/@events/@event.10 //@expertTemplates/@events/@event.11 //@expertTemplates/@events/@event.13 //@expertTemplates/@events/@event.16 //@expertTemplates/@events/@event.23 //@expertTemplates/@events/@event.26 //@expertTemplates/@events/@event.27 //@expertTemplates/@events/@event.28 //@expertTemplates/@events/@event.31 //@expertTemplates/@events/@event.32 //@expertTemplates/@events/@event.33 //@expertTemplates/@events/@event.34 //@expertTemplates/@events/@event.36 //@expertTemplates/@events/@event.38 //@expertTemplates/@events/@event.39 //@expertTemplates/@events/@event.41 //@expertTemplates/@events/@event.42 //@expertTemplates/@events/@event.45 //@expertTemplates/@events/@event.44 //@expertTemplates/@events/@event.48 //@expertTemplates/@events/@event.49 //@expertTemplates/@events/@event.50 //@expertTemplates/@events/@event.51 //@expertTemplates/@events/@event.55 //@expertTemplates/@events/@event.57 //@expertTemplates/@events/@event.58 //@expertTemplates/@events/@event.61 //@expertTemplates/@events/@event.62 //@expertTemplates/@events/@event.63 //@expertTemplates/@events/@event.64 //@expertTemplates/@events/@event.65 //@expertTemplates/@events/@event.66 //@expertTemplates/@events/@event.67 //@expertTemplates/@events/@event.68 //@expertTemplates/@events/@event.69 //@expertTemplates/@events/@event.70 //@expertTemplates/@events/@event.72 //@expertTemplates/@events/@event.73 //@expertTemplates/@events/@event.74 //@expertTemplates/@events/@event.75 //@expertTemplates/@events/@event.47" reconcilable="true" alwaysTrue="true">
        <keywords>UTILITY</keywords>
        <arguments xsi:type="EM:ReferentialArgument" name="DEBUG_STATUS" dataType="CHARACTER" controlType="REFERENTIAL" validationType="READ_ONLY" required="true" reconcileScript="N/A" keyFieldIndex="2">
          <statements dependency="DEBUG_STATUS" statement="select debug_status = if (d.seq =  1) &quot;On for subsequent Evoke Templates&quot;&#xD;&#xA; elseif (d.seq = 2) &quot;Off for subsequent Evoke Templates&quot;&#xD;&#xA; elseif (d.seq = 3) &quot;On for all Logic Templates&quot;&#xD;&#xA; elseif (d.seq = 4) &quot;On for all Action Templates&quot;&#xD;&#xA; elseif (d.seq = 5) &quot;On for all Logic and Action Templates&quot;&#xD;&#xA; elseif (d.seq = 6) &quot;To FullAudit for this module only&quot;&#xD;&#xA; elseif (d.seq = 7) &quot;Additional EKSDATA logging&quot;&#xD;&#xA;ENDIF,&#xD;&#xA;_hidden = if (d.seq = 1) 1&#xD;&#xA; elseif (d.seq=2) 0&#xD;&#xA; elseif (d.seq=3) 2&#xD;&#xA; elseif (d.seq=4) 3&#xD;&#xA; elseif (d.seq=5) 4&#xD;&#xA; elseif (d.seq=6) 5&#xD;&#xA; elseif (d.seq=7) 6&#xD;&#xA;endif&#xD;&#xA;&#xD;&#xA;FROM (DUMMYT D WITH SEQ = VALUE(7))"/>
        </arguments>
      </templateDefinitions>
    </evokeTemplates>
    <logicTemplates>
      <templateDefinitions xsi:type="EM:ExpertTemplate" name="EKS_ORDER_INCOMING_L" definition="the triggering request contains an order ORD_METHOD OPT_ORDERS whose ordering physician OPT_QUALIFIER in OPT_ORDDOC and OPT_ORDER_DETAIL OPT_DETAIL_QUALIFIER OPT_LIST" description="Incoming orderable, attributes" eventDependency="//@expertTemplates/@events/@event.1 //@expertTemplates/@events/@event.2 //@expertTemplates/@events/@event.10 //@expertTemplates/@events/@event.36 //@expertTemplates/@events/@event.38 //@expertTemplates/@events/@event.55 //@expertTemplates/@events/@event.61 //@expertTemplates/@events/@event.73 //@expertTemplates/@events/@event.75" optimizable="true" reconcilable="true">
        <keywords>ORDER</keywords>
        <arguments xsi:type="EM:ReferentialArgument" name="ORD_METHOD" dataType="CHARACTER" controlType="REFERENTIAL" validationType="READ_ONLY" required="true" reconcileScript="N/A">
          <statements dependency="ORD_METHOD" statement="execute eks_t_db_ref_help &quot;HELPNEWORDMETHOD^&quot; go"/>
        </arguments>
        <arguments xsi:type="EM:ReferentialArgument" name="OPT_ORDERS" dataType="CHARACTER" controlType="LISTBOX" validationType="READ_ONLY" dependency="ORD_METHOD" optimizable="true" reconcileScript="eks_p_ord_method_orders" keyFieldIndex="2">
          <statements dependency="OPT_ORDERS" statement="execute eks_t_db_ref_help ConCat(&quot;HELPCATALOGTYPE^&quot;, PAR1) go&#xD;&#xA;"/>
          <statements dependency="OPT_ORDERS" statement="execute eks_t_db_ref_help ConCat(&quot;HELPORDALPHA^&quot;, PAR1) go&#xD;&#xA;"/>
          <statements dependency="OPT_ORDERS" statement="execute eks_t_db_ref_help ConCat(&quot;HELPORDERS^&quot;, PAR1) go"/>
        </arguments>
        <arguments xsi:type="EM:FixedListArgument" name="OPT_QUALIFIER" dataType="CHARACTER" validationType="READ_ONLY" reconcileScript="N/A">
          <stringTable>
            <column value="is"/>
            <column value="is"/>
          </stringTable>
          <stringTable>
            <column value="is not"/>
            <column value="is not"/>
          </stringTable>
        </arguments>
        <arguments xsi:type="EM:ReferentialArgument" name="OPT_ORDDOC" dataType="CHARACTER" controlType="LISTBOX" validationType="READ_ONLY" reconcileScript="eks_p_orddoc" keyFieldIndex="2">
          <statements dependency="OPT_ORDDOC" statement="EKS_ABC_REFHELP &quot; &quot; go"/>
          <statements dependency="OPT_ORDDOC" statement="select &#xD;&#xA; if (par1 =&quot;OTHER&quot;)&#xD;&#xA; from prsnl pl where pl.name_full_formatted != &quot; &quot; and &#xD;&#xA;      pl.name_full_formatted not between &quot;0*&quot; and &quot;Z*&quot; and&#xD;&#xA;      pl.active_ind = 1 and  pl.physician_ind = 1&#xD;&#xA; elseif (par1=&quot;ALL&quot;)&#xD;&#xA;  from prsnl pl where pl.name_full_formatted != &quot; &quot;  and &#xD;&#xA;      pl.active_ind=1 and  pl.physician_ind = 1&#xD;&#xA; else&#xD;&#xA;  from prsnl pl where pl.physician_ind = 1 and pl.active_ind=1&#xD;&#xA;      and cnvtupper(pl.name_full_formatted)=patstring(concat(substring(1,1,par1),&quot;*&quot;))&#xD;&#xA; endif&#xD;&#xA;  pl.name_full_formatted,&#xD;&#xA;  _hidden=pl.person_id&#xD;&#xA; order name_full_formatted"/>
        </arguments>
        <arguments xsi:type="EM:ReferentialArgument" name="OPT_ORDER_DETAIL" dataType="CHARACTER" controlType="REFERENTIAL" validationType="READ_ONLY" reconcileScript="N/A">
          <defaultValue xsi:type="EM:StringValue" value="FUTURE USE"/>
          <statements dependency="OPT_ORDER_DETAIL" statement=""/>
        </arguments>
        <arguments xsi:type="EM:FixedListArgument" name="OPT_DETAIL_QUALIFIER" dataType="CHARACTER" reconcileScript="N/A">
          <defaultValue xsi:type="EM:StringValue" value="FUTURE USE"/>
        </arguments>
        <arguments xsi:type="EM:ReferentialArgument" name="OPT_LIST" dataType="CHARACTER" controlType="LISTBOX" validationType="READ_ONLY" dependency="OPT_ORDER_DETAIL" reconcileScript="N/A" keyFieldIndex="2">
          <statements dependency="OPT_LIST" statement="execute eks_t_db_ref_help ConCat(&quot;HELPCATALOGTYPE^&quot;, PAR1) go"/>
        </arguments>
      </templateDefinitions>
      <templateDefinitions xsi:type="EM:ExpertTemplate" name="EKS_ENCOUNTER_LOC_DETAIL_L" definition="the patient's ENC_DETAIL that QUAL in DETAIL_VALUE for the same encounter as OPT_LINK" description="Encounter location attributes" eventDependency="//@expertTemplates/@events/@event.1 //@expertTemplates/@events/@event.2 //@expertTemplates/@events/@event.3 //@expertTemplates/@events/@event.4 //@expertTemplates/@events/@event.5 //@expertTemplates/@events/@event.8 //@expertTemplates/@events/@event.9 //@expertTemplates/@events/@event.10 //@expertTemplates/@events/@event.11 //@expertTemplates/@events/@event.13 //@expertTemplates/@events/@event.16 //@expertTemplates/@events/@event.23 //@expertTemplates/@events/@event.32 //@expertTemplates/@events/@event.34 //@expertTemplates/@events/@event.36 //@expertTemplates/@events/@event.38 //@expertTemplates/@events/@event.39 //@expertTemplates/@events/@event.41 //@expertTemplates/@events/@event.42 //@expertTemplates/@events/@event.49 //@expertTemplates/@events/@event.50 //@expertTemplates/@events/@event.51 //@expertTemplates/@events/@event.55 //@expertTemplates/@events/@event.57 //@expertTemplates/@events/@event.60 //@expertTemplates/@events/@event.61 //@expertTemplates/@events/@event.72 //@expertTemplates/@events/@event.73 //@expertTemplates/@events/@event.74 //@expertTemplates/@events/@event.75" reconcilable="true">
        <keywords>ENCOUNTER</keywords>
        <arguments xsi:type="EM:ReferentialArgument" name="ENC_DETAIL" dataType="CHARACTER" controlType="REFERENTIAL" validationType="READ_ONLY" required="true" reconcileScript="N/A" keyFieldIndex="2">
          <statements dependency="ENC_DETAIL" statement="execute EKS_T_ENC_DETAIL_REFHELP &quot;LOC&quot; go"/>
        </arguments>
        <arguments xsi:type="EM:ReferentialArgument" name="QUAL" dataType="CHARACTER" controlType="REFERENTIAL" validationType="READ_ONLY" required="true" dependency="ENC_DETAIL" reconcileScript="N/A" keyFieldIndex="2">
          <statements dependency="QUAL" statement="execute EKS_T_ENC_DETAIL_REFHELP concat(&quot;QUAL&quot;, PAR1) go"/>
        </arguments>
        <arguments xsi:type="EM:ReferentialArgument" name="DETAIL_VALUE" dataType="CHARACTER" controlType="LISTBOX" validationType="READ_ONLY" required="true" dependency="ENC_DETAIL" reconcileScript="eks_p_encDetail" keyFieldIndex="2">
          <statements dependency="DETAIL_VALUE" statement="execute EKS_T_DB_LOCATION_REFHELP &quot;0&quot; go"/>
          <statements dependency="DETAIL_VALUE" statement="execute EKS_T_DB_LOCATION_REFHELP ConCat(PAR1, &quot;^2&quot;) go"/>
          <statements dependency="DETAIL_VALUE" statement="execute EKS_T_DB_LOCATION_REFHELP ConCat(PAR1, &quot;^3&quot;) go"/>
          <statements dependency="DETAIL_VALUE" statement="execute EKS_T_DB_LOCATION_REFHELP ConCat(PAR1, &quot;^4&quot;) go"/>
          <statements dependency="DETAIL_VALUE" statement="execute EKS_T_DB_LOCATION_REFHELP ConCat(PAR1, &quot;^5&quot;) go"/>
        </arguments>
        <arguments name="OPT_LINK" dataType="LINK" controlType="TEMPLATE_REFERENCE" reconcileScript="N/A"/>
      </templateDefinitions>
      <templateDefinitions xsi:type="EM:ExpertTemplate" name="EKS_ORDERS_FIND_L" definition="orders exist ORD_METHOD OPT_ORDERS with order status of OPT_ORDER_STATUS on OPT_SCOPE OPT_LINK whose date criteria is OPT_QUAL OPT_TIME_NUM OPT_TIME_UNIT from the anchor OPT_ANCHOR_DT_TM." description="Orderable, status, attributes" recommeded="CAUTION" eventDependency="//@expertTemplates/@events/@event.1 //@expertTemplates/@events/@event.2 //@expertTemplates/@events/@event.3 //@expertTemplates/@events/@event.4 //@expertTemplates/@events/@event.5 //@expertTemplates/@events/@event.8 //@expertTemplates/@events/@event.9 //@expertTemplates/@events/@event.10 //@expertTemplates/@events/@event.11 //@expertTemplates/@events/@event.13 //@expertTemplates/@events/@event.16 //@expertTemplates/@events/@event.23 //@expertTemplates/@events/@event.36 //@expertTemplates/@events/@event.38 //@expertTemplates/@events/@event.39 //@expertTemplates/@events/@event.41 //@expertTemplates/@events/@event.42 //@expertTemplates/@events/@event.49 //@expertTemplates/@events/@event.50 //@expertTemplates/@events/@event.51 //@expertTemplates/@events/@event.55 //@expertTemplates/@events/@event.57 //@expertTemplates/@events/@event.61 //@expertTemplates/@events/@event.72 //@expertTemplates/@events/@event.73 //@expertTemplates/@events/@event.74 //@expertTemplates/@events/@event.75" optimizable="true" reconcilable="true">
        <keywords>ORDER</keywords>
        <arguments xsi:type="EM:ReferentialArgument" name="ORD_METHOD" dataType="CHARACTER" controlType="REFERENTIAL" validationType="READ_ONLY" required="true" reconcileScript="N/A">
          <statements dependency="ORD_METHOD" statement="execute eks_t_db_ref_help &quot;HELPNEWORDMETHOD^&quot; go"/>
        </arguments>
        <arguments xsi:type="EM:ReferentialArgument" name="OPT_ORDERS" dataType="CHARACTER" controlType="LISTBOX" validationType="READ_ONLY" dependency="ORD_METHOD" optimizable="true" reconcileScript="eks_p_ord_method_orders" keyFieldIndex="2">
          <statements dependency="OPT_ORDERS" statement="execute eks_t_db_ref_help ConCat(&quot;HELPCATALOGTYPE^&quot;, PAR1) go&#xD;&#xA;"/>
          <statements dependency="OPT_ORDERS" statement="execute eks_t_db_ref_help ConCat(&quot;HELPORDALPHA^&quot;, PAR1) go&#xD;&#xA;"/>
          <statements dependency="OPT_ORDERS" statement="execute eks_t_db_ref_help ConCat(&quot;HELPORDERS^&quot;, PAR1) go"/>
        </arguments>
        <arguments xsi:type="EM:ReferentialArgument" name="OPT_ORDER_STATUS" dataType="CHARACTER" controlType="LISTBOX" validationType="READ_ONLY" optimizable="true" reconcileScript="eks_p_codeset_cki_refhelp  &quot;6004&quot;,&quot;CKI&quot;,&quot;*ANY_STATUS&quot;" keyFieldIndex="2">
          <statements dependency="OPT_ORDER_STATUS" statement="eks_codeset_cki_refhelp &quot;6004&quot;,&quot;CKI&quot;,&quot;*ANY_STATUS&quot; go"/>
        </arguments>
        <arguments xsi:type="EM:FixedListArgument" name="OPT_SCOPE" dataType="CHARACTER" validationType="READ_ONLY" reconcileScript="N/A">
          <stringTable>
            <column value="the same accession as "/>
            <column value="link to other template by the same accession_id"/>
          </stringTable>
          <stringTable>
            <column value="the same encounter as "/>
            <column value="link to other template by the same encounter_id"/>
          </stringTable>
        </arguments>
        <arguments name="OPT_LINK" dataType="LINK" controlType="TEMPLATE_REFERENCE" reconcileScript="N/A"/>
        <arguments xsi:type="EM:FixedListArgument" name="OPT_QUAL" dataType="CHARACTER" validationType="READ_ONLY" reconcileScript="N/A">
          <stringTable>
            <column value="greater than"/>
            <column value="greater than"/>
          </stringTable>
          <stringTable>
            <column value="less than"/>
            <column value="less than"/>
          </stringTable>
          <stringTable>
            <column value="within"/>
            <column value="within"/>
          </stringTable>
          <stringTable>
            <column value="outside"/>
            <column value="outside"/>
          </stringTable>
        </arguments>
        <arguments name="OPT_TIME_NUM" dataType="CHARACTER" reconcileScript="N/A"/>
        <arguments xsi:type="EM:FixedListArgument" name="OPT_TIME_UNIT" dataType="CHARACTER" validationType="READ_ONLY" reconcileScript="N/A">
          <stringTable>
            <column value="minutes"/>
            <column value="minutes"/>
          </stringTable>
          <stringTable>
            <column value="hours"/>
            <column value="hours"/>
          </stringTable>
          <stringTable>
            <column value="days"/>
            <column value="days"/>
          </stringTable>
        </arguments>
        <arguments xsi:type="EM:FixedListArgument" name="OPT_ANCHOR_DT_TM" dataType="CHARACTER" validationType="READ_ONLY" reconcileScript="N/A">
          <stringTable>
            <column value="collection date &amp; time"/>
            <column value="collection date &amp; time"/>
          </stringTable>
          <stringTable>
            <column value="current start date &amp; time"/>
            <column value="current start date &amp; time"/>
          </stringTable>
          <stringTable>
            <column value="original order date &amp; time"/>
            <column value="original order date &amp; time"/>
          </stringTable>
          <stringTable>
            <column value="projected stop date &amp; time"/>
            <column value="projected stop date &amp; time"/>
          </stringTable>
        </arguments>
      </templateDefinitions>
      <templateDefinitions xsi:type="EM:ExpertTemplate" name="EKS_ORDERS_DETAIL_L" definition="the order detail  ORDER_DETAIL QUALIFIER  LIST for any order(s) in LINK" description="Orderable attributes" eventDependency="//@expertTemplates/@events/@event.1 //@expertTemplates/@events/@event.2 //@expertTemplates/@events/@event.3 //@expertTemplates/@events/@event.4 //@expertTemplates/@events/@event.5 //@expertTemplates/@events/@event.8 //@expertTemplates/@events/@event.9 //@expertTemplates/@events/@event.10 //@expertTemplates/@events/@event.11 //@expertTemplates/@events/@event.13 //@expertTemplates/@events/@event.16 //@expertTemplates/@events/@event.23 //@expertTemplates/@events/@event.32 //@expertTemplates/@events/@event.34 //@expertTemplates/@events/@event.35 //@expertTemplates/@events/@event.36 //@expertTemplates/@events/@event.38 //@expertTemplates/@events/@event.39 //@expertTemplates/@events/@event.41 //@expertTemplates/@events/@event.42 //@expertTemplates/@events/@event.49 //@expertTemplates/@events/@event.50 //@expertTemplates/@events/@event.51 //@expertTemplates/@events/@event.55 //@expertTemplates/@events/@event.57 //@expertTemplates/@events/@event.61 //@expertTemplates/@events/@event.72 //@expertTemplates/@events/@event.73 //@expertTemplates/@events/@event.74 //@expertTemplates/@events/@event.75" optimizable="true" reconcilable="true">
        <keywords>ORDER</keywords>
        <arguments xsi:type="EM:ReferentialArgument" name="ORDER_DETAIL" dataType="CHARACTER" controlType="REFERENTIAL" validationType="READ_ONLY" required="true" reconcileScript="eks_p_order_detail" keyFieldIndex="2">
          <statements dependency="ORDER_DETAIL" statement="execute eks_t_db_ref_help &quot;HELPDETAILSSELDB^USEREQUEST&quot; go"/>
          <statements dependency="ORDER_DETAIL" statement="execute eks_t_db_ref_help ConCat(&quot;HELPDETAILS^2^&quot;, PAR1) go"/>
        </arguments>
        <arguments xsi:type="EM:ReferentialArgument" name="QUALIFIER" dataType="CHARACTER" controlType="REFERENTIAL" validationType="READ_ONLY" required="true" dependency="ORDER_DETAIL" reconcileScript="eks_p_qualifier &quot;2&quot;" keyFieldIndex="2">
          <statements dependency="QUALIFIER" statement="execute eks_t_db_ref_help ConCat(&quot;HELPQUALIFIERS^&quot;, PAR1)  go"/>
        </arguments>
        <arguments xsi:type="EM:ReferentialArgument" name="LIST" dataType="CHARACTER" controlType="LISTBOX" validationType="READ_ONLY" dependency="ORDER_DETAIL" optimizable="true" reconcileScript="eks_p_list" keyFieldIndex="2">
          <statements dependency="LIST" statement="execute eks_t_db_ref_help ConCat(&quot;HELPORDDETLIST1^&quot;, PAR1) go"/>
          <statements dependency="LIST" statement="execute eks_t_db_ref_help ConCat(&quot;HELPORDDETLIST2^&quot;, PAR1) go"/>
        </arguments>
        <arguments name="LINK" dataType="LINK" controlType="TEMPLATE_REFERENCE" required="true" reconcileScript="N/A"/>
      </templateDefinitions>
      <templateDefinitions xsi:type="EM:ExpertTemplate" name="EKS_ORDERS_COUNT_L" definition="the number of orders selected in LINK is QUALIFIER NUM" description="Evaluates number of orders or clinical events found in preceding template" eventDependency="//@expertTemplates/@events/@event.1 //@expertTemplates/@events/@event.2 //@expertTemplates/@events/@event.3 //@expertTemplates/@events/@event.4 //@expertTemplates/@events/@event.8 //@expertTemplates/@events/@event.9 //@expertTemplates/@events/@event.10 //@expertTemplates/@events/@event.11 //@expertTemplates/@events/@event.13 //@expertTemplates/@events/@event.16 //@expertTemplates/@events/@event.23 //@expertTemplates/@events/@event.32 //@expertTemplates/@events/@event.35 //@expertTemplates/@events/@event.36 //@expertTemplates/@events/@event.38 //@expertTemplates/@events/@event.39 //@expertTemplates/@events/@event.41 //@expertTemplates/@events/@event.42 //@expertTemplates/@events/@event.49 //@expertTemplates/@events/@event.50 //@expertTemplates/@events/@event.51 //@expertTemplates/@events/@event.55 //@expertTemplates/@events/@event.57 //@expertTemplates/@events/@event.61 //@expertTemplates/@events/@event.72 //@expertTemplates/@events/@event.73 //@expertTemplates/@events/@event.74 //@expertTemplates/@events/@event.75" reconcilable="true">
        <keywords>UTILITY</keywords>
        <arguments name="LINK" dataType="LINK" controlType="TEMPLATE_REFERENCE" required="true" reconcileScript="N/A"/>
        <arguments xsi:type="EM:FixedListArgument" name="QUALIFIER" dataType="CHARACTER" validationType="READ_ONLY" required="true" reconcileScript="N/A">
          <stringTable>
            <column value="equal to"/>
            <column value=" "/>
          </stringTable>
          <stringTable>
            <column value="not equal to"/>
            <column value=" "/>
          </stringTable>
          <stringTable>
            <column value="less than"/>
            <column value=" "/>
          </stringTable>
          <stringTable>
            <column value="less than or equal to"/>
            <column value=" "/>
          </stringTable>
          <stringTable>
            <column value="greater than"/>
            <column value=" "/>
          </stringTable>
          <stringTable>
            <column value="greater than or equal to"/>
            <column value=" "/>
          </stringTable>
        </arguments>
        <arguments name="NUM" required="true" reconcileScript="N/A"/>
      </templateDefinitions>
      <templateDefinitions xsi:type="EM:ExpertTemplate" name="EKS_EXEC_CCL_L" definition="Execute PROGRAM_NAME with parameters OPT_PARAM and link to OPT_LINK" description="Execute CCL program" eventDependency="//@expertTemplates/@events/@event.1 //@expertTemplates/@events/@event.2 //@expertTemplates/@events/@event.3 //@expertTemplates/@events/@event.4 //@expertTemplates/@events/@event.5 //@expertTemplates/@events/@event.8 //@expertTemplates/@events/@event.9 //@expertTemplates/@events/@event.10 //@expertTemplates/@events/@event.11 //@expertTemplates/@events/@event.13 //@expertTemplates/@events/@event.16 //@expertTemplates/@events/@event.23 //@expertTemplates/@events/@event.32 //@expertTemplates/@events/@event.34 //@expertTemplates/@events/@event.36 //@expertTemplates/@events/@event.38 //@expertTemplates/@events/@event.39 //@expertTemplates/@events/@event.41 //@expertTemplates/@events/@event.42 //@expertTemplates/@events/@event.49 //@expertTemplates/@events/@event.50 //@expertTemplates/@events/@event.51 //@expertTemplates/@events/@event.55 //@expertTemplates/@events/@event.56 //@expertTemplates/@events/@event.57 //@expertTemplates/@events/@event.58 //@expertTemplates/@events/@event.60 //@expertTemplates/@events/@event.61 //@expertTemplates/@events/@event.72 //@expertTemplates/@events/@event.73 //@expertTemplates/@events/@event.74 //@expertTemplates/@events/@event.75" reconcilable="true">
        <keywords>UTILITY</keywords>
        <arguments name="PROGRAM_NAME" dataType="CHARACTER" required="true" reconcileScript="eks_p_checkprg"/>
        <arguments name="OPT_PARAM" dataType="CHARACTER" reconcileScript="N/A"/>
        <arguments name="OPT_LINK" dataType="LINK" controlType="TEMPLATE_REFERENCE" reconcileScript="N/A"/>
      </templateDefinitions>
      <templateDefinitions xsi:type="EM:ExpertTemplate" name="EKS_CE_RESULTA_MOST_RECENT_L" definition="the most recent result for EVENT_SET_NAME is EVALUATION VALUE1 for the same encounter as OPT_LINK over the last OPT_TIME_NUM OPT_TIME_UNIT" description="Most recent alpha result value" recommeded="CAUTION" eventDependency="//@expertTemplates/@events/@event.1 //@expertTemplates/@events/@event.2 //@expertTemplates/@events/@event.3 //@expertTemplates/@events/@event.8 //@expertTemplates/@events/@event.9 //@expertTemplates/@events/@event.10 //@expertTemplates/@events/@event.13 //@expertTemplates/@events/@event.16 //@expertTemplates/@events/@event.23 //@expertTemplates/@events/@event.36 //@expertTemplates/@events/@event.38 //@expertTemplates/@events/@event.39 //@expertTemplates/@events/@event.41 //@expertTemplates/@events/@event.42 //@expertTemplates/@events/@event.49 //@expertTemplates/@events/@event.50 //@expertTemplates/@events/@event.51 //@expertTemplates/@events/@event.55 //@expertTemplates/@events/@event.57 //@expertTemplates/@events/@event.61 //@expertTemplates/@events/@event.72 //@expertTemplates/@events/@event.73 //@expertTemplates/@events/@event.74 //@expertTemplates/@events/@event.75" optimizable="true" reconcilable="true">
        <keywords>CLINICALEVENT</keywords>
        <arguments xsi:type="EM:ReferentialArgument" name="EVENT_SET_NAME" dataType="CHARACTER" controlType="LISTBOX" validationType="READ_ONLY" required="true" optimizable="true" reconcileScript="eks_p_event_set_name" keyFieldIndex="2">
          <statements dependency="EVENT_SET_NAME" statement="EKS_abc_refhelp &quot; &quot; go&#xD;&#xA;"/>
          <statements dependency="EVENT_SET_NAME" statement="eks_event_set_name_refhelp PAR1, &quot;EVENT_SET&quot; go"/>
        </arguments>
        <arguments xsi:type="EM:FixedListArgument" name="EVALUATION" dataType="CHARACTER" validationType="READ_ONLY" required="true" reconcileScript="N/A">
          <stringTable>
            <column value="equal to"/>
            <column value="alpha"/>
          </stringTable>
          <stringTable>
            <column value="not equal to"/>
            <column value="alpha"/>
          </stringTable>
        </arguments>
        <arguments xsi:type="EM:ReferentialArgument" name="VALUE1" dataType="CHARACTER" controlType="LISTBOX" validationType="READ_ONLY" required="true" reconcileScript="N/A">
          <statements dependency="VALUE1" statement="EKS_ABC_REFHELP &quot; &quot; GO"/>
          <statements dependency="VALUE1" statement="SELECT&#xD;&#xA; IF (PAR1=&quot;ALL&quot;)&#xD;&#xA;  from nomenclature n,code_value cv&#xD;&#xA;  plan cv where cv.code_set=401 and cv.cdf_meaning =&quot;ALPHA RESPON&quot;&#xD;&#xA;  join n where n.active_ind=1 and n.principle_type_cd=cv.code_value&#xD;&#xA;   and n.beg_effective_dt_tm &lt;= cnvtdatetime(curdate, curtime3)&#xD;&#xA;   and n.end_effective_dt_tm >= cnvtdatetime(curdate, curtime3)&#xD;&#xA;   and n.source_string != &quot; &quot;&#xD;&#xA; ELSEIF (PAR1 != &quot;OTHER&quot;) &#xD;&#xA;  from nomenclature n,code_value cv&#xD;&#xA;  plan cv where cv.code_set=401 and cv.cdf_meaning =&quot;ALPHA RESPON&quot;&#xD;&#xA;  join n where n.active_ind=1 and n.principle_type_cd=cv.code_value&#xD;&#xA;   and n.beg_effective_dt_tm &lt;= cnvtdatetime(curdate, curtime3)&#xD;&#xA;   and n.end_effective_dt_tm >= cnvtdatetime(curdate, curtime3)&#xD;&#xA;   and n.source_string != &quot; &quot;&#xD;&#xA;   and CNVTUPPER(n.source_string)=PATSTRING(CONCAT(cnvtupper(PAR1),&quot;*&quot;))    &#xD;&#xA; ELSE&#xD;&#xA;  from nomenclature n,code_value cv&#xD;&#xA;  plan cv where cv.code_set=401 and cv.cdf_meaning =&quot;ALPHA RESPON&quot;&#xD;&#xA;  join n where n.active_ind=1 and n.principle_type_cd=cv.code_value&#xD;&#xA;   and n.beg_effective_dt_tm &lt;= cnvtdatetime(curdate, curtime3)&#xD;&#xA;   and n.end_effective_dt_tm >= cnvtdatetime(curdate, curtime3)&#xD;&#xA;   and n.source_string != &quot; &quot;&#xD;&#xA;   and  CNVTUPPER(substring(1,1,n.source_string)) NOT BETWEEN &quot;0&quot; AND &quot;Z&quot;&#xD;&#xA; ENDIF&#xD;&#xA;STRING = n.source_string&#xD;&#xA;ORDER cnvtupper(n.source_string)"/>
        </arguments>
        <arguments name="OPT_LINK" dataType="LINK" controlType="TEMPLATE_REFERENCE" reconcileScript="N/A"/>
        <arguments name="OPT_TIME_NUM" dataType="CHARACTER" validationType="MAX_LENGTH" reconcileScript="N/A"/>
        <arguments xsi:type="EM:FixedListArgument" name="OPT_TIME_UNIT" dataType="CHARACTER" validationType="READ_ONLY" reconcileScript="N/A">
          <stringTable>
            <column value="minutes"/>
            <column value="minutes"/>
          </stringTable>
          <stringTable>
            <column value="hours"/>
            <column value="hours"/>
          </stringTable>
          <stringTable>
            <column value="days"/>
            <column value="days"/>
          </stringTable>
        </arguments>
      </templateDefinitions>
      <templateDefinitions xsi:type="EM:ExpertTemplate" name="EKS_PREVIOUS_ACTION_L" definition="If previous action of ACTION_NAME was executed for SCOPE OPT_LINK initiated by PERSONNEL user in last OPT_TIME_NUM OPT_TIME_UNIT" description="If previous action of ACTION_NAME was executed for SCOPE OPT_LINK initiated by PERSONNEL user in last OPT_TIME_NUM OPT_TIME_UNIT" eventDependency="//@expertTemplates/@events/@event.1 //@expertTemplates/@events/@event.2 //@expertTemplates/@events/@event.3 //@expertTemplates/@events/@event.9 //@expertTemplates/@events/@event.10 //@expertTemplates/@events/@event.11 //@expertTemplates/@events/@event.13 //@expertTemplates/@events/@event.16 //@expertTemplates/@events/@event.23 //@expertTemplates/@events/@event.36 //@expertTemplates/@events/@event.38 //@expertTemplates/@events/@event.39 //@expertTemplates/@events/@event.41 //@expertTemplates/@events/@event.42 //@expertTemplates/@events/@event.50 //@expertTemplates/@events/@event.51 //@expertTemplates/@events/@event.55 //@expertTemplates/@events/@event.57 //@expertTemplates/@events/@event.61 //@expertTemplates/@events/@event.72 //@expertTemplates/@events/@event.73 //@expertTemplates/@events/@event.74 //@expertTemplates/@events/@event.75" reconcilable="true">
        <keywords>UTILITY</keywords>
        <arguments xsi:type="EM:ReferentialArgument" name="ACTION_NAME" dataType="CHARACTER" controlType="LISTBOX" validationType="READ_ONLY" required="true" reconcileScript="eks_p_moduleName" keyFieldIndex="2">
          <statements dependency="ACTION_NAME" statement="execute eks_t_dlg_refhelp &quot;step0^&quot; go"/>
          <statements dependency="ACTION_NAME" statement="execute eks_t_dlg_refhelp concat(&quot;step1^&quot;, PAR1) go"/>
        </arguments>
        <arguments xsi:type="EM:FixedListArgument" name="SCOPE" dataType="CHARACTER" validationType="READ_ONLY" required="true" reconcileScript="N/A">
          <stringTable>
            <column value="same person"/>
            <column value="same person"/>
          </stringTable>
          <stringTable>
            <column value="same encounter"/>
            <column value="same encounter"/>
          </stringTable>
          <stringTable>
            <column value="any person"/>
            <column value="any person"/>
          </stringTable>
        </arguments>
        <arguments name="OPT_LINK" dataType="LINK" controlType="TEMPLATE_REFERENCE" reconcileScript="N/A"/>
        <arguments xsi:type="EM:FixedListArgument" name="PERSONNEL" dataType="CHARACTER" validationType="READ_ONLY" required="true" reconcileScript="N/A">
          <defaultValue xsi:type="EM:StringValue" value="any"/>
          <stringTable>
            <column value="current"/>
            <column value="current"/>
          </stringTable>
          <stringTable>
            <column value="any"/>
            <column value="any"/>
          </stringTable>
        </arguments>
        <arguments name="OPT_TIME_NUM" dataType="CHARACTER" reconcileScript="N/A"/>
        <arguments xsi:type="EM:FixedListArgument" name="OPT_TIME_UNIT" dataType="CHARACTER" validationType="READ_ONLY" reconcileScript="N/A">
          <stringTable>
            <column value="minutes"/>
            <column value="minutes"/>
          </stringTable>
          <stringTable>
            <column value="hours"/>
            <column value="hours"/>
          </stringTable>
          <stringTable>
            <column value="days"/>
            <column value="days"/>
          </stringTable>
        </arguments>
      </templateDefinitions>
    </logicTemplates>
    <actionTemplates>
      <templateDefinitions xsi:type="EM:ExpertTemplate" name="EKS_ALERT_FLEX_A" definition="Send alert OPT_TITLE stating TXT, OPT_CANCEL_LABEL, OPT_IGNORE_LABEL, OPT_OVERRIDE_REASON, OPT_MODIFY_LABEL, OPT_DEFAULT_LABEL, OPT_ORDERS, OPT_DEFAULT_FIRST_ORDER, OPT_URL_BUTTON_NAME, OPT_URL_ADDRESS, OK_BUTTON_NAME, OPT_FORM, OPT_FORM_BUTTON_NAME, OPT_FORCE_FORM, OPT_LINK" description="Interactive with additional orderable option" eventDependency="//@expertTemplates/@events/@event.1 //@expertTemplates/@events/@event.2 //@expertTemplates/@events/@event.8 //@expertTemplates/@events/@event.10 //@expertTemplates/@events/@event.36 //@expertTemplates/@events/@event.38 //@expertTemplates/@events/@event.61 //@expertTemplates/@events/@event.73 //@expertTemplates/@events/@event.75" optimizable="true" reconcilable="true">
        <keywords>ALERT</keywords>
        <arguments name="OPT_TITLE" dataType="CHARACTER" validationType="MAX_LENGTH" reconcileScript="N/A"/>
        <arguments name="TXT" dataType="CHARACTER" controlType="TEXT_MULTI_LINE" validationType="MAX_LENGTH" required="true" reconcileScript="N/A"/>
        <arguments name="OPT_CANCEL_LABEL" dataType="CHARACTER" reconcileScript="N/A"/>
        <arguments name="OPT_IGNORE_LABEL" dataType="CHARACTER" reconcileScript="N/A"/>
        <arguments xsi:type="EM:ReferentialArgument" name="OPT_OVERRIDE_REASON" dataType="CHARACTER" controlType="LISTBOX" validationType="READ_ONLY" optimizable="true" reconcileScript="eks_p_codeset_cki_refhelp  &quot;800&quot;,&quot;CKI&quot;,&quot;*ALL,*NONE&quot;" keyFieldIndex="2">
          <statements dependency="OPT_OVERRIDE_REASON" statement="eks_codeset_cki_refhelp &quot;800&quot;,&quot;CKI&quot;,&quot;*ALL,*NONE&quot; go"/>
        </arguments>
        <arguments name="OPT_MODIFY_LABEL" dataType="CHARACTER" reconcileScript="N/A"/>
        <arguments xsi:type="EM:FixedListArgument" name="OPT_DEFAULT_LABEL" dataType="CHARACTER" validationType="READ_ONLY" reconcileScript="N/A">
          <defaultValue xsi:type="EM:StringValue" value="NONE"/>
          <stringTable>
            <column value="@quot;OPT_CANCEL_LABEL@quot;"/>
            <column value="cancel previous order"/>
          </stringTable>
          <stringTable>
            <column value="@quot;OPT_IGNORE_LABEL@quot;"/>
            <column value="ignore the orderable"/>
          </stringTable>
          <stringTable>
            <column value="@quot;OPT_MODIFY_LABEL@quot;"/>
            <column value="modify the orderable"/>
          </stringTable>
          <stringTable>
            <column value="NONE"/>
            <column value="no default value for labels"/>
          </stringTable>
        </arguments>
        <arguments xsi:type="EM:ReferentialArgument" name="OPT_ORDERS" dataType="CHARACTER" controlType="LISTBOX" validationType="READ_ONLY" reconcileScript="eks_p_orders_sentence" keyFieldIndex="2">
          <statements dependency="OPT_ORDERS" statement="execute EKS_T_FLEX_ORDER_REFHELP &quot;CATALOGTYPE^&quot; go"/>
          <statements dependency="OPT_ORDERS" statement="execute EKS_T_FLEX_ORDER_REFHELP concat(&quot;ALPHA^&quot;, PAR1) go"/>
          <statements dependency="OPT_ORDERS" statement="execute EKS_T_FLEX_ORDER_REFHELP concat(&quot;ORDERS^&quot;, PAR1) go"/>
          <statements dependency="OPT_ORDERS" statement="execute EKS_T_FLEX_ORDER_REFHELP concat(&quot;SENTENCE^&quot;, PAR1) go"/>
        </arguments>
        <arguments xsi:type="EM:FixedListArgument" name="OPT_DEFAULT_FIRST_ORDER" dataType="CHARACTER" validationType="READ_ONLY" reconcileScript="N/A">
          <defaultValue xsi:type="EM:StringValue" value="DISABLED"/>
          <stringTable>
            <column value="ENABLED"/>
            <column value="enable the 1st orderable"/>
          </stringTable>
          <stringTable>
            <column value="DISABLED"/>
            <column value="no default orderable"/>
          </stringTable>
        </arguments>
        <arguments name="OPT_URL_BUTTON_NAME" dataType="CHARACTER" reconcileScript="N/A"/>
        <arguments name="OPT_URL_ADDRESS" dataType="CHARACTER" reconcileScript="N/A"/>
        <arguments name="OK_BUTTON_NAME" dataType="CHARACTER" required="true" reconcileScript="N/A">
          <defaultValue xsi:type="EM:StringValue" value="OK"/>
        </arguments>
        <arguments xsi:type="EM:ReferentialArgument" name="OPT_FORM" dataType="CHARACTER" controlType="REFERENTIAL" validationType="READ_ONLY" reconcileScript="eks_p_powerform" keyFieldIndex="2">
          <statements dependency="OPT_FORM" statement="select distinct&#xD;&#xA;  Form_Definition = if (t.seq = 1) &#xD;&#xA;        dfr.definition&#xD;&#xA;     else &#xD;&#xA;        &quot;*NONE&quot;&#xD;&#xA;     endif,&#xD;&#xA;  _hidden  = if (t.seq = 1) &#xD;&#xA;      dfr.dcp_forms_ref_id&#xD;&#xA;     else&#xD;&#xA;         0.0&#xD;&#xA;     endif,&#xD;&#xA;    Description = if (t.seq = 1) &#xD;&#xA;         dfr.description&#xD;&#xA;     else&#xD;&#xA;         &quot;NONE&quot;&#xD;&#xA;     endif&#xD;&#xA;from dcp_forms_ref dfr, (dummyt t with seq=2)&#xD;&#xA;plan dfr where dfr.active_ind = 1 and textlen(trim(dfr.definition)) > 0 and&#xD;&#xA; textlen(trim(dfr.definition)) > 0&#xD;&#xA;join t&#xD;&#xA;order Form_Definition"/>
        </arguments>
        <arguments name="OPT_FORM_BUTTON_NAME" dataType="CHARACTER" reconcileScript="N/A"/>
        <arguments xsi:type="EM:FixedListArgument" name="OPT_FORCE_FORM" dataType="CHARACTER" validationType="READ_ONLY" reconcileScript="N/A">
          <defaultValue xsi:type="EM:StringValue" value="ENABLED"/>
          <stringTable>
            <column value="ENABLED"/>
            <column value="PowerForm must be opened"/>
          </stringTable>
          <stringTable>
            <column value="DISABLED"/>
            <column value="PowerForm optional"/>
          </stringTable>
          <stringTable>
            <column value="FORCE SIGN"/>
            <column value="PowerForm must be signed"/>
          </stringTable>
          <stringTable>
            <column value="ENABLED AND DISMISS"/>
            <column value="PowerPorm must be opened, dismiss Alert"/>
          </stringTable>
          <stringTable>
            <column value="DISABLED AND DISMISS"/>
            <column value="PowerForm optional, dismiss Alert"/>
          </stringTable>
          <stringTable>
            <column value="FORCE SIGN AND DISMISS"/>
            <column value="PowerForm must be signed, dismiss Alert"/>
          </stringTable>
        </arguments>
        <arguments name="OPT_LINK" dataType="LINK" controlType="TEMPLATE_REFERENCE" reconcileScript="N/A"/>
      </templateDefinitions>
    </actionTemplates>
  </expertTemplates>
  <ruleDefinition>
    <evokeSection>
      <evokes evokeEvent="//@expertTemplates/@events/@event.61">
        <logicExpression xsi:type="EM:InfixExpression">
          <leftExpression xsi:type="EM:Antecedent" id="E1" template="EKS_ORDER_E">
            <facts argument="ORD_METHOD">
              <value xsi:type="EM:StringValue" value="whose primary mnemonic is"/>
            </facts>
            <facts argument="OPT_ORDERS">
              <value xsi:type="EM:ListValue">
                <values xsi:type="EM:ListValue">
                  <values xsi:type="EM:CustomValue" hideDisplay="true">
                    <customValue xsi:type="EM:StringValue" value="CCK200:CERNER!AEBiWAEAguYNJIABn4waeg"/>
                  </values>
                  <values xsi:type="EM:StringValue" value="Discharge Patient"/>
                  <values xsi:type="EM:ListValue">
                    <values xsi:type="EM:CustomValue" hideDisplay="true">
                      <customValue xsi:type="EM:StringValue" value="636727.0|whose primary mnemonic is"/>
                    </values>
                    <values xsi:type="EM:CustomValue" hideDisplay="true">
                      <customValue xsi:type="EM:StringValue" value="D|636727.0|whose primary mnemonic is"/>
                    </values>
                  </values>
                </values>
              </value>
            </facts>
            <facts argument="OPT_QUALIFIER">
              <value xsi:type="EM:StringValue"/>
            </facts>
            <facts argument="OPT_ORDDOC">
              <value xsi:type="EM:StringValue"/>
            </facts>
          </leftExpression>
          <rightExpression xsi:type="EM:Antecedent" id="E2" template="EKS_DEBUGEKM_E">
            <facts argument="DEBUG_STATUS">
              <value xsi:type="EM:ListValue">
                <values xsi:type="EM:ListValue">
                  <values xsi:type="EM:CustomValue" hideDisplay="true">
                    <customValue xsi:type="EM:StringValue" value="5"/>
                  </values>
                  <values xsi:type="EM:StringValue" value="To FullAudit for this module only"/>
                </values>
              </value>
            </facts>
          </rightExpression>
        </logicExpression>
      </evokes>
    </evokeSection>
    <logicSection>
      <logicExpression xsi:type="EM:InfixExpression">
        <leftExpression xsi:type="EM:Antecedent" alias="Discharge Order" id="L1" template="EKS_ORDER_INCOMING_L">
          <facts argument="ORD_METHOD">
            <value xsi:type="EM:StringValue" value="whose primary mnemonic is"/>
          </facts>
          <facts argument="OPT_ORDERS">
            <value xsi:type="EM:ListValue">
              <values xsi:type="EM:ListValue">
                <values xsi:type="EM:CustomValue" hideDisplay="true">
                  <customValue xsi:type="EM:StringValue" value="CCK200:CERNER!AEBiWAEAguYNJIABn4waeg"/>
                </values>
                <values xsi:type="EM:StringValue" value="Discharge Patient"/>
                <values xsi:type="EM:ListValue">
                  <values xsi:type="EM:CustomValue" hideDisplay="true">
                    <customValue xsi:type="EM:StringValue" value="636727.0|whose primary mnemonic is"/>
                  </values>
                  <values xsi:type="EM:CustomValue" hideDisplay="true">
                    <customValue xsi:type="EM:StringValue" value="D|636727.0|whose primary mnemonic is"/>
                  </values>
                </values>
              </values>
            </value>
          </facts>
          <facts argument="OPT_QUALIFIER">
            <value xsi:type="EM:StringValue"/>
          </facts>
          <facts argument="OPT_ORDDOC">
            <value xsi:type="EM:StringValue"/>
          </facts>
          <facts argument="OPT_ORDER_DETAIL">
            <value xsi:type="EM:StringValue" value="FUTURE USE"/>
          </facts>
          <facts argument="OPT_DETAIL_QUALIFIER">
            <value xsi:type="EM:StringValue" value="FUTURE USE"/>
          </facts>
          <facts argument="OPT_LIST">
            <value xsi:type="EM:StringValue"/>
          </facts>
        </leftExpression>
        <rightExpression xsi:type="EM:InfixExpression">
          <leftExpression xsi:type="EM:Antecedent" alias="Location" id="L2" template="EKS_ENCOUNTER_LOC_DETAIL_L">
            <facts argument="ENC_DETAIL">
              <value xsi:type="EM:ListValue">
                <values xsi:type="EM:ListValue">
                  <values xsi:type="EM:CustomValue" hideDisplay="true">
                    <customValue xsi:type="EM:StringValue" value="LOC_NURSE_UNIT_CD\220"/>
                  </values>
                  <values xsi:type="EM:StringValue" value="Location Nurse Unit"/>
                </values>
              </value>
            </facts>
            <facts argument="QUAL">
              <value xsi:type="EM:ListValue">
                <values xsi:type="EM:ListValue">
                  <values xsi:type="EM:CustomValue" hideDisplay="true">
                    <customValue xsi:type="EM:StringValue" value="="/>
                  </values>
                  <values xsi:type="EM:StringValue" value="is listed"/>
                </values>
              </value>
            </facts>
            <facts argument="DETAIL_VALUE">
              <value xsi:type="EM:ListValue">
                <values xsi:type="EM:ListValue">
                  <values xsi:type="EM:CustomValue" hideDisplay="true">
                    <customValue xsi:type="EM:StringValue" value="2557556147"/>
                  </values>
                  <values xsi:type="EM:StringValue" value="MHHS Behav Hlth, MHHS Behav Hlth, MHHS 3G"/>
                  <values xsi:type="EM:ListValue">
                    <values xsi:type="EM:CustomValue" hideDisplay="true">
                      <customValue xsi:type="EM:StringValue" value="2553765475^MHHS Behav Hlth^3"/>
                    </values>
                    <values xsi:type="EM:CustomValue" hideDisplay="true">
                      <customValue xsi:type="EM:StringValue" value="2557556139 ^MHHS Behav Hlth, MHHS Behav Hlth^3"/>
                    </values>
                    <values xsi:type="EM:CustomValue" hideDisplay="true">
                      <customValue xsi:type="EM:StringValue" value="2557556147 ^MHHS Behav Hlth, MHHS Behav Hlth, MHHS 3G^3"/>
                    </values>
                    <values xsi:type="EM:CustomValue" hideDisplay="true">
                      <customValue xsi:type="EM:StringValue" value="2557556147^MHHS Behav Hlth, MHHS Behav Hlth, MHHS 3G^3"/>
                    </values>
                  </values>
                </values>
                <values xsi:type="EM:ListValue">
                  <values xsi:type="EM:CustomValue" hideDisplay="true">
                    <customValue xsi:type="EM:StringValue" value="2591612085"/>
                  </values>
                  <values xsi:type="EM:StringValue" value="PW Senior Behav, PW Senior Behav, PW 1G"/>
                  <values xsi:type="EM:ListValue">
                    <values xsi:type="EM:CustomValue" hideDisplay="true">
                      <customValue xsi:type="EM:StringValue" value="2553765531^PW Senior Behav^3"/>
                    </values>
                    <values xsi:type="EM:CustomValue" hideDisplay="true">
                      <customValue xsi:type="EM:StringValue" value="2556633061 ^PW Senior Behav, PW Senior Behav^3"/>
                    </values>
                    <values xsi:type="EM:CustomValue" hideDisplay="true">
                      <customValue xsi:type="EM:StringValue" value="2591612085 ^PW Senior Behav, PW Senior Behav, PW 1G^3"/>
                    </values>
                    <values xsi:type="EM:CustomValue" hideDisplay="true">
                      <customValue xsi:type="EM:StringValue" value="2591612085^PW Senior Behav, PW Senior Behav, PW 1G^3"/>
                    </values>
                  </values>
                </values>
              </value>
            </facts>
            <facts argument="OPT_LINK">
              <value xsi:type="EM:AntecedentReference" antecedent="//@ruleDefinition/@logicSection/@logicExpression/@leftExpression"/>
            </facts>
          </leftExpression>
          <rightExpression xsi:type="EM:InfixExpression">
            <leftExpression xsi:type="EM:Antecedent" alias="Antipsychotic" id="L3" template="EKS_ORDERS_FIND_L">
              <facts argument="ORD_METHOD">
                <value xsi:type="EM:StringValue" value="whose primary mnemonic is"/>
              </facts>
              <facts argument="OPT_ORDERS">
                <value xsi:type="EM:ListValue">
                  <values xsi:type="EM:ListValue">
                    <values xsi:type="EM:CustomValue" hideDisplay="true">
                      <customValue xsi:type="EM:StringValue" value="MUL.ORD!d04825"/>
                    </values>
                    <values xsi:type="EM:StringValue" value="ARIPiprazole"/>
                    <values xsi:type="EM:ListValue">
                      <values xsi:type="EM:CustomValue" hideDisplay="true">
                        <customValue xsi:type="EM:StringValue" value="2516.0|whose primary mnemonic is"/>
                      </values>
                      <values xsi:type="EM:CustomValue" hideDisplay="true">
                        <customValue xsi:type="EM:StringValue" value="A|2516.0|whose primary mnemonic is"/>
                      </values>
                    </values>
                  </values>
                  <values xsi:type="EM:ListValue">
                    <values xsi:type="EM:CustomValue" hideDisplay="true">
                      <customValue xsi:type="EM:StringValue" value="MUL.ORD!d07473"/>
                    </values>
                    <values xsi:type="EM:StringValue" value="asenapine"/>
                    <values xsi:type="EM:ListValue">
                      <values xsi:type="EM:CustomValue" hideDisplay="true">
                        <customValue xsi:type="EM:StringValue" value="2516.0|whose primary mnemonic is"/>
                      </values>
                      <values xsi:type="EM:CustomValue" hideDisplay="true">
                        <customValue xsi:type="EM:StringValue" value="A|2516.0|whose primary mnemonic is"/>
                      </values>
                    </values>
                  </values>
                  <values xsi:type="EM:ListValue">
                    <values xsi:type="EM:CustomValue" hideDisplay="true">
                      <customValue xsi:type="EM:StringValue" value="MUL.ORD!d00064"/>
                    </values>
                    <values xsi:type="EM:StringValue" value="chlorproMAZINE"/>
                    <values xsi:type="EM:ListValue">
                      <values xsi:type="EM:CustomValue" hideDisplay="true">
                        <customValue xsi:type="EM:StringValue" value="2516.0|whose primary mnemonic is"/>
                      </values>
                      <values xsi:type="EM:CustomValue" hideDisplay="true">
                        <customValue xsi:type="EM:StringValue" value="C|2516.0|whose primary mnemonic is"/>
                      </values>
                    </values>
                  </values>
                  <values xsi:type="EM:ListValue">
                    <values xsi:type="EM:CustomValue" hideDisplay="true">
                      <customValue xsi:type="EM:StringValue" value="MUL.ORD!d00199"/>
                    </values>
                    <values xsi:type="EM:StringValue" value="cloZAPine"/>
                    <values xsi:type="EM:ListValue">
                      <values xsi:type="EM:CustomValue" hideDisplay="true">
                        <customValue xsi:type="EM:StringValue" value="2516.0|whose primary mnemonic is"/>
                      </values>
                      <values xsi:type="EM:CustomValue" hideDisplay="true">
                        <customValue xsi:type="EM:StringValue" value="C|2516.0|whose primary mnemonic is"/>
                      </values>
                    </values>
                  </values>
                  <values xsi:type="EM:ListValue">
                    <values xsi:type="EM:CustomValue" hideDisplay="true">
                      <customValue xsi:type="EM:StringValue" value="MUL.ORD!d00237"/>
                    </values>
                    <values xsi:type="EM:StringValue" value="fluPHENAZine"/>
                    <values xsi:type="EM:ListValue">
                      <values xsi:type="EM:CustomValue" hideDisplay="true">
                        <customValue xsi:type="EM:StringValue" value="2516.0|whose primary mnemonic is"/>
                      </values>
                      <values xsi:type="EM:CustomValue" hideDisplay="true">
                        <customValue xsi:type="EM:StringValue" value="F|2516.0|whose primary mnemonic is"/>
                      </values>
                    </values>
                  </values>
                  <values xsi:type="EM:ListValue">
                    <values xsi:type="EM:CustomValue" hideDisplay="true">
                      <customValue xsi:type="EM:StringValue" value="MUL.ORD!d00027"/>
                    </values>
                    <values xsi:type="EM:StringValue" value="haloperidol"/>
                    <values xsi:type="EM:ListValue">
                      <values xsi:type="EM:CustomValue" hideDisplay="true">
                        <customValue xsi:type="EM:StringValue" value="2516.0|whose primary mnemonic is"/>
                      </values>
                      <values xsi:type="EM:CustomValue" hideDisplay="true">
                        <customValue xsi:type="EM:StringValue" value="H|2516.0|whose primary mnemonic is"/>
                      </values>
                    </values>
                  </values>
                  <values xsi:type="EM:ListValue">
                    <values xsi:type="EM:CustomValue" hideDisplay="true">
                      <customValue xsi:type="EM:StringValue" value="MUL.ORD!d07441"/>
                    </values>
                    <values xsi:type="EM:StringValue" value="iloperidone"/>
                    <values xsi:type="EM:ListValue">
                      <values xsi:type="EM:CustomValue" hideDisplay="true">
                        <customValue xsi:type="EM:StringValue" value="2516.0|whose primary mnemonic is"/>
                      </values>
                      <values xsi:type="EM:CustomValue" hideDisplay="true">
                        <customValue xsi:type="EM:StringValue" value="I|2516.0|whose primary mnemonic is"/>
                      </values>
                    </values>
                  </values>
                  <values xsi:type="EM:ListValue">
                    <values xsi:type="EM:CustomValue" hideDisplay="true">
                      <customValue xsi:type="EM:StringValue" value="MUL.ORD!d00897"/>
                    </values>
                    <values xsi:type="EM:StringValue" value="loxapine"/>
                    <values xsi:type="EM:ListValue">
                      <values xsi:type="EM:CustomValue" hideDisplay="true">
                        <customValue xsi:type="EM:StringValue" value="2516.0|whose primary mnemonic is"/>
                      </values>
                      <values xsi:type="EM:CustomValue" hideDisplay="true">
                        <customValue xsi:type="EM:StringValue" value="L|2516.0|whose primary mnemonic is"/>
                      </values>
                    </values>
                  </values>
                  <values xsi:type="EM:ListValue">
                    <values xsi:type="EM:CustomValue" hideDisplay="true">
                      <customValue xsi:type="EM:StringValue" value="MUL.ORD!d07705"/>
                    </values>
                    <values xsi:type="EM:StringValue" value="lurasidone"/>
                    <values xsi:type="EM:ListValue">
                      <values xsi:type="EM:CustomValue" hideDisplay="true">
                        <customValue xsi:type="EM:StringValue" value="2516.0|whose primary mnemonic is"/>
                      </values>
                      <values xsi:type="EM:CustomValue" hideDisplay="true">
                        <customValue xsi:type="EM:StringValue" value="L|2516.0|whose primary mnemonic is"/>
                      </values>
                    </values>
                  </values>
                  <values xsi:type="EM:ListValue">
                    <values xsi:type="EM:CustomValue" hideDisplay="true">
                      <customValue xsi:type="EM:StringValue" value="MUL.ORD!d00896"/>
                    </values>
                    <values xsi:type="EM:StringValue" value="molindone"/>
                    <values xsi:type="EM:ListValue">
                      <values xsi:type="EM:CustomValue" hideDisplay="true">
                        <customValue xsi:type="EM:StringValue" value="2516.0|whose primary mnemonic is"/>
                      </values>
                      <values xsi:type="EM:CustomValue" hideDisplay="true">
                        <customValue xsi:type="EM:StringValue" value="M|2516.0|whose primary mnemonic is"/>
                      </values>
                    </values>
                  </values>
                  <values xsi:type="EM:ListValue">
                    <values xsi:type="EM:CustomValue" hideDisplay="true">
                      <customValue xsi:type="EM:StringValue" value="MUL.ORD!d04050"/>
                    </values>
                    <values xsi:type="EM:StringValue" value="OLANZapine"/>
                    <values xsi:type="EM:ListValue">
                      <values xsi:type="EM:CustomValue" hideDisplay="true">
                        <customValue xsi:type="EM:StringValue" value="2516.0|whose primary mnemonic is"/>
                      </values>
                      <values xsi:type="EM:CustomValue" hideDisplay="true">
                        <customValue xsi:type="EM:StringValue" value="O|2516.0|whose primary mnemonic is"/>
                      </values>
                    </values>
                  </values>
                  <values xsi:type="EM:ListValue">
                    <values xsi:type="EM:CustomValue" hideDisplay="true">
                      <customValue xsi:type="EM:StringValue" value="MUL.ORD!d04917"/>
                    </values>
                    <values xsi:type="EM:StringValue" value="OLANZapine-fluoxetine"/>
                    <values xsi:type="EM:ListValue">
                      <values xsi:type="EM:CustomValue" hideDisplay="true">
                        <customValue xsi:type="EM:StringValue" value="2516.0|whose primary mnemonic is"/>
                      </values>
                      <values xsi:type="EM:CustomValue" hideDisplay="true">
                        <customValue xsi:type="EM:StringValue" value="O|2516.0|whose primary mnemonic is"/>
                      </values>
                    </values>
                  </values>
                  <values xsi:type="EM:ListValue">
                    <values xsi:type="EM:CustomValue" hideDisplay="true">
                      <customValue xsi:type="EM:StringValue" value="MUL.ORD!d06297"/>
                    </values>
                    <values xsi:type="EM:StringValue" value="paliperidone"/>
                    <values xsi:type="EM:ListValue">
                      <values xsi:type="EM:CustomValue" hideDisplay="true">
                        <customValue xsi:type="EM:StringValue" value="2516.0|whose primary mnemonic is"/>
                      </values>
                      <values xsi:type="EM:CustomValue" hideDisplay="true">
                        <customValue xsi:type="EM:StringValue" value="P|2516.0|whose primary mnemonic is"/>
                      </values>
                    </values>
                  </values>
                  <values xsi:type="EM:ListValue">
                    <values xsi:type="EM:CustomValue" hideDisplay="true">
                      <customValue xsi:type="EM:StringValue" value="MUL.ORD!d00855"/>
                    </values>
                    <values xsi:type="EM:StringValue" value="perphenazine"/>
                    <values xsi:type="EM:ListValue">
                      <values xsi:type="EM:CustomValue" hideDisplay="true">
                        <customValue xsi:type="EM:StringValue" value="2516.0|whose primary mnemonic is"/>
                      </values>
                      <values xsi:type="EM:CustomValue" hideDisplay="true">
                        <customValue xsi:type="EM:StringValue" value="P|2516.0|whose primary mnemonic is"/>
                      </values>
                    </values>
                  </values>
                  <values xsi:type="EM:ListValue">
                    <values xsi:type="EM:CustomValue" hideDisplay="true">
                      <customValue xsi:type="EM:StringValue" value="MUL.ORD!d03463"/>
                    </values>
                    <values xsi:type="EM:StringValue" value="perphenazine-amitriptyline"/>
                    <values xsi:type="EM:ListValue">
                      <values xsi:type="EM:CustomValue" hideDisplay="true">
                        <customValue xsi:type="EM:StringValue" value="2516.0|whose primary mnemonic is"/>
                      </values>
                      <values xsi:type="EM:CustomValue" hideDisplay="true">
                        <customValue xsi:type="EM:StringValue" value="P|2516.0|whose primary mnemonic is"/>
                      </values>
                    </values>
                  </values>
                  <values xsi:type="EM:ListValue">
                    <values xsi:type="EM:CustomValue" hideDisplay="true">
                      <customValue xsi:type="EM:StringValue" value="MUL.ORD!d00898"/>
                    </values>
                    <values xsi:type="EM:StringValue" value="pimozide"/>
                    <values xsi:type="EM:ListValue">
                      <values xsi:type="EM:CustomValue" hideDisplay="true">
                        <customValue xsi:type="EM:StringValue" value="2516.0|whose primary mnemonic is"/>
                      </values>
                      <values xsi:type="EM:CustomValue" hideDisplay="true">
                        <customValue xsi:type="EM:StringValue" value="P|2516.0|whose primary mnemonic is"/>
                      </values>
                    </values>
                  </values>
                  <values xsi:type="EM:ListValue">
                    <values xsi:type="EM:CustomValue" hideDisplay="true">
                      <customValue xsi:type="EM:StringValue" value="MUL.ORD!d00355"/>
                    </values>
                    <values xsi:type="EM:StringValue" value="prochlorperazine"/>
                    <values xsi:type="EM:ListValue">
                      <values xsi:type="EM:CustomValue" hideDisplay="true">
                        <customValue xsi:type="EM:StringValue" value="2516.0|whose primary mnemonic is"/>
                      </values>
                      <values xsi:type="EM:CustomValue" hideDisplay="true">
                        <customValue xsi:type="EM:StringValue" value="P|2516.0|whose primary mnemonic is"/>
                      </values>
                    </values>
                  </values>
                  <values xsi:type="EM:ListValue">
                    <values xsi:type="EM:CustomValue" hideDisplay="true">
                      <customValue xsi:type="EM:StringValue" value="MUL.ORD!d04220"/>
                    </values>
                    <values xsi:type="EM:StringValue" value="QUEtiapine"/>
                    <values xsi:type="EM:ListValue">
                      <values xsi:type="EM:CustomValue" hideDisplay="true">
                        <customValue xsi:type="EM:StringValue" value="2516.0|whose primary mnemonic is"/>
                      </values>
                      <values xsi:type="EM:CustomValue" hideDisplay="true">
                        <customValue xsi:type="EM:StringValue" value="Q|2516.0|whose primary mnemonic is"/>
                      </values>
                    </values>
                  </values>
                  <values xsi:type="EM:ListValue">
                    <values xsi:type="EM:CustomValue" hideDisplay="true">
                      <customValue xsi:type="EM:StringValue" value="MUL.ORD!d03180"/>
                    </values>
                    <values xsi:type="EM:StringValue" value="risperiDONE"/>
                    <values xsi:type="EM:ListValue">
                      <values xsi:type="EM:CustomValue" hideDisplay="true">
                        <customValue xsi:type="EM:StringValue" value="2516.0|whose primary mnemonic is"/>
                      </values>
                      <values xsi:type="EM:CustomValue" hideDisplay="true">
                        <customValue xsi:type="EM:StringValue" value="R|2516.0|whose primary mnemonic is"/>
                      </values>
                    </values>
                  </values>
                  <values xsi:type="EM:ListValue">
                    <values xsi:type="EM:CustomValue" hideDisplay="true">
                      <customValue xsi:type="EM:StringValue" value="MUL.ORD!d00389"/>
                    </values>
                    <values xsi:type="EM:StringValue" value="thioridazine"/>
                    <values xsi:type="EM:ListValue">
                      <values xsi:type="EM:CustomValue" hideDisplay="true">
                        <customValue xsi:type="EM:StringValue" value="2516.0|whose primary mnemonic is"/>
                      </values>
                      <values xsi:type="EM:CustomValue" hideDisplay="true">
                        <customValue xsi:type="EM:StringValue" value="T|2516.0|whose primary mnemonic is"/>
                      </values>
                    </values>
                  </values>
                  <values xsi:type="EM:ListValue">
                    <values xsi:type="EM:CustomValue" hideDisplay="true">
                      <customValue xsi:type="EM:StringValue" value="MUL.ORD!d00391"/>
                    </values>
                    <values xsi:type="EM:StringValue" value="thiothixene"/>
                    <values xsi:type="EM:ListValue">
                      <values xsi:type="EM:CustomValue" hideDisplay="true">
                        <customValue xsi:type="EM:StringValue" value="2516.0|whose primary mnemonic is"/>
                      </values>
                      <values xsi:type="EM:CustomValue" hideDisplay="true">
                        <customValue xsi:type="EM:StringValue" value="T|2516.0|whose primary mnemonic is"/>
                      </values>
                    </values>
                  </values>
                  <values xsi:type="EM:ListValue">
                    <values xsi:type="EM:CustomValue" hideDisplay="true">
                      <customValue xsi:type="EM:StringValue" value="MUL.ORD!d00890"/>
                    </values>
                    <values xsi:type="EM:StringValue" value="trifluoperazine"/>
                    <values xsi:type="EM:ListValue">
                      <values xsi:type="EM:CustomValue" hideDisplay="true">
                        <customValue xsi:type="EM:StringValue" value="2516.0|whose primary mnemonic is"/>
                      </values>
                      <values xsi:type="EM:CustomValue" hideDisplay="true">
                        <customValue xsi:type="EM:StringValue" value="T|2516.0|whose primary mnemonic is"/>
                      </values>
                    </values>
                  </values>
                  <values xsi:type="EM:ListValue">
                    <values xsi:type="EM:CustomValue" hideDisplay="true">
                      <customValue xsi:type="EM:StringValue" value="MUL.ORD!d04747"/>
                    </values>
                    <values xsi:type="EM:StringValue" value="ziprasidone"/>
                    <values xsi:type="EM:ListValue">
                      <values xsi:type="EM:CustomValue" hideDisplay="true">
                        <customValue xsi:type="EM:StringValue" value="2516.0|whose primary mnemonic is"/>
                      </values>
                      <values xsi:type="EM:CustomValue" hideDisplay="true">
                        <customValue xsi:type="EM:StringValue" value="Z|2516.0|whose primary mnemonic is"/>
                      </values>
                    </values>
                  </values>
                </value>
              </facts>
              <facts argument="OPT_ORDER_STATUS">
                <value xsi:type="EM:ListValue">
                  <values xsi:type="EM:ListValue">
                    <values xsi:type="EM:CustomValue" hideDisplay="true">
                      <customValue xsi:type="EM:StringValue" value="CDF6004:ORDERED"/>
                    </values>
                    <values xsi:type="EM:StringValue" value="Ordered"/>
                  </values>
                </value>
              </facts>
              <facts argument="OPT_SCOPE">
                <value xsi:type="EM:StringValue" value="the same encounter as "/>
              </facts>
              <facts argument="OPT_LINK">
                <value xsi:type="EM:AntecedentReference" antecedent="//@ruleDefinition/@logicSection/@logicExpression/@leftExpression"/>
              </facts>
              <facts argument="OPT_QUAL">
                <value xsi:type="EM:StringValue"/>
              </facts>
              <facts argument="OPT_TIME_NUM">
                <value xsi:type="EM:StringValue"/>
              </facts>
              <facts argument="OPT_TIME_UNIT">
                <value xsi:type="EM:StringValue"/>
              </facts>
              <facts argument="OPT_ANCHOR_DT_TM">
                <value xsi:type="EM:StringValue"/>
              </facts>
            </leftExpression>
            <rightExpression xsi:type="EM:InfixExpression">
              <leftExpression xsi:type="EM:Antecedent" id="L4" template="EKS_ORDERS_DETAIL_L">
                <facts argument="ORDER_DETAIL">
                  <value xsi:type="EM:ListValue">
                    <values xsi:type="EM:ListValue">
                      <values xsi:type="EM:CustomValue" hideDisplay="true">
                        <customValue xsi:type="EM:StringValue" value="I|os.orig_ord_as_flag|1|22|1"/>
                      </values>
                      <values xsi:type="EM:StringValue" value="Original Order As Flag"/>
                    </values>
                  </value>
                </facts>
                <facts argument="QUALIFIER">
                  <value xsi:type="EM:ListValue">
                    <values xsi:type="EM:ListValue">
                      <values xsi:type="EM:CustomValue" hideDisplay="true">
                        <customValue xsi:type="EM:StringValue" value="in"/>
                      </values>
                      <values xsi:type="EM:StringValue" value="is listed in"/>
                    </values>
                  </value>
                </facts>
                <facts argument="LIST">
                  <value xsi:type="EM:ListValue">
                    <values xsi:type="EM:ListValue">
                      <values xsi:type="EM:CustomValue" hideDisplay="true">
                        <customValue xsi:type="EM:StringValue" value="1"/>
                      </values>
                      <values xsi:type="EM:StringValue" value="Prescription/Discharge Order"/>
                      <values xsi:type="EM:ListValue">
                        <values xsi:type="EM:CustomValue" hideDisplay="true">
                          <customValue xsi:type="EM:StringValue" value="I|os.orig_ord_as_flag|1|22|1"/>
                        </values>
                      </values>
                    </values>
                    <values xsi:type="EM:ListValue">
                      <values xsi:type="EM:CustomValue" hideDisplay="true">
                        <customValue xsi:type="EM:StringValue" value="2"/>
                      </values>
                      <values xsi:type="EM:StringValue" value="Recorded(don't update)/Home Meds"/>
                      <values xsi:type="EM:ListValue">
                        <values xsi:type="EM:CustomValue" hideDisplay="true">
                          <customValue xsi:type="EM:StringValue" value="I|os.orig_ord_as_flag|1|22|1"/>
                        </values>
                      </values>
                    </values>
                  </value>
                </facts>
                <facts argument="LINK">
                  <value xsi:type="EM:AntecedentReference" antecedent="//@ruleDefinition/@logicSection/@logicExpression/@rightExpression/@rightExpression/@leftExpression"/>
                </facts>
              </leftExpression>
              <rightExpression xsi:type="EM:InfixExpression">
                <leftExpression xsi:type="EM:Antecedent" id="L5" template="EKS_ORDERS_DETAIL_L">
                  <facts argument="ORDER_DETAIL">
                    <value xsi:type="EM:ListValue">
                      <values xsi:type="EM:ListValue">
                        <values xsi:type="EM:CustomValue" hideDisplay="true">
                          <customValue xsi:type="EM:StringValue" value="I|os.order_status_cd|1|2|CDF6004"/>
                        </values>
                        <values xsi:type="EM:StringValue" value="Order Status"/>
                      </values>
                    </value>
                  </facts>
                  <facts argument="QUALIFIER">
                    <value xsi:type="EM:ListValue">
                      <values xsi:type="EM:ListValue">
                        <values xsi:type="EM:CustomValue" hideDisplay="true">
                          <customValue xsi:type="EM:StringValue" value="not in"/>
                        </values>
                        <values xsi:type="EM:StringValue" value="is not listed in"/>
                      </values>
                    </value>
                  </facts>
                  <facts argument="LIST">
                    <value xsi:type="EM:ListValue">
                      <values xsi:type="EM:ListValue">
                        <values xsi:type="EM:CustomValue" hideDisplay="true">
                          <customValue xsi:type="EM:StringValue" value="CDF6004:COMPLETED"/>
                        </values>
                        <values xsi:type="EM:StringValue" value="Completed"/>
                        <values xsi:type="EM:ListValue">
                          <values xsi:type="EM:CustomValue" hideDisplay="true">
                            <customValue xsi:type="EM:StringValue" value="I|os.order_status_cd|1|2|CDF6004"/>
                          </values>
                        </values>
                      </values>
                      <values xsi:type="EM:ListValue">
                        <values xsi:type="EM:CustomValue" hideDisplay="true">
                          <customValue xsi:type="EM:StringValue" value="CDF6004:DISCONTINUED"/>
                        </values>
                        <values xsi:type="EM:StringValue" value="Discontinued"/>
                        <values xsi:type="EM:ListValue">
                          <values xsi:type="EM:CustomValue" hideDisplay="true">
                            <customValue xsi:type="EM:StringValue" value="I|os.order_status_cd|1|2|CDF6004"/>
                          </values>
                        </values>
                      </values>
                    </value>
                  </facts>
                  <facts argument="LINK">
                    <value xsi:type="EM:AntecedentReference" antecedent="//@ruleDefinition/@logicSection/@logicExpression/@rightExpression/@rightExpression/@rightExpression/@leftExpression"/>
                  </facts>
                </leftExpression>
                <rightExpression xsi:type="EM:InfixExpression">
                  <leftExpression xsi:type="EM:Antecedent" id="L6" template="EKS_ORDERS_DETAIL_L">
                    <facts argument="ORDER_DETAIL">
                      <value xsi:type="EM:ListValue">
                        <values xsi:type="EM:ListValue">
                          <values xsi:type="EM:CustomValue" hideDisplay="true">
                            <customValue xsi:type="EM:StringValue" value="X|12703.0|1|8|0|SCH/PRN|B"/>
                          </values>
                          <values xsi:type="EM:StringValue" value="Scheduled / PRN,"/>
                        </values>
                      </value>
                    </facts>
                    <facts argument="QUALIFIER">
                      <value xsi:type="EM:ListValue">
                        <values xsi:type="EM:ListValue">
                          <values xsi:type="EM:CustomValue" hideDisplay="true">
                            <customValue xsi:type="EM:StringValue" value="not in"/>
                          </values>
                          <values xsi:type="EM:StringValue" value="is not listed in"/>
                        </values>
                      </value>
                    </facts>
                    <facts argument="LIST">
                      <value xsi:type="EM:ListValue">
                        <values xsi:type="EM:ListValue">
                          <values xsi:type="EM:CustomValue" hideDisplay="true">
                            <customValue xsi:type="EM:StringValue" value="1"/>
                          </values>
                          <values xsi:type="EM:StringValue" value="Yes/True"/>
                          <values xsi:type="EM:ListValue">
                            <values xsi:type="EM:CustomValue" hideDisplay="true">
                              <customValue xsi:type="EM:StringValue" value="X|12703.0|1|8|0|SCH/PRN|B"/>
                            </values>
                          </values>
                        </values>
                      </value>
                    </facts>
                    <facts argument="LINK">
                      <value xsi:type="EM:AntecedentReference" antecedent="//@ruleDefinition/@logicSection/@logicExpression/@rightExpression/@rightExpression/@rightExpression/@rightExpression/@leftExpression"/>
                    </facts>
                  </leftExpression>
                  <rightExpression xsi:type="EM:InfixExpression">
                    <leftExpression xsi:type="EM:Antecedent" id="L7" template="EKS_ORDERS_COUNT_L">
                      <facts argument="LINK">
                        <value xsi:type="EM:AntecedentReference" antecedent="//@ruleDefinition/@logicSection/@logicExpression/@rightExpression/@rightExpression/@rightExpression/@rightExpression/@rightExpression/@leftExpression"/>
                      </facts>
                      <facts argument="QUALIFIER">
                        <value xsi:type="EM:StringValue" value="greater than or equal to"/>
                      </facts>
                      <facts argument="NUM">
                        <value xsi:type="EM:IntegerValue" intValue="2"/>
                      </facts>
                    </leftExpression>
                    <rightExpression xsi:type="EM:InfixExpression">
                      <leftExpression xsi:type="EM:Antecedent" alias="Check if Prescriptions are the same med" id="L8" template="EKS_EXEC_CCL_L">
                        <facts argument="PROGRAM_NAME">
                          <value xsi:type="EM:StringValue" value="drcs_dup_order_find"/>
                        </facts>
                        <facts argument="OPT_PARAM">
                          <value xsi:type="EM:StringValue"/>
                        </facts>
                        <facts argument="OPT_LINK">
                          <value xsi:type="EM:AntecedentReference" antecedent="//@ruleDefinition/@logicSection/@logicExpression/@rightExpression/@rightExpression/@rightExpression/@rightExpression/@rightExpression/@leftExpression"/>
                        </facts>
                      </leftExpression>
                      <rightExpression xsi:type="EM:PrefixExpression">
                        <expression xsi:type="EM:GroupExpression">
                          <expression xsi:type="EM:InfixExpression" operator="OR">
                            <leftExpression xsi:type="EM:Antecedent" alias="DTA already been documented on" id="L9" template="EKS_CE_RESULTA_MOST_RECENT_L">
                              <facts argument="EVENT_SET_NAME">
                                <value xsi:type="EM:ListValue">
                                  <values xsi:type="EM:ListValue">
                                    <values xsi:type="EM:CustomValue" hideDisplay="true">
                                      <customValue xsi:type="EM:StringValue" value="Discharge Antipsychotic Medication"/>
                                    </values>
                                    <values xsi:type="EM:StringValue" value="Discharge Antipsychotic Medication"/>
                                    <values xsi:type="EM:ListValue">
                                      <values xsi:type="EM:CustomValue" hideDisplay="true">
                                        <customValue xsi:type="EM:StringValue" value="D"/>
                                      </values>
                                    </values>
                                  </values>
                                  <values xsi:type="EM:ListValue">
                                    <values xsi:type="EM:CustomValue" hideDisplay="true">
                                      <customValue xsi:type="EM:StringValue" value="Discharge Anti Psychotic Justifications"/>
                                    </values>
                                    <values xsi:type="EM:StringValue" value="Discharge Anti Psychotic Justifications"/>
                                    <values xsi:type="EM:ListValue">
                                      <values xsi:type="EM:CustomValue" hideDisplay="true">
                                        <customValue xsi:type="EM:StringValue" value="D"/>
                                      </values>
                                    </values>
                                  </values>
                                </value>
                              </facts>
                              <facts argument="EVALUATION">
                                <value xsi:type="EM:StringValue" value="not equal to"/>
                              </facts>
                              <facts argument="VALUE1">
                                <value xsi:type="EM:ListValue">
                                  <values xsi:type="EM:ListValue">
                                    <values xsi:type="EM:CustomValue" hideDisplay="true">
                                      <customValue xsi:type="EM:StringValue" value=" "/>
                                    </values>
                                    <values xsi:type="EM:StringValue" value="ABC123"/>
                                    <values xsi:type="EM:ListValue">
                                      <values xsi:type="EM:CustomValue" hideDisplay="true">
                                        <customValue xsi:type="EM:StringValue" value="A"/>
                                      </values>
                                    </values>
                                  </values>
                                </value>
                              </facts>
                              <facts argument="OPT_LINK">
                                <value xsi:type="EM:AntecedentReference" antecedent="//@ruleDefinition/@logicSection/@logicExpression/@rightExpression/@leftExpression"/>
                              </facts>
                              <facts argument="OPT_TIME_NUM">
                                <value xsi:type="EM:StringValue"/>
                              </facts>
                              <facts argument="OPT_TIME_UNIT">
                                <value xsi:type="EM:StringValue"/>
                              </facts>
                            </leftExpression>
                            <rightExpression xsi:type="EM:Antecedent" id="L10" template="EKS_PREVIOUS_ACTION_L">
                              <facts argument="ACTION_NAME">
                                <value xsi:type="EM:ListValue">
                                  <values xsi:type="EM:ListValue">
                                    <values xsi:type="EM:CustomValue" hideDisplay="true">
                                      <customValue xsi:type="EM:StringValue" value="BH_EKM!BH_ANTIPSYCHOTIC_DSCHG_OR"/>
                                    </values>
                                    <values xsi:type="EM:StringValue" value="BH_ANTIPSYCHOTIC_DSCHG_OR"/>
                                    <values xsi:type="EM:ListValue">
                                      <values xsi:type="EM:CustomValue" hideDisplay="true">
                                        <customValue xsi:type="EM:StringValue" value="1"/>
                                      </values>
                                    </values>
                                  </values>
                                </value>
                              </facts>
                              <facts argument="SCOPE">
                                <value xsi:type="EM:StringValue" value="same encounter"/>
                              </facts>
                              <facts argument="OPT_LINK">
                                <value xsi:type="EM:AntecedentReference" antecedent="//@ruleDefinition/@logicSection/@logicExpression/@leftExpression"/>
                              </facts>
                              <facts argument="PERSONNEL">
                                <value xsi:type="EM:StringValue" value="any"/>
                              </facts>
                              <facts argument="OPT_TIME_NUM">
                                <value xsi:type="EM:StringValue" value="1"/>
                              </facts>
                              <facts argument="OPT_TIME_UNIT">
                                <value xsi:type="EM:StringValue" value="minutes"/>
                              </facts>
                            </rightExpression>
                          </expression>
                        </expression>
                      </rightExpression>
                    </rightExpression>
                  </rightExpression>
                </rightExpression>
              </rightExpression>
            </rightExpression>
          </rightExpression>
        </rightExpression>
      </logicExpression>
    </logicSection>
    <actionSection>
      <action xsi:type="EM:ActionExpression">
        <logicExpression xsi:type="EM:Antecedent" id="A1" template="EKS_ALERT_FLEX_A">
          <facts argument="OPT_TITLE">
            <value xsi:type="EM:StringValue" value="Multiple Antipsychotic Justification"/>
          </facts>
          <facts argument="TXT">
            <value xsi:type="EM:StringValue" value="@PATIENT:1 has been prescribed 2 or more anti-psychotic medications.  The reason for this needs to be documented."/>
          </facts>
          <facts argument="OPT_CANCEL_LABEL">
            <value xsi:type="EM:StringValue"/>
          </facts>
          <facts argument="OPT_IGNORE_LABEL">
            <value xsi:type="EM:StringValue"/>
          </facts>
          <facts argument="OPT_OVERRIDE_REASON">
            <value xsi:type="EM:StringValue"/>
          </facts>
          <facts argument="OPT_MODIFY_LABEL">
            <value xsi:type="EM:StringValue"/>
          </facts>
          <facts argument="OPT_DEFAULT_LABEL">
            <value xsi:type="EM:StringValue" value="NONE"/>
          </facts>
          <facts argument="OPT_ORDERS">
            <value xsi:type="EM:StringValue"/>
          </facts>
          <facts argument="OPT_DEFAULT_FIRST_ORDER">
            <value xsi:type="EM:StringValue" value="DISABLED"/>
          </facts>
          <facts argument="OPT_URL_BUTTON_NAME">
            <value xsi:type="EM:StringValue"/>
          </facts>
          <facts argument="OPT_URL_ADDRESS">
            <value xsi:type="EM:StringValue"/>
          </facts>
          <facts argument="OK_BUTTON_NAME">
            <value xsi:type="EM:StringValue" value="OK"/>
          </facts>
          <facts argument="OPT_FORM">
            <value xsi:type="EM:ListValue">
              <values xsi:type="EM:ListValue">
                <values xsi:type="EM:CustomValue" hideDisplay="true">
                  <customValue xsi:type="EM:StringValue" value="12513937.00"/>
                </values>
                <values xsi:type="EM:StringValue" value="Discharge Antipsychotic Medications"/>
              </values>
            </value>
          </facts>
          <facts argument="OPT_FORM_BUTTON_NAME">
            <value xsi:type="EM:StringValue" value="Document"/>
          </facts>
          <facts argument="OPT_FORCE_FORM">
            <value xsi:type="EM:StringValue" value="ENABLED"/>
          </facts>
          <facts argument="OPT_LINK">
            <value xsi:type="EM:AntecedentReference"/>
          </facts>
        </logicExpression>
      </action>
    </actionSection>
  </ruleDefinition>
</EM:ExpertModule>
