<?xml version="1.0" encoding="ASCII"?>
<EM:ExpertModule xmi:version="2.0" xmlns:xmi="http://www.omg.org/XMI" xmlns:xsi="http://www.w3.org/2001/XMLSchema-instance" xmlns:EM="http:///com.cerner.expert/expertmodule/1.0.0" moduleName="HX_SMOKING_CESSATION">
  <information>
    <runtimeInformation versionString="001.002" externalFileName="HX_SMOKING_CESSATION" lastUpdated="2021-01-28T13:11:22.000-0500" validtionType="PRODUCTION" title="HX_SMOKING_CESSATION" reconcileFlag="3" reconcileDate="2021-01-28T13:11:22.000-0500">
      <duration start="2015-10-28T01:00:00.000-0400" end="2099-01-02T00:59:59.000-0500"/>
      <updateUser userName="PARAMASIVAM, GEETHA"/>
    </runtimeInformation>
    <documentation author="cern402" institution="" specialist=""/>
  </information>
  <expertTemplates>
    <events>
      <event name=""/>
      <event name="ADDPROBLEM"/>
      <event name="ADDTOSCRATCHPAD"/>
      <event name="ALLERGY_EVENT"/>
      <event name="AP_ORDER_EVENT"/>
      <event name="BB_RESULT_EVENT"/>
      <event name="CBTFLEXORDERS"/>
      <event name="CHART_SERVER_EVENT"/>
      <event name="CLINICALTRIALSCREEN"/>
      <event name="CLINICAL_EVENT"/>
      <event name="CLOSECHART"/>
      <event name="COLLECTION_EVENT"/>
      <event name="DCP_CN_TASK_UPD"/>
      <event name="DCP_MODTASK_EVENT"/>
      <event name="DCP_PW_COND"/>
      <event name="DCP_PW_OUTCOME_EVENT"/>
      <event name="DIAGNOSIS_EVENT"/>
      <event name="EKS_FORMAT"/>
      <event name="EKS_SYNC_TEST01"/>
      <event name="EKS_TEST_02"/>
      <event name="EKS_TEST_EVENT"/>
      <event name="EKS_TEST_EVENT01"/>
      <event name="ENSURE_EVENT"/>
      <event name="EXPERT_EVENT"/>
      <event name="HEALTHE_EVENT"/>
      <event name="HEALTH_MAINT_QUAL_EVENT"/>
      <event name="HIM_ADD_REQUEST"/>
      <event name="HIM_ADMIT_EVENT"/>
      <event name="HIM_PATIENT_INFO_REQUEST"/>
      <event name="HIM_TEST_EVENT"/>
      <event name="HL7_EVENT"/>
      <event name="MB_EXPEDITE"/>
      <event name="MB_RESULT_EVENT"/>
      <event name="MB_SCRIPTED_WORKUPS"/>
      <event name="MB_SUSCEPTIBILITY"/>
      <event name="MDI_RESULT_EVENT"/>
      <event name="MEDCHARTACTIVATE"/>
      <event name="MPI_ADT"/>
      <event name="OPENCHART"/>
      <event name="ORDER_EVENT"/>
      <event name="ORDER_PRO_TEST1"/>
      <event name="PATIENT_EVENT"/>
      <event name="PCA_EXPERT_EVENT"/>
      <event name="Person_Transaction"/>
      <event name="PFT_Add_Account"/>
      <event name="PFT_ADJ_WO"/>
      <event name="PFT_CHARGE_EVENT"/>
      <event name="pft_check_amount"/>
      <event name="PFT_VEHICLE"/>
      <event name="PNTFLEXREFRANGE"/>
      <event name="POWERPLANFLEX"/>
      <event name="PROBLEM_EVENT"/>
      <event name="PROFIT_1450_CLAIM_EVENT"/>
      <event name="PROFIT_1500_CLAIM_EVENT"/>
      <event name="PROVIDER_CHG_EVENT"/>
      <event name="PROVIDE_EVENT"/>
      <event name="PWRCHRT_ADD_ORDER"/>
      <event name="RESULT_EVENT"/>
      <event name="RESULT_EVENT_CSM"/>
      <event name="RESULT_EVENT_TEST"/>
      <event name="SCH_ACTION_EVENT"/>
      <event name="SIGNORDER"/>
      <event name="SN New Pref Card Created"/>
      <event name="SN_CASE_CHECK_IN_EVENT"/>
      <event name="SN_CASE_EVENT"/>
      <event name="SN_CASE_SCHEDULE_EVENT"/>
      <event name="SN_DOCUMENT_OPEN"/>
      <event name="SN_DOCUMENT_STATE"/>
      <event name="SN_FINALIZE_DOC_EVENT"/>
      <event name="SN_PROCEDURE_SCHEDULE"/>
      <event name="SN_SAVE_PROCEDURE"/>
      <event name="SN_TEST_EVENT"/>
      <event name="SOCIAL_HISTORY_ADD"/>
      <event name="SYNCHEVENT"/>
      <event name="TOCFLEX"/>
      <event name="TOUCHOPENCHART"/>
    </events>
    <evokeTemplates>
      <templateDefinitions xsi:type="EM:ExpertTemplate" name="HX_SOCIAL_EVAL_RESULTA_E" definition="The triggering request contains a result for SOCIAL_HISTORY_QUESTION that is EVALUATION VALUE1." description="The triggering request contains a result for SOCIAL_HISTORY_QUESTION that is EVALUATION VALUE1." eventDependency="//@expertTemplates/@events/@event.72">
        <keywords>HISTORIES</keywords>
        <arguments xsi:type="EM:ReferentialArgument" name="SOCIAL_HISTORY_QUESTION" dataType="CHARACTER" controlType="REFERENTIAL" validationType="READ_ONLY" required="true" keyFieldIndex="4">
          <statements dependency="SOCIAL_HISTORY_QUESTION" statement="SELECT&#xD;&#xA;&#x9;_HIDDEN_SOCIAL_HISTORY_QUESTION = concat(trim(dta.description),&quot; (&quot;,trim(scr.description),&quot;)&quot;),&#xD;&#xA;&#x9;CATEGORY = trim(scr.description),&#xD;&#xA;&#x9;DTA_DESCRIPTION = trim(dta.description),&#xD;&#xA;&#x9;_HIDDEN = dta.task_assay_cd&#xD;&#xA;&#x9;&#xD;&#xA;FROM&#xD;&#xA;&#x9;shx_category_ref&#x9;scr, &#xD;&#xA;&#x9;shx_category_def&#x9;scd,&#xD;&#xA;&#x9;shx_element&#x9;&#x9;&#x9;se,&#xD;&#xA;&#x9;discrete_task_assay&#x9;dta&#xD;&#xA;&#x9;&#xD;&#xA;PLAN scr&#xD;&#xA;&#xD;&#xA;JOIN scd&#xD;&#xA;&#x9;WHERE&#xD;&#xA;&#x9;&#x9;scd.shx_category_ref_id = scr.shx_category_ref_id&#xD;&#xA;&#x9;&#x9;AND&#xD;&#xA;&#x9;&#x9;scd.active_ind = 1&#xD;&#xA;&#xD;&#xA;JOIN se&#xD;&#xA;&#x9;WHERE&#xD;&#xA;&#x9;&#x9;se.shx_category_def_id = scd.shx_category_def_id&#xD;&#xA;&#x9;&#x9;AND&#xD;&#xA;&#x9;&#x9;se.input_type_cd =&#xD;&#xA;(select cv.code_value from code_value cv where cv.code_set = 4002169 AND (cv.cdf_meaning IN (&quot;COMBO&quot;,&quot;MULTILIST&quot;,&quot;RADIO&quot;,&quot;SNGLSELRADIO&quot;,&quot;CHECKBOXES&quot;)))&#xD;&#xA;&#xD;&#xA;JOIN dta&#xD;&#xA;&#x9;WHERE&#xD;&#xA;&#x9;&#x9;dta.task_assay_cd = se.task_assay_cd&#xD;&#xA;&#xD;&#xA;ORDER BY&#xD;&#xA;&#x9;scr.description,&#xD;&#xA;&#x9;dta.description"/>
        </arguments>
        <arguments xsi:type="EM:FixedListArgument" name="EVALUATION" dataType="CHARACTER" validationType="READ_ONLY" required="true">
          <defaultValue xsi:type="EM:StringValue" value="equal to"/>
          <stringTable>
            <column value="equal to"/>
            <column value="equal to"/>
          </stringTable>
        </arguments>
        <arguments xsi:type="EM:ReferentialArgument" name="VALUE1" dataType="CHARACTER" controlType="LISTBOX" validationType="READ_ONLY" required="true" dependency="SOCIAL_HISTORY_QUESTION" keyFieldIndex="2">
          <statements dependency="VALUE1" statement="SELECT distinct&#xD;&#xA;&#x9;VALUE1 = trim(n.source_string),&#xD;&#xA;&#x9;_HIDDEN_PAR = n.nomenclature_id&#xD;&#xA;&#x9;&#xD;&#xA;FROM&#xD;&#xA;&#x9;reference_range_factor&#x9;rrf,&#xD;&#xA;&#x9;alpha_responses&#x9;&#x9;&#x9;ar,&#xD;&#xA;&#x9;nomenclature&#x9;&#x9;&#x9;n&#xD;&#xA;&#x9;&#xD;&#xA;PLAN rrf&#xD;&#xA;&#x9;WHERE&#xD;&#xA;&#x9;&#x9;rrf.task_assay_cd = cnvtreal(PAR1)&#xD;&#xA;&#x9;&#x9;AND&#xD;&#xA;&#x9;&#x9;rrf.active_ind = 1&#xD;&#xA;&#xD;&#xA;JOIN ar&#xD;&#xA;&#x9;WHERE&#xD;&#xA;&#x9;&#x9;ar.reference_range_factor_id = rrf.reference_range_factor_id&#xD;&#xA;&#x9;&#x9;AND&#xD;&#xA;&#x9;&#x9;ar.active_ind = 1&#xD;&#xA;&#xD;&#xA;JOIN n&#xD;&#xA;&#x9;WHERE&#xD;&#xA;&#x9;&#x9;n.nomenclature_id = ar.nomenclature_id&#xD;&#xA;&#x9;&#x9;AND&#xD;&#xA;&#x9;&#x9;n.active_ind = 1&#xD;&#xA;&#xD;&#xA;ORDER BY&#xD;&#xA;&#x9;n.source_string"/>
        </arguments>
      </templateDefinitions>
    </evokeTemplates>
    <logicTemplates>
      <templateDefinitions xsi:type="EM:ExpertTemplate" name="HX_SOCIAL_FIND_RESULTA_L" definition="A result for SOCIAL_HISTORY_QUESTION exists that is EVALUATION VALUE1" description="A result for SOCIAL_HISTORY_QUESTION exists that is EVALUATION VALUE1" eventDependency="//@expertTemplates/@events/@event.2 //@expertTemplates/@events/@event.3 //@expertTemplates/@events/@event.4 //@expertTemplates/@events/@event.5 //@expertTemplates/@events/@event.8 //@expertTemplates/@events/@event.9 //@expertTemplates/@events/@event.10 //@expertTemplates/@events/@event.11 //@expertTemplates/@events/@event.16 //@expertTemplates/@events/@event.23 //@expertTemplates/@events/@event.32 //@expertTemplates/@events/@event.34 //@expertTemplates/@events/@event.36 //@expertTemplates/@events/@event.38 //@expertTemplates/@events/@event.39 //@expertTemplates/@events/@event.41 //@expertTemplates/@events/@event.49 //@expertTemplates/@events/@event.50 //@expertTemplates/@events/@event.51 //@expertTemplates/@events/@event.57 //@expertTemplates/@events/@event.58 //@expertTemplates/@events/@event.61 //@expertTemplates/@events/@event.72 //@expertTemplates/@events/@event.73">
        <keywords>HISTORIES</keywords>
        <arguments xsi:type="EM:ReferentialArgument" name="SOCIAL_HISTORY_QUESTION" dataType="CHARACTER" controlType="REFERENTIAL" validationType="READ_ONLY" required="true" keyFieldIndex="4">
          <statements dependency="SOCIAL_HISTORY_QUESTION" statement="SELECT&#xD;&#xA;&#x9;_HIDDEN_SOCIAL_HISTORY_QUESTION = concat(trim(dta.description),&quot; (&quot;,trim(scr.description),&quot;)&quot;),&#xD;&#xA;&#x9;CATEGORY = trim(scr.description),&#xD;&#xA;&#x9;DTA_DESCRIPTION = trim(dta.description),&#xD;&#xA;&#x9;_HIDDEN = dta.task_assay_cd&#xD;&#xA;&#x9;&#xD;&#xA;FROM&#xD;&#xA;&#x9;shx_category_ref&#x9;scr, &#xD;&#xA;&#x9;shx_category_def&#x9;scd,&#xD;&#xA;&#x9;shx_element&#x9;&#x9;&#x9;se,&#xD;&#xA;&#x9;discrete_task_assay&#x9;dta&#xD;&#xA;&#x9;&#xD;&#xA;PLAN scr&#xD;&#xA;&#xD;&#xA;JOIN scd&#xD;&#xA;&#x9;WHERE&#xD;&#xA;&#x9;&#x9;scd.shx_category_ref_id = scr.shx_category_ref_id&#xD;&#xA;&#x9;&#x9;AND&#xD;&#xA;&#x9;&#x9;scd.active_ind = 1&#xD;&#xA;&#xD;&#xA;JOIN se&#xD;&#xA;&#x9;WHERE&#xD;&#xA;&#x9;&#x9;se.shx_category_def_id = scd.shx_category_def_id&#xD;&#xA;&#x9;&#x9;AND&#xD;&#xA;&#x9;&#x9;se.input_type_cd =&#xD;&#xA;(select cv.code_value from code_value cv where cv.code_set = 4002169 AND (cv.cdf_meaning IN (&quot;COMBO&quot;,&quot;MULTILIST&quot;,&quot;RADIO&quot;,&quot;SNGLSELRADIO&quot;,&quot;CHECKBOXES&quot;)))&#xD;&#xA;&#xD;&#xA;JOIN dta&#xD;&#xA;&#x9;WHERE&#xD;&#xA;&#x9;&#x9;dta.task_assay_cd = se.task_assay_cd&#xD;&#xA;&#xD;&#xA;ORDER BY&#xD;&#xA;&#x9;scr.description,&#xD;&#xA;&#x9;dta.description"/>
        </arguments>
        <arguments xsi:type="EM:FixedListArgument" name="EVALUATION" dataType="CHARACTER" validationType="READ_ONLY" required="true">
          <defaultValue xsi:type="EM:StringValue" value="equal to"/>
          <stringTable>
            <column value="equal to"/>
            <column value="equal to"/>
          </stringTable>
        </arguments>
        <arguments xsi:type="EM:ReferentialArgument" name="VALUE1" dataType="CHARACTER" controlType="LISTBOX" validationType="READ_ONLY" required="true" dependency="SOCIAL_HISTORY_QUESTION" keyFieldIndex="2">
          <statements dependency="VALUE1" statement="SELECT distinct&#xD;&#xA;&#x9;VALUE1 = trim(n.source_string),&#xD;&#xA;&#x9;_HIDDEN_PAR = n.nomenclature_id&#xD;&#xA;&#x9;&#xD;&#xA;FROM&#xD;&#xA;&#x9;reference_range_factor&#x9;rrf,&#xD;&#xA;&#x9;alpha_responses&#x9;&#x9;&#x9;ar,&#xD;&#xA;&#x9;nomenclature&#x9;&#x9;&#x9;n&#xD;&#xA;&#x9;&#xD;&#xA;PLAN rrf&#xD;&#xA;&#x9;WHERE&#xD;&#xA;&#x9;&#x9;rrf.task_assay_cd = cnvtreal(PAR1)&#xD;&#xA;&#x9;&#x9;AND&#xD;&#xA;&#x9;&#x9;rrf.active_ind = 1&#xD;&#xA;&#xD;&#xA;JOIN ar&#xD;&#xA;&#x9;WHERE&#xD;&#xA;&#x9;&#x9;ar.reference_range_factor_id = rrf.reference_range_factor_id&#xD;&#xA;&#x9;&#x9;AND&#xD;&#xA;&#x9;&#x9;ar.active_ind = 1&#xD;&#xA;&#xD;&#xA;JOIN n&#xD;&#xA;&#x9;WHERE&#xD;&#xA;&#x9;&#x9;n.nomenclature_id = ar.nomenclature_id&#xD;&#xA;&#x9;&#x9;AND&#xD;&#xA;&#x9;&#x9;n.active_ind = 1&#xD;&#xA;&#xD;&#xA;ORDER BY&#xD;&#xA;&#x9;n.source_string"/>
        </arguments>
      </templateDefinitions>
      <templateDefinitions xsi:type="EM:ExpertTemplate" name="EKS_PROBLEMS_FIND_L" definition="OPT_PROBLEMS exist with OPT_QUALIFIER, OPT_CONFIRMATION, OPT_CLASSIFICATION, OPT_LIFE_CYCLE_STATUS, OPT_SEVERITY_CLASS, OPT_SEVERITY, OPT_COURSE for person LINK. Optionally narrow problem matching by limiting cross-mapping to OPT_CROSS_VOCABS vocabularies OPT_PERSON_ACTIVITY concepts on patient&#x2019;s profile and/or OPT_VOCAB_HIERARCHY hierarchy or ignoring concepts altogether OPT_IGNORE_CONCEPTS. Find all matches OPT_MATCH_ALL." description="Problem, attributes" eventDependency="//@expertTemplates/@events/@event.2 //@expertTemplates/@events/@event.3 //@expertTemplates/@events/@event.8 //@expertTemplates/@events/@event.9 //@expertTemplates/@events/@event.10 //@expertTemplates/@events/@event.11 //@expertTemplates/@events/@event.13 //@expertTemplates/@events/@event.16 //@expertTemplates/@events/@event.17 //@expertTemplates/@events/@event.22 //@expertTemplates/@events/@event.23 //@expertTemplates/@events/@event.36 //@expertTemplates/@events/@event.38 //@expertTemplates/@events/@event.39 //@expertTemplates/@events/@event.41 //@expertTemplates/@events/@event.42 //@expertTemplates/@events/@event.49 //@expertTemplates/@events/@event.50 //@expertTemplates/@events/@event.51 //@expertTemplates/@events/@event.55 //@expertTemplates/@events/@event.57 //@expertTemplates/@events/@event.61 //@expertTemplates/@events/@event.72 //@expertTemplates/@events/@event.73 //@expertTemplates/@events/@event.74 //@expertTemplates/@events/@event.75" optimizable="true" reconcilable="true">
        <keywords>PERSON</keywords>
        <arguments xsi:type="EM:ReferentialArgument" name="OPT_PROBLEMS" dataType="CHARACTER" controlType="NOMENCLATURE" reconcileScript="eks_p_nomen_recon 13" keyFieldIndex="2"/>
        <arguments xsi:type="EM:ReferentialArgument" name="OPT_QUALIFIER" dataType="CHARACTER" controlType="LISTBOX" validationType="READ_ONLY" optimizable="true" reconcileScript="eks_p_codeset_cki_refhelp &quot;29740&quot;,&quot;CDF&quot;,&quot;&quot;" keyFieldIndex="2">
          <statements dependency="OPT_QUALIFIER" statement="eks_codeset_cki_refhelp &quot;29740&quot;,&quot;CDF&quot;,&quot;&quot; go"/>
        </arguments>
        <arguments xsi:type="EM:ReferentialArgument" name="OPT_CONFIRMATION" dataType="CHARACTER" controlType="LISTBOX" validationType="READ_ONLY" optimizable="true" reconcileScript="eks_p_codeset_cki_refhelp &quot;12031&quot;,&quot;CDF&quot;,&quot;&quot;" keyFieldIndex="2">
          <statements dependency="OPT_CONFIRMATION" statement="eks_codeset_cki_refhelp &quot;12031&quot;,&quot;CDF&quot;,&quot;&quot; go"/>
        </arguments>
        <arguments xsi:type="EM:ReferentialArgument" name="OPT_CLASSIFICATION" dataType="CHARACTER" controlType="LISTBOX" validationType="READ_ONLY" optimizable="true" reconcileScript="eks_p_codeset_cki_refhelp &quot;12033&quot;,&quot;CDF&quot;,&quot;&quot;" keyFieldIndex="2">
          <statements dependency="OPT_CLASSIFICATION" statement="eks_codeset_cki_refhelp &quot;12033&quot;,&quot;CDF&quot;,&quot;&quot; go"/>
        </arguments>
        <arguments xsi:type="EM:ReferentialArgument" name="OPT_LIFE_CYCLE_STATUS" dataType="CHARACTER" controlType="LISTBOX" validationType="READ_ONLY" optimizable="true" reconcileScript="eks_p_codeset_cki_refhelp &quot;12030&quot;,&quot;CDF&quot;,&quot;&quot;" keyFieldIndex="2">
          <statements dependency="OPT_LIFE_CYCLE_STATUS" statement="eks_codeset_cki_refhelp &quot;12030&quot;,&quot;CDF&quot;,&quot;&quot; go"/>
        </arguments>
        <arguments xsi:type="EM:ReferentialArgument" name="OPT_SEVERITY_CLASS" dataType="CHARACTER" controlType="LISTBOX" validationType="READ_ONLY" optimizable="true" reconcileScript="eks_p_codeset_cki_refhelp &quot;29743&quot;,&quot;CDF&quot;,&quot;&quot;" keyFieldIndex="2">
          <statements dependency="OPT_SEVERITY_CLASS" statement="eks_codeset_cki_refhelp &quot;29743&quot;,&quot;CDF&quot;,&quot;&quot; go"/>
        </arguments>
        <arguments xsi:type="EM:ReferentialArgument" name="OPT_SEVERITY" dataType="CHARACTER" controlType="LISTBOX" validationType="READ_ONLY" optimizable="true" reconcileScript="eks_p_codeset_cki_refhelp &quot;12022&quot;,&quot;CDF&quot;,&quot;&quot;" keyFieldIndex="2">
          <statements dependency="OPT_SEVERITY" statement="eks_codeset_cki_refhelp &quot;12022&quot;,&quot;CDF&quot;,&quot;&quot; go"/>
        </arguments>
        <arguments xsi:type="EM:ReferentialArgument" name="OPT_COURSE" dataType="CHARACTER" controlType="LISTBOX" validationType="READ_ONLY" optimizable="true" reconcileScript="eks_p_codeset_cki_refhelp &quot;12039&quot;,&quot;CDF&quot;,&quot;&quot;" keyFieldIndex="2">
          <statements dependency="OPT_COURSE" statement="eks_codeset_cki_refhelp &quot;12039&quot;,&quot;CDF&quot;,&quot;&quot; go"/>
        </arguments>
        <arguments name="LINK" dataType="LINK" controlType="TEMPLATE_REFERENCE" required="true" reconcileScript="N/A"/>
        <arguments xsi:type="EM:ReferentialArgument" name="OPT_CROSS_VOCABS" dataType="CHARACTER" controlType="LISTBOX" validationType="READ_ONLY" optimizable="true" reconcileScript="eks_p_codeset_cki_refhelp &quot;400&quot;,&quot;CKI&quot;,&quot;*ALL,*NONE&quot;" keyFieldIndex="2">
          <statements dependency="OPT_CROSS_VOCABS" statement="eks_codeset_cki_refhelp &quot;400&quot;,&quot;CKI&quot;,&quot;*ALL,*NONE&quot; go"/>
        </arguments>
        <arguments xsi:type="EM:FixedListArgument" name="OPT_PERSON_ACTIVITY" dataType="CHARACTER" validationType="READ_ONLY" reconcileScript="N/A">
          <defaultValue xsi:type="EM:StringValue" value="Including"/>
          <stringTable>
            <column value="Including"/>
            <column value="Including cross map patient activity data"/>
          </stringTable>
          <stringTable>
            <column value="Excluding"/>
            <column value="Excluding cross map patient activity data"/>
          </stringTable>
        </arguments>
        <arguments xsi:type="EM:FixedListArgument" name="OPT_VOCAB_HIERARCHY" dataType="CHARACTER" validationType="READ_ONLY" reconcileScript="N/A">
          <defaultValue xsi:type="EM:StringValue" value="Include"/>
          <stringTable>
            <column value="Include"/>
            <column value="Include Hierarchy "/>
          </stringTable>
          <stringTable>
            <column value="Exclude"/>
            <column value="Exclude Hierarchy"/>
          </stringTable>
        </arguments>
        <arguments xsi:type="EM:FixedListArgument" name="OPT_IGNORE_CONCEPTS" dataType="CHARACTER" validationType="READ_ONLY" reconcileScript="N/A">
          <defaultValue xsi:type="EM:StringValue" value="NO"/>
          <stringTable>
            <column value="YES"/>
            <column value="ignore mapping Concept_CKI"/>
          </stringTable>
          <stringTable>
            <column value="NO"/>
            <column value="mapping Concept_CKI"/>
          </stringTable>
        </arguments>
        <arguments xsi:type="EM:FixedListArgument" name="OPT_MATCH_ALL" dataType="CHARACTER" validationType="READ_ONLY" reconcileScript="N/A">
          <defaultValue xsi:type="EM:StringValue" value="YES"/>
          <stringTable>
            <column value="YES"/>
            <column value="find ALL matched problem(s)"/>
          </stringTable>
          <stringTable>
            <column value="NO"/>
            <column value="find ONE matched problem"/>
          </stringTable>
        </arguments>
      </templateDefinitions>
    </logicTemplates>
    <actionTemplates>
      <templateDefinitions xsi:type="EM:ExpertTemplate" name="EKS_PROBLEMS_ADD_A" definition="Add PROBLEMS with OPT_QUALIFIER, CONFIRMATION, CLASSIFICATION, LIFE_CYCLE_STATUS, OPT_SEVERITY_CLASS, OPT_SEVERITY, OPT_COURSE, OPT_COMMENT  for person LINK.  " description="Add problem" eventDependency="//@expertTemplates/@events/@event.2 //@expertTemplates/@events/@event.3 //@expertTemplates/@events/@event.8 //@expertTemplates/@events/@event.9 //@expertTemplates/@events/@event.10 //@expertTemplates/@events/@event.11 //@expertTemplates/@events/@event.13 //@expertTemplates/@events/@event.16 //@expertTemplates/@events/@event.17 //@expertTemplates/@events/@event.22 //@expertTemplates/@events/@event.23 //@expertTemplates/@events/@event.36 //@expertTemplates/@events/@event.38 //@expertTemplates/@events/@event.39 //@expertTemplates/@events/@event.41 //@expertTemplates/@events/@event.42 //@expertTemplates/@events/@event.51 //@expertTemplates/@events/@event.55 //@expertTemplates/@events/@event.57 //@expertTemplates/@events/@event.61 //@expertTemplates/@events/@event.72 //@expertTemplates/@events/@event.73 //@expertTemplates/@events/@event.75" optimizable="true" reconcilable="true">
        <keywords>PERSON</keywords>
        <arguments xsi:type="EM:ReferentialArgument" name="PROBLEMS" dataType="CHARACTER" controlType="NOMENCLATURE" required="true" reconcileScript="eks_p_nomen_recon 0" keyFieldIndex="2"/>
        <arguments xsi:type="EM:ReferentialArgument" name="OPT_QUALIFIER" dataType="CHARACTER" controlType="REFERENTIAL" validationType="REFERENTIAL" optimizable="true" reconcileScript="eks_p_codeset_cki_refhelp &quot;29740&quot;,&quot;CDF&quot;,&quot;&quot;" keyFieldIndex="2">
          <statements dependency="OPT_QUALIFIER" statement="eks_codeset_cki_refhelp &quot;29740&quot;,&quot;CDF&quot;,&quot;&quot; go"/>
        </arguments>
        <arguments xsi:type="EM:ReferentialArgument" name="CONFIRMATION" dataType="CHARACTER" controlType="REFERENTIAL" validationType="REFERENTIAL" required="true" optimizable="true" reconcileScript="eks_p_codeset_cki_refhelp &quot;12031&quot;,&quot;&quot;,&quot;&quot;" keyFieldIndex="2">
          <statements dependency="CONFIRMATION" statement="eks_codeset_cki_refhelp &quot;12031&quot;,&quot;&quot;,&quot;&quot; go"/>
        </arguments>
        <arguments xsi:type="EM:ReferentialArgument" name="CLASSIFICATION" dataType="CHARACTER" controlType="REFERENTIAL" validationType="REFERENTIAL" required="true" optimizable="true" reconcileScript="eks_p_codeset_cki_refhelp &quot;12033&quot;,&quot;&quot;,&quot;&quot;" keyFieldIndex="2">
          <statements dependency="CLASSIFICATION" statement="eks_codeset_cki_refhelp &quot;12033&quot;,&quot;&quot;,&quot;&quot; go"/>
        </arguments>
        <arguments xsi:type="EM:ReferentialArgument" name="LIFE_CYCLE_STATUS" dataType="CHARACTER" controlType="REFERENTIAL" validationType="REFERENTIAL" required="true" optimizable="true" reconcileScript="eks_p_codeset_cki_refhelp &quot;12030&quot;,&quot;&quot;,&quot;&quot;" keyFieldIndex="2">
          <statements dependency="LIFE_CYCLE_STATUS" statement="eks_codeset_cki_refhelp &quot;12030&quot;,&quot;&quot;,&quot;&quot; go"/>
        </arguments>
        <arguments xsi:type="EM:ReferentialArgument" name="OPT_SEVERITY_CLASS" dataType="CHARACTER" controlType="REFERENTIAL" validationType="REFERENTIAL" optimizable="true" reconcileScript="eks_p_codeset_cki_refhelp &quot;29743&quot;,&quot;&quot;,&quot;&quot;" keyFieldIndex="2">
          <statements dependency="OPT_SEVERITY_CLASS" statement="eks_codeset_cki_refhelp &quot;29743&quot;,&quot;&quot;,&quot;&quot; go"/>
        </arguments>
        <arguments xsi:type="EM:ReferentialArgument" name="OPT_SEVERITY" dataType="CHARACTER" controlType="REFERENTIAL" validationType="REFERENTIAL" dependency="OPT_SEVERITY_CLASS" optimizable="true" reconcileScript="eks_p_codeset_cki_refhelp &quot;12022&quot;,&quot;&quot;,&quot;&quot;" keyFieldIndex="2">
          <statements dependency="OPT_SEVERITY" statement="eks_code_value_group_refhelp PAR1, &quot;&quot;, &quot;OPT_SEVERITY_CLASS&quot;, &quot;&quot; go"/>
        </arguments>
        <arguments xsi:type="EM:ReferentialArgument" name="OPT_COURSE" dataType="CHARACTER" controlType="REFERENTIAL" validationType="REFERENTIAL" optimizable="true" reconcileScript="eks_p_codeset_cki_refhelp &quot;12039&quot;,&quot;&quot;,&quot;&quot;" keyFieldIndex="2">
          <statements dependency="OPT_COURSE" statement="eks_codeset_cki_refhelp &quot;12039&quot;,&quot;&quot;,&quot;&quot; go"/>
        </arguments>
        <arguments name="OPT_COMMENT" dataType="CHARACTER" controlType="TEXT_MULTI_LINE" reconcileScript="N/A"/>
        <arguments name="LINK" dataType="LINK" controlType="TEMPLATE_REFERENCE" required="true" reconcileScript="N/A"/>
      </templateDefinitions>
    </actionTemplates>
  </expertTemplates>
  <ruleDefinition>
    <evokeSection>
      <evokes evokeEvent="//@expertTemplates/@events/@event.72">
        <logicExpression xsi:type="EM:Antecedent" id="E1" template="HX_SOCIAL_EVAL_RESULTA_E">
          <facts argument="SOCIAL_HISTORY_QUESTION">
            <value xsi:type="EM:ListValue">
              <values xsi:type="EM:ListValue">
                <values xsi:type="EM:CustomValue" hideDisplay="true">
                  <customValue xsi:type="EM:StringValue" value="4625825.00"/>
                </values>
                <values xsi:type="EM:StringValue" value="Use: (Tobacco)"/>
              </values>
            </value>
          </facts>
          <facts argument="EVALUATION">
            <value xsi:type="EM:StringValue" value="equal to"/>
          </facts>
          <facts argument="VALUE1">
            <value xsi:type="EM:ListValue">
              <values xsi:type="EM:ListValue">
                <values xsi:type="EM:CustomValue" hideDisplay="true">
                  <customValue xsi:type="EM:StringValue" value="292553068.00"/>
                </values>
                <values xsi:type="EM:StringValue" value="Current everyday tobacco user"/>
              </values>
              <values xsi:type="EM:ListValue">
                <values xsi:type="EM:CustomValue" hideDisplay="true">
                  <customValue xsi:type="EM:StringValue" value="293225198.00"/>
                </values>
                <values xsi:type="EM:StringValue" value="Current some day tobacco user"/>
              </values>
            </value>
          </facts>
        </logicExpression>
      </evokes>
    </evokeSection>
    <logicSection>
      <logicExpression xsi:type="EM:InfixExpression">
        <leftExpression xsi:type="EM:Antecedent" id="L1" template="HX_SOCIAL_FIND_RESULTA_L">
          <facts argument="SOCIAL_HISTORY_QUESTION">
            <value xsi:type="EM:ListValue">
              <values xsi:type="EM:ListValue">
                <values xsi:type="EM:CustomValue" hideDisplay="true">
                  <customValue xsi:type="EM:StringValue" value="4625825.00"/>
                </values>
                <values xsi:type="EM:StringValue" value="Use: (Tobacco)"/>
              </values>
            </value>
          </facts>
          <facts argument="EVALUATION">
            <value xsi:type="EM:StringValue" value="equal to"/>
          </facts>
          <facts argument="VALUE1">
            <value xsi:type="EM:ListValue">
              <values xsi:type="EM:ListValue">
                <values xsi:type="EM:CustomValue" hideDisplay="true">
                  <customValue xsi:type="EM:StringValue" value="292553068.00"/>
                </values>
                <values xsi:type="EM:StringValue" value="Current everyday tobacco user"/>
              </values>
              <values xsi:type="EM:ListValue">
                <values xsi:type="EM:CustomValue" hideDisplay="true">
                  <customValue xsi:type="EM:StringValue" value="293225198.00"/>
                </values>
                <values xsi:type="EM:StringValue" value="Current some day tobacco user"/>
              </values>
            </value>
          </facts>
        </leftExpression>
        <rightExpression xsi:type="EM:PrefixExpression">
          <expression xsi:type="EM:Antecedent" id="L2" template="EKS_PROBLEMS_FIND_L">
            <facts argument="OPT_PROBLEMS">
              <value xsi:type="EM:ListValue">
                <values xsi:type="EM:ListValue">
                  <values xsi:type="EM:CustomValue" hideDisplay="true">
                    <customValue xsi:type="EM:StringValue" value="22058869.00NOMEN:SNOMED!110483000"/>
                  </values>
                  <values xsi:type="EM:StringValue" value="Tobacco use"/>
                  <values xsi:type="EM:ListValue">
                    <values xsi:type="EM:CustomValue" hideDisplay="true">
                      <customValue xsi:type="EM:StringValue" value="Finding&#xA;2923440014&#xA;SNOMED CT&#xA;SNOMED!110483000&#xA;&#xA;&#xA;0.0&#xA;null"/>
                    </values>
                  </values>
                </values>
              </value>
            </facts>
            <facts argument="OPT_QUALIFIER">
              <value xsi:type="EM:StringValue"/>
            </facts>
            <facts argument="OPT_CONFIRMATION">
              <value xsi:type="EM:StringValue"/>
            </facts>
            <facts argument="OPT_CLASSIFICATION">
              <value xsi:type="EM:StringValue"/>
            </facts>
            <facts argument="OPT_LIFE_CYCLE_STATUS">
              <value xsi:type="EM:StringValue"/>
            </facts>
            <facts argument="OPT_SEVERITY_CLASS">
              <value xsi:type="EM:StringValue"/>
            </facts>
            <facts argument="OPT_SEVERITY">
              <value xsi:type="EM:StringValue"/>
            </facts>
            <facts argument="OPT_COURSE">
              <value xsi:type="EM:StringValue"/>
            </facts>
            <facts argument="LINK">
              <value xsi:type="EM:AntecedentReference" antecedent="//@ruleDefinition/@logicSection/@logicExpression/@leftExpression"/>
            </facts>
            <facts argument="OPT_CROSS_VOCABS">
              <value xsi:type="EM:StringValue"/>
            </facts>
            <facts argument="OPT_PERSON_ACTIVITY">
              <value xsi:type="EM:StringValue" value="Including"/>
            </facts>
            <facts argument="OPT_VOCAB_HIERARCHY">
              <value xsi:type="EM:StringValue" value="Include"/>
            </facts>
            <facts argument="OPT_IGNORE_CONCEPTS">
              <value xsi:type="EM:StringValue" value="NO"/>
            </facts>
            <facts argument="OPT_MATCH_ALL">
              <value xsi:type="EM:StringValue" value="YES"/>
            </facts>
          </expression>
        </rightExpression>
      </logicExpression>
    </logicSection>
    <actionSection>
      <action xsi:type="EM:ActionExpression">
        <logicExpression xsi:type="EM:Antecedent" id="A1" template="EKS_PROBLEMS_ADD_A">
          <facts argument="PROBLEMS">
            <value xsi:type="EM:ListValue">
              <values xsi:type="EM:ListValue">
                <values xsi:type="EM:CustomValue" hideDisplay="true">
                  <customValue xsi:type="EM:StringValue" value="22058869.00NOMEN:SNOMED!110483000"/>
                </values>
                <values xsi:type="EM:StringValue" value="Tobacco use"/>
                <values xsi:type="EM:ListValue">
                  <values xsi:type="EM:CustomValue" hideDisplay="true">
                    <customValue xsi:type="EM:StringValue" value="Finding&#xA;2923440014&#xA;SNOMED CT&#xA;SNOMED!110483000&#xA;&#xA;&#xA;0.0&#xA;null"/>
                  </values>
                </values>
              </values>
            </value>
          </facts>
          <facts argument="OPT_QUALIFIER">
            <value xsi:type="EM:StringValue"/>
          </facts>
          <facts argument="CONFIRMATION">
            <value xsi:type="EM:ListValue">
              <values xsi:type="EM:ListValue">
                <values xsi:type="EM:CustomValue" hideDisplay="true">
                  <customValue xsi:type="EM:StringValue" value="3305"/>
                </values>
                <values xsi:type="EM:StringValue" value="Confirmed"/>
              </values>
            </value>
          </facts>
          <facts argument="CLASSIFICATION">
            <value xsi:type="EM:ListValue">
              <values xsi:type="EM:ListValue">
                <values xsi:type="EM:CustomValue" hideDisplay="true">
                  <customValue xsi:type="EM:StringValue" value="19117450"/>
                </values>
                <values xsi:type="EM:StringValue" value="Patient Stated"/>
              </values>
            </value>
          </facts>
          <facts argument="LIFE_CYCLE_STATUS">
            <value xsi:type="EM:ListValue">
              <values xsi:type="EM:ListValue">
                <values xsi:type="EM:CustomValue" hideDisplay="true">
                  <customValue xsi:type="EM:StringValue" value="3301"/>
                </values>
                <values xsi:type="EM:StringValue" value="Active"/>
              </values>
            </value>
          </facts>
          <facts argument="OPT_SEVERITY_CLASS">
            <value xsi:type="EM:StringValue"/>
          </facts>
          <facts argument="OPT_SEVERITY">
            <value xsi:type="EM:StringValue"/>
          </facts>
          <facts argument="OPT_COURSE">
            <value xsi:type="EM:StringValue"/>
          </facts>
          <facts argument="OPT_COMMENT">
            <value xsi:type="EM:StringValue"/>
          </facts>
          <facts argument="LINK">
            <value xsi:type="EM:AntecedentReference" antecedent="//@ruleDefinition/@logicSection/@logicExpression/@leftExpression"/>
          </facts>
        </logicExpression>
      </action>
    </actionSection>
  </ruleDefinition>
</EM:ExpertModule>
