<?xml version="1.0" encoding="ASCII"?>
<EM:ExpertModule xmi:version="2.0" xmlns:xmi="http://www.omg.org/XMI" xmlns:xsi="http://www.w3.org/2001/XMLSchema-instance" xmlns:EM="http:///com.cerner.expert/expertmodule/1.0.0" moduleName="COV_SZ_IMPAIRMENTS">
  <information>
    <runtimeInformation versionString="001.009" externalFileName="COV_SZ_IMPAIRMENTS" lastUpdated="2021-04-27T11:17:32.000-0400" validtionType="PRODUCTION" title="COV_SZ_IMPAIRMENTS" reconcileFlag="3" reconcileDate="2021-04-27T11:17:32.000-0400">
      <duration start="2020-01-10T00:00:00.000-0500" end="2032-02-12T23:59:59.000-0500"/>
      <updateUser userName="TANNER, MITCHELL"/>
    </runtimeInformation>
    <documentation author="ccummin4" institution="" specialist=""/>
  </information>
  <expertTemplates>
    <events>
      <event name=""/>
      <event name="ADDPROBLEM"/>
      <event name="ADDTOSCRATCHPAD"/>
      <event name="ALLERGY_EVENT"/>
      <event name="AP_ORDER_EVENT"/>
      <event name="BB_RESULT_EVENT"/>
      <event name="CBTFLEXORDERS"/>
      <event name="CHART_SERVER_EVENT"/>
      <event name="CLINICALTRIALSCREEN"/>
      <event name="CLINICAL_EVENT"/>
      <event name="CLOSECHART"/>
      <event name="COLLECTION_EVENT"/>
      <event name="DCP_CN_TASK_UPD"/>
      <event name="DCP_MODTASK_EVENT"/>
      <event name="DCP_PW_COND"/>
      <event name="DCP_PW_OUTCOME_EVENT"/>
      <event name="DIAGNOSIS_EVENT"/>
      <event name="EKS_FORMAT"/>
      <event name="EKS_SYNC_TEST01"/>
      <event name="EKS_TEST_02"/>
      <event name="EKS_TEST_EVENT"/>
      <event name="EKS_TEST_EVENT01"/>
      <event name="ENSURE_EVENT"/>
      <event name="EXPERT_EVENT"/>
      <event name="HEALTHE_EVENT"/>
      <event name="HEALTH_MAINT_QUAL_EVENT"/>
      <event name="HIM_ADD_REQUEST"/>
      <event name="HIM_ADMIT_EVENT"/>
      <event name="HIM_PATIENT_INFO_REQUEST"/>
      <event name="HIM_TEST_EVENT"/>
      <event name="HL7_EVENT"/>
      <event name="MB_EXPEDITE"/>
      <event name="MB_RESULT_EVENT"/>
      <event name="MB_SCRIPTED_WORKUPS"/>
      <event name="MB_SUSCEPTIBILITY"/>
      <event name="MDI_RESULT_EVENT"/>
      <event name="MEDCHARTACTIVATE"/>
      <event name="MPI_ADT"/>
      <event name="OPENCHART"/>
      <event name="ORDER_EVENT"/>
      <event name="ORDER_PRO_TEST1"/>
      <event name="PATIENT_EVENT"/>
      <event name="PCA_EXPERT_EVENT"/>
      <event name="Person_Transaction"/>
      <event name="PFT_Add_Account"/>
      <event name="PFT_ADJ_WO"/>
      <event name="PFT_CHARGE_EVENT"/>
      <event name="pft_check_amount"/>
      <event name="PFT_VEHICLE"/>
      <event name="PNTFLEXREFRANGE"/>
      <event name="POWERPLANFLEX"/>
      <event name="PROBLEM_EVENT"/>
      <event name="PROFIT_1450_CLAIM_EVENT"/>
      <event name="PROFIT_1500_CLAIM_EVENT"/>
      <event name="PROVIDER_CHG_EVENT"/>
      <event name="PROVIDE_EVENT"/>
      <event name="PWRCHRT_ADD_ORDER"/>
      <event name="RESULT_EVENT"/>
      <event name="RESULT_EVENT_CSM"/>
      <event name="RESULT_EVENT_TEST"/>
      <event name="SCH_ACTION_EVENT"/>
      <event name="SIGNORDER"/>
      <event name="SN New Pref Card Created"/>
      <event name="SN_CASE_CHECK_IN_EVENT"/>
      <event name="SN_CASE_EVENT"/>
      <event name="SN_CASE_SCHEDULE_EVENT"/>
      <event name="SN_DOCUMENT_OPEN"/>
      <event name="SN_DOCUMENT_STATE"/>
      <event name="SN_FINALIZE_DOC_EVENT"/>
      <event name="SN_PROCEDURE_SCHEDULE"/>
      <event name="SN_SAVE_PROCEDURE"/>
      <event name="SN_TEST_EVENT"/>
      <event name="SOCIAL_HISTORY_ADD"/>
      <event name="SYNCHEVENT"/>
      <event name="TOCFLEX"/>
      <event name="TOUCHOPENCHART"/>
    </events>
    <evokeTemplates>
      <templateDefinitions xsi:type="EM:ExpertTemplate" name="EKS_CE_RESULTA_EVAL_E" definition="the triggering request contains a STATUS result for EVENT_SET_NAME that is EVALUATION VALUE1" description="Alpha results" eventDependency="//@expertTemplates/@events/@event.9" optimizable="true" reconcilable="true">
        <keywords>CLINICALEVENT</keywords>
        <arguments xsi:type="EM:ReferentialArgument" name="STATUS" dataType="CHARACTER" controlType="LISTBOX" validationType="READ_ONLY" required="true" optimizable="true" reconcileScript="eks_p_codeset_cki_refhelp  &quot;8&quot;,&quot;CKI&quot;,&quot;*ANY_STATUS&quot;" keyFieldIndex="2">
          <statements dependency="STATUS" statement="eks_codeset_cki_refhelp &quot;8&quot;,&quot;CKI&quot;,&quot;*ANY_STATUS&quot; go"/>
        </arguments>
        <arguments xsi:type="EM:ReferentialArgument" name="EVENT_SET_NAME" dataType="CHARACTER" controlType="LISTBOX" validationType="READ_ONLY" required="true" optimizable="true" reconcileScript="eks_p_event_set_name" keyFieldIndex="2">
          <statements dependency="EVENT_SET_NAME" statement="EKS_ABC_REFHELP &quot;ANY&quot; GO"/>
          <statements dependency="EVENT_SET_NAME" statement="eks_event_set_name_refhelp PAR1, &quot;EVENT_SET&quot; go"/>
        </arguments>
        <arguments xsi:type="EM:FixedListArgument" name="EVALUATION" dataType="CHARACTER" validationType="READ_ONLY" required="true" reconcileScript="N/A">
          <stringTable>
            <column value="EQUAL TO"/>
            <column value="alpha or numeric"/>
          </stringTable>
          <stringTable>
            <column value="NOT EQUAL TO"/>
            <column value="alpha or numeric"/>
          </stringTable>
        </arguments>
        <arguments xsi:type="EM:ReferentialArgument" name="VALUE1" dataType="CHARACTER" controlType="LISTBOX" validationType="READ_ONLY" required="true" reconcileScript="N/A">
          <statements dependency="VALUE1" statement="EKS_ABC_REFHELP &quot; &quot; GO"/>
          <statements dependency="VALUE1" statement="SELECT&#xD;&#xA; IF (PAR1=&quot;ALL&quot;)&#xD;&#xA;  from nomenclature n,code_value cv&#xD;&#xA;  plan cv where cv.code_set=401 and cv.cdf_meaning =&quot;ALPHA RESPON&quot;&#xD;&#xA;  join n where n.active_ind=1 and n.principle_type_cd=cv.code_value&#xD;&#xA;   and n.beg_effective_dt_tm &lt;= cnvtdatetime(curdate, curtime3)&#xD;&#xA;   and n.end_effective_dt_tm >= cnvtdatetime(curdate, curtime3)&#xD;&#xA;   and n.source_string != &quot; &quot;&#xD;&#xA; ELSEIF (PAR1 != &quot;OTHER&quot;) &#xD;&#xA;  from nomenclature n,code_value cv&#xD;&#xA;  plan cv where cv.code_set=401 and cv.cdf_meaning =&quot;ALPHA RESPON&quot;&#xD;&#xA;  join n where n.active_ind=1 and n.principle_type_cd=cv.code_value&#xD;&#xA;   and n.beg_effective_dt_tm &lt;= cnvtdatetime(curdate, curtime3)&#xD;&#xA;   and n.end_effective_dt_tm >= cnvtdatetime(curdate, curtime3)&#xD;&#xA;   and n.source_string != &quot; &quot;&#xD;&#xA;   and CNVTUPPER(n.source_string)=PATSTRING(CONCAT(cnvtupper(PAR1),&quot;*&quot;))    &#xD;&#xA; ELSE&#xD;&#xA;  from nomenclature n,code_value cv&#xD;&#xA;  plan cv where cv.code_set=401 and cv.cdf_meaning =&quot;ALPHA RESPON&quot;&#xD;&#xA;  join n where n.active_ind=1 and n.principle_type_cd=cv.code_value&#xD;&#xA;   and n.beg_effective_dt_tm &lt;= cnvtdatetime(curdate, curtime3)&#xD;&#xA;   and n.end_effective_dt_tm >= cnvtdatetime(curdate, curtime3)&#xD;&#xA;   and n.source_string != &quot; &quot;&#xD;&#xA;   and  CNVTUPPER(substring(1,1,n.source_string)) NOT BETWEEN &quot;0&quot; AND &quot;Z&quot;&#xD;&#xA; ENDIF&#xD;&#xA;STRING = n.source_string&#xD;&#xA;ORDER cnvtupper(n.source_string)"/>
        </arguments>
      </templateDefinitions>
      <templateDefinitions xsi:type="EM:ExpertTemplate" name="EKS_DEBUGEKM_E" definition="Turn debug messaging DEBUG_STATUS" description="Turn debug messaging on or off" eventDependency="//@expertTemplates/@events/@event.1 //@expertTemplates/@events/@event.2 //@expertTemplates/@events/@event.3 //@expertTemplates/@events/@event.4 //@expertTemplates/@events/@event.5 //@expertTemplates/@events/@event.8 //@expertTemplates/@events/@event.9 //@expertTemplates/@events/@event.10 //@expertTemplates/@events/@event.11 //@expertTemplates/@events/@event.13 //@expertTemplates/@events/@event.16 //@expertTemplates/@events/@event.23 //@expertTemplates/@events/@event.26 //@expertTemplates/@events/@event.27 //@expertTemplates/@events/@event.28 //@expertTemplates/@events/@event.31 //@expertTemplates/@events/@event.32 //@expertTemplates/@events/@event.33 //@expertTemplates/@events/@event.34 //@expertTemplates/@events/@event.36 //@expertTemplates/@events/@event.38 //@expertTemplates/@events/@event.39 //@expertTemplates/@events/@event.41 //@expertTemplates/@events/@event.42 //@expertTemplates/@events/@event.45 //@expertTemplates/@events/@event.44 //@expertTemplates/@events/@event.48 //@expertTemplates/@events/@event.49 //@expertTemplates/@events/@event.50 //@expertTemplates/@events/@event.51 //@expertTemplates/@events/@event.55 //@expertTemplates/@events/@event.57 //@expertTemplates/@events/@event.58 //@expertTemplates/@events/@event.61 //@expertTemplates/@events/@event.62 //@expertTemplates/@events/@event.63 //@expertTemplates/@events/@event.64 //@expertTemplates/@events/@event.65 //@expertTemplates/@events/@event.66 //@expertTemplates/@events/@event.67 //@expertTemplates/@events/@event.68 //@expertTemplates/@events/@event.69 //@expertTemplates/@events/@event.70 //@expertTemplates/@events/@event.72 //@expertTemplates/@events/@event.73 //@expertTemplates/@events/@event.74 //@expertTemplates/@events/@event.75 //@expertTemplates/@events/@event.47" reconcilable="true" alwaysTrue="true">
        <keywords>UTILITY</keywords>
        <arguments xsi:type="EM:ReferentialArgument" name="DEBUG_STATUS" dataType="CHARACTER" controlType="REFERENTIAL" validationType="READ_ONLY" required="true" reconcileScript="N/A" keyFieldIndex="2">
          <statements dependency="DEBUG_STATUS" statement="select debug_status = if (d.seq =  1) &quot;On for subsequent Evoke Templates&quot;&#xD;&#xA; elseif (d.seq = 2) &quot;Off for subsequent Evoke Templates&quot;&#xD;&#xA; elseif (d.seq = 3) &quot;On for all Logic Templates&quot;&#xD;&#xA; elseif (d.seq = 4) &quot;On for all Action Templates&quot;&#xD;&#xA; elseif (d.seq = 5) &quot;On for all Logic and Action Templates&quot;&#xD;&#xA; elseif (d.seq = 6) &quot;To FullAudit for this module only&quot;&#xD;&#xA; elseif (d.seq = 7) &quot;Additional EKSDATA logging&quot;&#xD;&#xA;ENDIF,&#xD;&#xA;_hidden = if (d.seq = 1) 1&#xD;&#xA; elseif (d.seq=2) 0&#xD;&#xA; elseif (d.seq=3) 2&#xD;&#xA; elseif (d.seq=4) 3&#xD;&#xA; elseif (d.seq=5) 4&#xD;&#xA; elseif (d.seq=6) 5&#xD;&#xA; elseif (d.seq=7) 6&#xD;&#xA;endif&#xD;&#xA;&#xD;&#xA;FROM (DUMMYT D WITH SEQ = VALUE(7))"/>
        </arguments>
      </templateDefinitions>
    </evokeTemplates>
    <logicTemplates>
      <templateDefinitions xsi:type="EM:ExpertTemplate" name="EKS_STOP_LOGIC_L" definition="the following templates are false, MODE logic evaluation" description="Used to control efficiency of Action Group rules" eventDependency="//@expertTemplates/@events/@event.1 //@expertTemplates/@events/@event.2 //@expertTemplates/@events/@event.3 //@expertTemplates/@events/@event.5 //@expertTemplates/@events/@event.8 //@expertTemplates/@events/@event.9 //@expertTemplates/@events/@event.10 //@expertTemplates/@events/@event.11 //@expertTemplates/@events/@event.13 //@expertTemplates/@events/@event.16 //@expertTemplates/@events/@event.23 //@expertTemplates/@events/@event.32 //@expertTemplates/@events/@event.36 //@expertTemplates/@events/@event.38 //@expertTemplates/@events/@event.39 //@expertTemplates/@events/@event.41 //@expertTemplates/@events/@event.42 //@expertTemplates/@events/@event.49 //@expertTemplates/@events/@event.50 //@expertTemplates/@events/@event.51 //@expertTemplates/@events/@event.55 //@expertTemplates/@events/@event.57 //@expertTemplates/@events/@event.58 //@expertTemplates/@events/@event.61 //@expertTemplates/@events/@event.72 //@expertTemplates/@events/@event.73 //@expertTemplates/@events/@event.74 //@expertTemplates/@events/@event.75" reconcilable="true" alwaysTrue="true">
        <keywords>UTILITY</keywords>
        <arguments xsi:type="EM:FixedListArgument" name="MODE" dataType="CHARACTER" validationType="READ_ONLY" reconcileScript="N/A">
          <defaultValue xsi:type="EM:StringValue" value="STOP"/>
          <stringTable>
            <column value="STOP"/>
            <column value=" "/>
          </stringTable>
          <stringTable>
            <column value="CONTINUE"/>
            <column value=" "/>
          </stringTable>
        </arguments>
      </templateDefinitions>
      <templateDefinitions xsi:type="EM:ExpertTemplate" name="EKS_LOGIC_TRUE" definition="LOGIC is true" description="Always true" eventDependency="//@expertTemplates/@events/@event.1 //@expertTemplates/@events/@event.2 //@expertTemplates/@events/@event.3 //@expertTemplates/@events/@event.8 //@expertTemplates/@events/@event.9 //@expertTemplates/@events/@event.10 //@expertTemplates/@events/@event.11 //@expertTemplates/@events/@event.13 //@expertTemplates/@events/@event.16 //@expertTemplates/@events/@event.23 //@expertTemplates/@events/@event.24 //@expertTemplates/@events/@event.36 //@expertTemplates/@events/@event.38 //@expertTemplates/@events/@event.39 //@expertTemplates/@events/@event.41 //@expertTemplates/@events/@event.42 //@expertTemplates/@events/@event.49 //@expertTemplates/@events/@event.50 //@expertTemplates/@events/@event.51 //@expertTemplates/@events/@event.55 //@expertTemplates/@events/@event.57 //@expertTemplates/@events/@event.58 //@expertTemplates/@events/@event.60 //@expertTemplates/@events/@event.61 //@expertTemplates/@events/@event.72 //@expertTemplates/@events/@event.73 //@expertTemplates/@events/@event.74 //@expertTemplates/@events/@event.75" reconcilable="true" alwaysTrue="true">
        <keywords>UTILITY</keywords>
        <arguments name="LOGIC" dataType="CHARACTER" reconcileScript="N/A">
          <defaultValue xsi:type="EM:StringValue" value="@quot;LOGIC@quot;"/>
        </arguments>
      </templateDefinitions>
      <templateDefinitions xsi:type="EM:ExpertTemplate" name="PHI_FIND_PASSIVE_ALERT" definition="Patient has Alert with text ALERT_TEXT, SEARCH_OPTION" description="Finds if a particular alert text for the patient exists" eventDependency="//@expertTemplates/@events/@event.3 //@expertTemplates/@events/@event.5 //@expertTemplates/@events/@event.9 //@expertTemplates/@events/@event.11 //@expertTemplates/@events/@event.16 //@expertTemplates/@events/@event.23 //@expertTemplates/@events/@event.39 //@expertTemplates/@events/@event.41 //@expertTemplates/@events/@event.51 //@expertTemplates/@events/@event.57 //@expertTemplates/@events/@event.72">
        <keywords></keywords>
        <arguments name="ALERT_TEXT" dataType="CHARACTER" validationType="MAX_LENGTH" required="true"/>
        <arguments xsi:type="EM:FixedListArgument" name="SEARCH_OPTION" dataType="CHARACTER" validationType="READ_ONLY">
          <defaultValue xsi:type="EM:StringValue" value="EXACT"/>
          <stringTable>
            <column value="EXACT"/>
            <column value="Alert text containing the exact text"/>
          </stringTable>
          <stringTable>
            <column value="STARTS_WITH"/>
            <column value="Alert text that starts with"/>
          </stringTable>
        </arguments>
      </templateDefinitions>
      <templateDefinitions xsi:type="EM:ExpertTemplate" name="EKS_CE_RESULTA_INCOMING_REQ_L" definition="the triggering request contains a STATUS result for EVENT_SET_NAME that is EVALUATION VALUE1" description="Incoming alpha result value, status" eventDependency="//@expertTemplates/@events/@event.9" optimizable="true" reconcilable="true">
        <keywords>CLINICALEVENT</keywords>
        <arguments xsi:type="EM:ReferentialArgument" name="STATUS" dataType="CHARACTER" controlType="LISTBOX" validationType="READ_ONLY" required="true" optimizable="true" reconcileScript="eks_p_codeset_cki_refhelp &quot;8&quot;,&quot;CKI&quot;,&quot;*ANY_STATUS&quot;" keyFieldIndex="2">
          <statements dependency="STATUS" statement="eks_codeset_cki_refhelp &quot;8&quot;,&quot;CKI&quot;,&quot;*ANY_STATUS&quot; go"/>
        </arguments>
        <arguments xsi:type="EM:ReferentialArgument" name="EVENT_SET_NAME" dataType="CHARACTER" controlType="LISTBOX" validationType="READ_ONLY" required="true" optimizable="true" reconcileScript="eks_p_event_set_name" keyFieldIndex="2">
          <statements dependency="EVENT_SET_NAME" statement="EKS_ABC_REFHELP &quot;ANY&quot; GO"/>
          <statements dependency="EVENT_SET_NAME" statement="eks_event_set_name_refhelp PAR1, &quot;EVENT_SET&quot; go"/>
        </arguments>
        <arguments xsi:type="EM:FixedListArgument" name="EVALUATION" dataType="CHARACTER" validationType="READ_ONLY" required="true" reconcileScript="N/A">
          <stringTable>
            <column value="equal to"/>
            <column value="alpha"/>
          </stringTable>
          <stringTable>
            <column value="not equal to"/>
            <column value="alpha"/>
          </stringTable>
        </arguments>
        <arguments xsi:type="EM:ReferentialArgument" name="VALUE1" dataType="CHARACTER" controlType="LISTBOX" validationType="READ_ONLY" required="true" reconcileScript="N/A">
          <statements dependency="VALUE1" statement="EKS_ABC_REFHELP &quot; &quot; GO"/>
          <statements dependency="VALUE1" statement="SELECT&#xD;&#xA; IF (PAR1=&quot;ALL&quot;)&#xD;&#xA;  from nomenclature n,code_value cv&#xD;&#xA;  plan cv where cv.code_set=401 and cv.cdf_meaning =&quot;ALPHA RESPON&quot;&#xD;&#xA;  join n where n.active_ind=1 and n.principle_type_cd=cv.code_value&#xD;&#xA;   and n.beg_effective_dt_tm &lt;= cnvtdatetime(curdate, curtime3)&#xD;&#xA;   and n.end_effective_dt_tm >= cnvtdatetime(curdate, curtime3)&#xD;&#xA;   and n.source_string != &quot; &quot;&#xD;&#xA; ELSEIF (PAR1 != &quot;OTHER&quot;) &#xD;&#xA;  from nomenclature n,code_value cv&#xD;&#xA;  plan cv where cv.code_set=401 and cv.cdf_meaning =&quot;ALPHA RESPON&quot;&#xD;&#xA;  join n where n.active_ind=1 and n.principle_type_cd=cv.code_value&#xD;&#xA;   and n.beg_effective_dt_tm &lt;= cnvtdatetime(curdate, curtime3)&#xD;&#xA;   and n.end_effective_dt_tm >= cnvtdatetime(curdate, curtime3)&#xD;&#xA;   and n.source_string != &quot; &quot;&#xD;&#xA;   and CNVTUPPER(n.source_string)=PATSTRING(CONCAT(cnvtupper(PAR1),&quot;*&quot;))    &#xD;&#xA; ELSE&#xD;&#xA;  from nomenclature n,code_value cv&#xD;&#xA;  plan cv where cv.code_set=401 and cv.cdf_meaning =&quot;ALPHA RESPON&quot;&#xD;&#xA;  join n where n.active_ind=1 and n.principle_type_cd=cv.code_value&#xD;&#xA;   and n.beg_effective_dt_tm &lt;= cnvtdatetime(curdate, curtime3)&#xD;&#xA;   and n.end_effective_dt_tm >= cnvtdatetime(curdate, curtime3)&#xD;&#xA;   and n.source_string != &quot; &quot;&#xD;&#xA;   and  CNVTUPPER(substring(1,1,n.source_string)) NOT BETWEEN &quot;0&quot; AND &quot;Z&quot;&#xD;&#xA; ENDIF&#xD;&#xA;STRING = n.source_string&#xD;&#xA;ORDER cnvtupper(n.source_string)"/>
        </arguments>
      </templateDefinitions>
    </logicTemplates>
    <actionTemplates>
      <templateDefinitions xsi:type="EM:ExpertTemplate" name="PHI_ADD_PASSIVE_ALERT" definition="Add ALERT_TEXT for person LINK with CATEGORY, POSITION, OPT_ACTION_TYPE, OPT_ACTION_PARAM, OPT_EXPIRE_VALUE, OPT_EXPIRE_UNIT, OPT_PATIENT_LEVEL, OPT_ALLOW_USER_DISMISS  " description="Divert non time sensitive alerts within clinical workflow to Smartzone so that they are passive, highly visible, intuitive and non-intrusive." eventDependency="//@expertTemplates/@events/@event.3 //@expertTemplates/@events/@event.5 //@expertTemplates/@events/@event.9 //@expertTemplates/@events/@event.11 //@expertTemplates/@events/@event.16 //@expertTemplates/@events/@event.23 //@expertTemplates/@events/@event.39 //@expertTemplates/@events/@event.41 //@expertTemplates/@events/@event.51 //@expertTemplates/@events/@event.57 //@expertTemplates/@events/@event.72">
        <keywords></keywords>
        <arguments name="ALERT_TEXT" dataType="CHARACTER" validationType="MAX_LENGTH" required="true"/>
        <arguments name="LINK" dataType="LINK" controlType="TEMPLATE_REFERENCE" required="true"/>
        <arguments xsi:type="EM:ReferentialArgument" name="CATEGORY" dataType="CHARACTER" controlType="REFERENTIAL" validationType="READ_ONLY" required="true" keyFieldIndex="2">
          <statements dependency="CATEGORY" statement="eks_codeset_cki_refhelp &quot;4132000&quot;,&quot;&quot;,&quot;&quot; go"/>
        </arguments>
        <arguments xsi:type="EM:ReferentialArgument" name="POSITION" dataType="CHARACTER" controlType="LISTBOX" validationType="READ_ONLY" required="true" keyFieldIndex="2">
          <statements dependency="POSITION" statement="eks_codeset_cki_refhelp &quot;88&quot;,&quot;CKI&quot;,&quot;*ALL&quot; go"/>
        </arguments>
        <arguments xsi:type="EM:ReferentialArgument" name="OPT_ACTION_TYPE" dataType="CHARACTER" controlType="REFERENTIAL" validationType="READ_ONLY">
          <statements dependency="OPT_ACTION_TYPE" statement="PHI_ACTION_TYPE_REFHELP &quot;&quot; GO"/>
        </arguments>
        <arguments name="OPT_ACTION_PARAM" dataType="CHARACTER"/>
        <arguments name="OPT_EXPIRE_VALUE"/>
        <arguments xsi:type="EM:ReferentialArgument" name="OPT_EXPIRE_UNIT" dataType="CHARACTER" controlType="REFERENTIAL" validationType="READ_ONLY">
          <statements dependency="OPT_EXPIRE_UNIT" statement="PHI_EXPIRE_UNIT_REFHELP &quot;&quot; GO"/>
        </arguments>
        <arguments xsi:type="EM:FixedListArgument" name="OPT_PATIENT_LEVEL" dataType="CHARACTER" validationType="READ_ONLY">
          <defaultValue xsi:type="EM:StringValue" value="NO"/>
          <stringTable>
            <column value="NO"/>
            <column value="Add alert at encounter level"/>
          </stringTable>
          <stringTable>
            <column value="YES"/>
            <column value="Add alert at patient level"/>
          </stringTable>
        </arguments>
        <arguments xsi:type="EM:FixedListArgument" name="OPT_ALLOW_USER_DISMISS" dataType="CHARACTER" validationType="READ_ONLY">
          <defaultValue xsi:type="EM:StringValue" value="NO"/>
          <stringTable>
            <column value="YES"/>
            <column value="Alert can be dismissed by the user within SmartZone"/>
          </stringTable>
          <stringTable>
            <column value="NO"/>
            <column value="Alert cannot be dismissed by the user within SmartZone"/>
          </stringTable>
        </arguments>
      </templateDefinitions>
      <templateDefinitions xsi:type="EM:ExpertTemplate" name="PHI_REMOVE_PASSIVE_ALERT" definition="Remove ALERT_TEXT for person LINK using SEARCH_OPTION match." description="Remove non time sensitive alerts from the SmartZone once they have been addressed." eventDependency="//@expertTemplates/@events/@event.3 //@expertTemplates/@events/@event.5 //@expertTemplates/@events/@event.9 //@expertTemplates/@events/@event.11 //@expertTemplates/@events/@event.16 //@expertTemplates/@events/@event.23 //@expertTemplates/@events/@event.39 //@expertTemplates/@events/@event.41 //@expertTemplates/@events/@event.51 //@expertTemplates/@events/@event.57 //@expertTemplates/@events/@event.72">
        <keywords></keywords>
        <arguments name="ALERT_TEXT" dataType="CHARACTER" validationType="MAX_LENGTH" required="true"/>
        <arguments name="LINK" dataType="LINK" controlType="TEMPLATE_REFERENCE" required="true"/>
        <arguments xsi:type="EM:FixedListArgument" name="SEARCH_OPTION" dataType="CHARACTER" validationType="READ_ONLY">
          <defaultValue xsi:type="EM:StringValue" value="EXACT"/>
          <stringTable>
            <column value="EXACT"/>
            <column value="Alert text containing the exact text"/>
          </stringTable>
          <stringTable>
            <column value="STARTS_WITH"/>
            <column value="Alert text that starts with"/>
          </stringTable>
        </arguments>
      </templateDefinitions>
    </actionTemplates>
  </expertTemplates>
  <ruleDefinition>
    <evokeSection>
      <evokes evokeEvent="//@expertTemplates/@events/@event.9">
        <logicExpression xsi:type="EM:InfixExpression">
          <leftExpression xsi:type="EM:GroupExpression">
            <expression xsi:type="EM:Antecedent" id="E1" template="EKS_CE_RESULTA_EVAL_E">
              <facts argument="STATUS">
                <value xsi:type="EM:ListValue">
                  <values xsi:type="EM:ListValue">
                    <values xsi:type="EM:CustomValue" hideDisplay="true">
                      <customValue xsi:type="EM:StringValue" value="CDF8:AUTH"/>
                    </values>
                    <values xsi:type="EM:StringValue" value="Auth (Verified)"/>
                  </values>
                  <values xsi:type="EM:ListValue">
                    <values xsi:type="EM:CustomValue" hideDisplay="true">
                      <customValue xsi:type="EM:StringValue" value="CDF8:ALTERED"/>
                    </values>
                    <values xsi:type="EM:StringValue" value="Modified"/>
                  </values>
                  <values xsi:type="EM:ListValue">
                    <values xsi:type="EM:CustomValue" hideDisplay="true">
                      <customValue xsi:type="EM:StringValue" value="CDF8:MODIFIED"/>
                    </values>
                    <values xsi:type="EM:StringValue" value="Modified"/>
                  </values>
                </value>
              </facts>
              <facts argument="EVENT_SET_NAME">
                <value xsi:type="EM:ListValue">
                  <values xsi:type="EM:ListValue">
                    <values xsi:type="EM:CustomValue" hideDisplay="true">
                      <customValue xsi:type="EM:StringValue" value="CCK93:CERNER!E8B48571-F717-41A9-BDBE-2568AE972B60"/>
                    </values>
                    <values xsi:type="EM:StringValue" value="Sensory Deficits"/>
                    <values xsi:type="EM:ListValue">
                      <values xsi:type="EM:CustomValue" hideDisplay="true">
                        <customValue xsi:type="EM:StringValue" value="S"/>
                      </values>
                    </values>
                  </values>
                </value>
              </facts>
              <facts argument="EVALUATION">
                <value xsi:type="EM:StringValue" value="NOT EQUAL TO"/>
              </facts>
              <facts argument="VALUE1">
                <value xsi:type="EM:ListValue">
                  <values xsi:type="EM:ListValue">
                    <values xsi:type="EM:CustomValue" hideDisplay="true">
                      <customValue xsi:type="EM:StringValue" value=" "/>
                    </values>
                    <values xsi:type="EM:StringValue" value="abc123"/>
                    <values xsi:type="EM:ListValue">
                      <values xsi:type="EM:CustomValue" hideDisplay="true">
                        <customValue xsi:type="EM:StringValue" value="H"/>
                      </values>
                    </values>
                  </values>
                </value>
              </facts>
            </expression>
          </leftExpression>
          <rightExpression xsi:type="EM:Antecedent" id="E2" template="EKS_DEBUGEKM_E">
            <facts argument="DEBUG_STATUS">
              <value xsi:type="EM:ListValue">
                <values xsi:type="EM:ListValue">
                  <values xsi:type="EM:CustomValue" hideDisplay="true">
                    <customValue xsi:type="EM:StringValue" value="5"/>
                  </values>
                  <values xsi:type="EM:StringValue" value="To FullAudit for this module only"/>
                </values>
              </value>
            </facts>
          </rightExpression>
        </logicExpression>
      </evokes>
    </evokeSection>
    <logicSection>
      <logicExpression xsi:type="EM:InfixExpression">
        <leftExpression xsi:type="EM:Antecedent" id="L1" template="EKS_STOP_LOGIC_L">
          <facts argument="MODE">
            <value xsi:type="EM:StringValue" value="STOP"/>
          </facts>
        </leftExpression>
        <rightExpression xsi:type="EM:InfixExpression">
          <leftExpression xsi:type="EM:Antecedent" alias="PatientInformation" id="L2" template="EKS_LOGIC_TRUE">
            <facts argument="LOGIC">
              <value xsi:type="EM:StringValue" value="@quot;LOGIC@quot;"/>
            </facts>
          </leftExpression>
          <rightExpression xsi:type="EM:InfixExpression">
            <leftExpression xsi:type="EM:GroupExpression">
              <expression xsi:type="EM:InfixExpression" operator="OR">
                <leftExpression xsi:type="EM:Antecedent" alias="has_vision_alert" id="L3" template="PHI_FIND_PASSIVE_ALERT">
                  <facts argument="ALERT_TEXT">
                    <value xsi:type="EM:StringValue" value="Please be advised, this patient is visually impaired."/>
                  </facts>
                  <facts argument="SEARCH_OPTION">
                    <value xsi:type="EM:StringValue" value="EXACT"/>
                  </facts>
                </leftExpression>
                <rightExpression xsi:type="EM:Antecedent" id="L4" template="EKS_LOGIC_TRUE">
                  <facts argument="LOGIC">
                    <value xsi:type="EM:StringValue" value="@quot;LOGIC@quot;"/>
                  </facts>
                </rightExpression>
              </expression>
            </leftExpression>
            <rightExpression xsi:type="EM:InfixExpression">
              <leftExpression xsi:type="EM:GroupExpression">
                <expression xsi:type="EM:InfixExpression" operator="OR">
                  <leftExpression xsi:type="EM:Antecedent" alias="has_hearing_alert" id="L5" template="PHI_FIND_PASSIVE_ALERT">
                    <facts argument="ALERT_TEXT">
                      <value xsi:type="EM:StringValue" value="Please be advised, this patient is hearing impaired."/>
                    </facts>
                    <facts argument="SEARCH_OPTION">
                      <value xsi:type="EM:StringValue" value="EXACT"/>
                    </facts>
                  </leftExpression>
                  <rightExpression xsi:type="EM:Antecedent" id="L6" template="EKS_LOGIC_TRUE">
                    <facts argument="LOGIC">
                      <value xsi:type="EM:StringValue" value="@quot;LOGIC@quot;"/>
                    </facts>
                  </rightExpression>
                </expression>
              </leftExpression>
              <rightExpression xsi:type="EM:InfixExpression">
                <leftExpression xsi:type="EM:GroupExpression">
                  <expression xsi:type="EM:InfixExpression" operator="OR">
                    <leftExpression xsi:type="EM:Antecedent" alias="Vision_Impairment" id="L7" template="EKS_CE_RESULTA_INCOMING_REQ_L">
                      <facts argument="STATUS">
                        <value xsi:type="EM:ListValue">
                          <values xsi:type="EM:ListValue">
                            <values xsi:type="EM:CustomValue" hideDisplay="true">
                              <customValue xsi:type="EM:StringValue" value="CDF8:AUTH"/>
                            </values>
                            <values xsi:type="EM:StringValue" value="Auth (Verified)"/>
                          </values>
                          <values xsi:type="EM:ListValue">
                            <values xsi:type="EM:CustomValue" hideDisplay="true">
                              <customValue xsi:type="EM:StringValue" value="CDF8:ALTERED"/>
                            </values>
                            <values xsi:type="EM:StringValue" value="Modified"/>
                          </values>
                          <values xsi:type="EM:ListValue">
                            <values xsi:type="EM:CustomValue" hideDisplay="true">
                              <customValue xsi:type="EM:StringValue" value="CDF8:MODIFIED"/>
                            </values>
                            <values xsi:type="EM:StringValue" value="Modified"/>
                          </values>
                        </value>
                      </facts>
                      <facts argument="EVENT_SET_NAME">
                        <value xsi:type="EM:ListValue">
                          <values xsi:type="EM:ListValue">
                            <values xsi:type="EM:CustomValue" hideDisplay="true">
                              <customValue xsi:type="EM:StringValue" value="CCK93:CERNER!E8B48571-F717-41A9-BDBE-2568AE972B60"/>
                            </values>
                            <values xsi:type="EM:StringValue" value="Sensory Deficits"/>
                            <values xsi:type="EM:ListValue">
                              <values xsi:type="EM:CustomValue" hideDisplay="true">
                                <customValue xsi:type="EM:StringValue" value="S"/>
                              </values>
                            </values>
                          </values>
                        </value>
                      </facts>
                      <facts argument="EVALUATION">
                        <value xsi:type="EM:StringValue" value="equal to"/>
                      </facts>
                      <facts argument="VALUE1">
                        <value xsi:type="EM:ListValue">
                          <values xsi:type="EM:ListValue">
                            <values xsi:type="EM:CustomValue" hideDisplay="true">
                              <customValue xsi:type="EM:StringValue" value=" "/>
                            </values>
                            <values xsi:type="EM:StringValue" value="*Blind*"/>
                            <values xsi:type="EM:ListValue">
                              <values xsi:type="EM:CustomValue" hideDisplay="true">
                                <customValue xsi:type="EM:StringValue" value="H"/>
                              </values>
                            </values>
                          </values>
                        </value>
                      </facts>
                    </leftExpression>
                    <rightExpression xsi:type="EM:Antecedent" alias="NotImpairment" id="L8" template="EKS_LOGIC_TRUE">
                      <facts argument="LOGIC">
                        <value xsi:type="EM:StringValue" value="@quot;LOGIC@quot;"/>
                      </facts>
                    </rightExpression>
                  </expression>
                </leftExpression>
                <rightExpression xsi:type="EM:InfixExpression">
                  <leftExpression xsi:type="EM:GroupExpression">
                    <expression xsi:type="EM:InfixExpression" operator="OR">
                      <leftExpression xsi:type="EM:Antecedent" alias="no_Vision_Impairment" id="L9" template="EKS_CE_RESULTA_INCOMING_REQ_L">
                        <facts argument="STATUS">
                          <value xsi:type="EM:ListValue">
                            <values xsi:type="EM:ListValue">
                              <values xsi:type="EM:CustomValue" hideDisplay="true">
                                <customValue xsi:type="EM:StringValue" value="CDF8:AUTH"/>
                              </values>
                              <values xsi:type="EM:StringValue" value="Auth (Verified)"/>
                            </values>
                            <values xsi:type="EM:ListValue">
                              <values xsi:type="EM:CustomValue" hideDisplay="true">
                                <customValue xsi:type="EM:StringValue" value="CDF8:ALTERED"/>
                              </values>
                              <values xsi:type="EM:StringValue" value="Modified"/>
                            </values>
                            <values xsi:type="EM:ListValue">
                              <values xsi:type="EM:CustomValue" hideDisplay="true">
                                <customValue xsi:type="EM:StringValue" value="CDF8:MODIFIED"/>
                              </values>
                              <values xsi:type="EM:StringValue" value="Modified"/>
                            </values>
                          </value>
                        </facts>
                        <facts argument="EVENT_SET_NAME">
                          <value xsi:type="EM:ListValue">
                            <values xsi:type="EM:ListValue">
                              <values xsi:type="EM:CustomValue" hideDisplay="true">
                                <customValue xsi:type="EM:StringValue" value="CCK93:CERNER!E8B48571-F717-41A9-BDBE-2568AE972B60"/>
                              </values>
                              <values xsi:type="EM:StringValue" value="Sensory Deficits"/>
                              <values xsi:type="EM:ListValue">
                                <values xsi:type="EM:CustomValue" hideDisplay="true">
                                  <customValue xsi:type="EM:StringValue" value="S"/>
                                </values>
                              </values>
                            </values>
                          </value>
                        </facts>
                        <facts argument="EVALUATION">
                          <value xsi:type="EM:StringValue" value="not equal to"/>
                        </facts>
                        <facts argument="VALUE1">
                          <value xsi:type="EM:ListValue">
                            <values xsi:type="EM:ListValue">
                              <values xsi:type="EM:CustomValue" hideDisplay="true">
                                <customValue xsi:type="EM:StringValue" value=" "/>
                              </values>
                              <values xsi:type="EM:StringValue" value="*Blind*"/>
                              <values xsi:type="EM:ListValue">
                                <values xsi:type="EM:CustomValue" hideDisplay="true">
                                  <customValue xsi:type="EM:StringValue" value="H"/>
                                </values>
                              </values>
                            </values>
                          </value>
                        </facts>
                      </leftExpression>
                      <rightExpression xsi:type="EM:Antecedent" id="L10" template="EKS_LOGIC_TRUE">
                        <facts argument="LOGIC">
                          <value xsi:type="EM:StringValue" value="@quot;LOGIC@quot;"/>
                        </facts>
                      </rightExpression>
                    </expression>
                  </leftExpression>
                  <rightExpression xsi:type="EM:InfixExpression">
                    <leftExpression xsi:type="EM:GroupExpression">
                      <expression xsi:type="EM:InfixExpression" operator="OR">
                        <leftExpression xsi:type="EM:Antecedent" alias="Hearing_impairment" id="L11" template="EKS_CE_RESULTA_INCOMING_REQ_L">
                          <facts argument="STATUS">
                            <value xsi:type="EM:ListValue">
                              <values xsi:type="EM:ListValue">
                                <values xsi:type="EM:CustomValue" hideDisplay="true">
                                  <customValue xsi:type="EM:StringValue" value="CDF8:AUTH"/>
                                </values>
                                <values xsi:type="EM:StringValue" value="Auth (Verified)"/>
                              </values>
                              <values xsi:type="EM:ListValue">
                                <values xsi:type="EM:CustomValue" hideDisplay="true">
                                  <customValue xsi:type="EM:StringValue" value="CDF8:ALTERED"/>
                                </values>
                                <values xsi:type="EM:StringValue" value="Modified"/>
                              </values>
                              <values xsi:type="EM:ListValue">
                                <values xsi:type="EM:CustomValue" hideDisplay="true">
                                  <customValue xsi:type="EM:StringValue" value="CDF8:MODIFIED"/>
                                </values>
                                <values xsi:type="EM:StringValue" value="Modified"/>
                              </values>
                            </value>
                          </facts>
                          <facts argument="EVENT_SET_NAME">
                            <value xsi:type="EM:ListValue">
                              <values xsi:type="EM:ListValue">
                                <values xsi:type="EM:CustomValue" hideDisplay="true">
                                  <customValue xsi:type="EM:StringValue" value="CCK93:CERNER!E8B48571-F717-41A9-BDBE-2568AE972B60"/>
                                </values>
                                <values xsi:type="EM:StringValue" value="Sensory Deficits"/>
                                <values xsi:type="EM:ListValue">
                                  <values xsi:type="EM:CustomValue" hideDisplay="true">
                                    <customValue xsi:type="EM:StringValue" value="S"/>
                                  </values>
                                </values>
                              </values>
                            </value>
                          </facts>
                          <facts argument="EVALUATION">
                            <value xsi:type="EM:StringValue" value="equal to"/>
                          </facts>
                          <facts argument="VALUE1">
                            <value xsi:type="EM:ListValue">
                              <values xsi:type="EM:ListValue">
                                <values xsi:type="EM:CustomValue" hideDisplay="true">
                                  <customValue xsi:type="EM:StringValue" value=" "/>
                                </values>
                                <values xsi:type="EM:StringValue" value="*Hearing deficit*"/>
                                <values xsi:type="EM:ListValue">
                                  <values xsi:type="EM:CustomValue" hideDisplay="true">
                                    <customValue xsi:type="EM:StringValue" value="H"/>
                                  </values>
                                </values>
                              </values>
                            </value>
                          </facts>
                        </leftExpression>
                        <rightExpression xsi:type="EM:Antecedent" alias="Copy of NotImpairment" id="L12" template="EKS_LOGIC_TRUE">
                          <facts argument="LOGIC">
                            <value xsi:type="EM:StringValue" value="@quot;LOGIC@quot;"/>
                          </facts>
                        </rightExpression>
                      </expression>
                    </leftExpression>
                    <rightExpression xsi:type="EM:GroupExpression">
                      <expression xsi:type="EM:InfixExpression" operator="OR">
                        <leftExpression xsi:type="EM:Antecedent" alias="no_hearing_impariment" id="L13" template="EKS_CE_RESULTA_INCOMING_REQ_L">
                          <facts argument="STATUS">
                            <value xsi:type="EM:ListValue">
                              <values xsi:type="EM:ListValue">
                                <values xsi:type="EM:CustomValue" hideDisplay="true">
                                  <customValue xsi:type="EM:StringValue" value="CDF8:AUTH"/>
                                </values>
                                <values xsi:type="EM:StringValue" value="Auth (Verified)"/>
                              </values>
                              <values xsi:type="EM:ListValue">
                                <values xsi:type="EM:CustomValue" hideDisplay="true">
                                  <customValue xsi:type="EM:StringValue" value="CDF8:ALTERED"/>
                                </values>
                                <values xsi:type="EM:StringValue" value="Modified"/>
                              </values>
                              <values xsi:type="EM:ListValue">
                                <values xsi:type="EM:CustomValue" hideDisplay="true">
                                  <customValue xsi:type="EM:StringValue" value="CDF8:MODIFIED"/>
                                </values>
                                <values xsi:type="EM:StringValue" value="Modified"/>
                              </values>
                            </value>
                          </facts>
                          <facts argument="EVENT_SET_NAME">
                            <value xsi:type="EM:ListValue">
                              <values xsi:type="EM:ListValue">
                                <values xsi:type="EM:CustomValue" hideDisplay="true">
                                  <customValue xsi:type="EM:StringValue" value="CCK93:CERNER!E8B48571-F717-41A9-BDBE-2568AE972B60"/>
                                </values>
                                <values xsi:type="EM:StringValue" value="Sensory Deficits"/>
                                <values xsi:type="EM:ListValue">
                                  <values xsi:type="EM:CustomValue" hideDisplay="true">
                                    <customValue xsi:type="EM:StringValue" value="S"/>
                                  </values>
                                </values>
                              </values>
                            </value>
                          </facts>
                          <facts argument="EVALUATION">
                            <value xsi:type="EM:StringValue" value="not equal to"/>
                          </facts>
                          <facts argument="VALUE1">
                            <value xsi:type="EM:ListValue">
                              <values xsi:type="EM:ListValue">
                                <values xsi:type="EM:CustomValue" hideDisplay="true">
                                  <customValue xsi:type="EM:StringValue" value=" "/>
                                </values>
                                <values xsi:type="EM:StringValue" value="*Hearing deficit*"/>
                                <values xsi:type="EM:ListValue">
                                  <values xsi:type="EM:CustomValue" hideDisplay="true">
                                    <customValue xsi:type="EM:StringValue" value="H"/>
                                  </values>
                                </values>
                              </values>
                            </value>
                          </facts>
                        </leftExpression>
                        <rightExpression xsi:type="EM:Antecedent" id="L14" template="EKS_LOGIC_TRUE">
                          <facts argument="LOGIC">
                            <value xsi:type="EM:StringValue" value="@quot;LOGIC@quot;"/>
                          </facts>
                        </rightExpression>
                      </expression>
                    </rightExpression>
                  </rightExpression>
                </rightExpression>
              </rightExpression>
            </rightExpression>
          </rightExpression>
        </rightExpression>
      </logicExpression>
    </logicSection>
    <actionSection>
      <action xsi:type="EM:ActionGroups">
        <actionGroups>
          <logicExpression xsi:type="EM:InfixExpression">
            <leftExpression xsi:type="EM:PrefixExpression">
              <expression xsi:type="EM:LogicReference" antecedent="//@ruleDefinition/@logicSection/@logicExpression/@rightExpression/@rightExpression/@leftExpression/@expression/@leftExpression"/>
            </leftExpression>
            <rightExpression xsi:type="EM:LogicReference" antecedent="//@ruleDefinition/@logicSection/@logicExpression/@rightExpression/@rightExpression/@rightExpression/@rightExpression/@leftExpression/@expression/@leftExpression"/>
          </logicExpression>
          <actionExpression>
            <logicExpression xsi:type="EM:Antecedent" id="A1" template="PHI_ADD_PASSIVE_ALERT">
              <facts argument="ALERT_TEXT">
                <value xsi:type="EM:StringValue" value="Please be advised, this patient is visually impaired."/>
              </facts>
              <facts argument="LINK">
                <value xsi:type="EM:AntecedentReference" antecedent="//@ruleDefinition/@logicSection/@logicExpression/@rightExpression/@leftExpression"/>
              </facts>
              <facts argument="CATEGORY">
                <value xsi:type="EM:ListValue">
                  <values xsi:type="EM:ListValue">
                    <values xsi:type="EM:CustomValue" hideDisplay="true">
                      <customValue xsi:type="EM:StringValue" value="2559527571"/>
                    </values>
                    <values xsi:type="EM:StringValue" value="Information"/>
                  </values>
                </value>
              </facts>
              <facts argument="POSITION">
                <value xsi:type="EM:ListValue">
                  <values xsi:type="EM:ListValue">
                    <values xsi:type="EM:CustomValue" hideDisplay="true">
                      <customValue xsi:type="EM:StringValue" value="*ALL"/>
                    </values>
                    <values xsi:type="EM:StringValue" value="*ALL"/>
                  </values>
                </value>
              </facts>
              <facts argument="OPT_ACTION_TYPE">
                <value xsi:type="EM:StringValue"/>
              </facts>
              <facts argument="OPT_ACTION_PARAM">
                <value xsi:type="EM:StringValue"/>
              </facts>
              <facts argument="OPT_EXPIRE_VALUE"/>
              <facts argument="OPT_EXPIRE_UNIT">
                <value xsi:type="EM:StringValue"/>
              </facts>
              <facts argument="OPT_PATIENT_LEVEL">
                <value xsi:type="EM:StringValue" value="NO"/>
              </facts>
              <facts argument="OPT_ALLOW_USER_DISMISS">
                <value xsi:type="EM:StringValue" value="YES"/>
              </facts>
            </logicExpression>
          </actionExpression>
        </actionGroups>
        <actionGroups>
          <logicExpression xsi:type="EM:InfixExpression">
            <leftExpression xsi:type="EM:LogicReference" antecedent="//@ruleDefinition/@logicSection/@logicExpression/@rightExpression/@rightExpression/@rightExpression/@rightExpression/@rightExpression/@leftExpression/@expression/@leftExpression"/>
            <rightExpression xsi:type="EM:LogicReference" antecedent="//@ruleDefinition/@logicSection/@logicExpression/@rightExpression/@rightExpression/@leftExpression/@expression/@leftExpression"/>
          </logicExpression>
          <actionExpression>
            <logicExpression xsi:type="EM:Antecedent" id="A2" template="PHI_REMOVE_PASSIVE_ALERT">
              <facts argument="ALERT_TEXT">
                <value xsi:type="EM:StringValue" value="Please be advised, this patient is visually impaired."/>
              </facts>
              <facts argument="LINK">
                <value xsi:type="EM:AntecedentReference" antecedent="//@ruleDefinition/@logicSection/@logicExpression/@rightExpression/@leftExpression"/>
              </facts>
              <facts argument="SEARCH_OPTION">
                <value xsi:type="EM:StringValue" value="EXACT"/>
              </facts>
            </logicExpression>
          </actionExpression>
        </actionGroups>
        <actionGroups>
          <logicExpression xsi:type="EM:InfixExpression">
            <leftExpression xsi:type="EM:PrefixExpression">
              <expression xsi:type="EM:LogicReference" antecedent="//@ruleDefinition/@logicSection/@logicExpression/@rightExpression/@rightExpression/@rightExpression/@leftExpression/@expression/@leftExpression"/>
            </leftExpression>
            <rightExpression xsi:type="EM:LogicReference" antecedent="//@ruleDefinition/@logicSection/@logicExpression/@rightExpression/@rightExpression/@rightExpression/@rightExpression/@rightExpression/@rightExpression/@leftExpression/@expression/@leftExpression"/>
          </logicExpression>
          <actionExpression>
            <logicExpression xsi:type="EM:Antecedent" id="A3" template="PHI_ADD_PASSIVE_ALERT">
              <facts argument="ALERT_TEXT">
                <value xsi:type="EM:StringValue" value="Please be advised, this patient is hearing impaired."/>
              </facts>
              <facts argument="LINK">
                <value xsi:type="EM:AntecedentReference" antecedent="//@ruleDefinition/@logicSection/@logicExpression/@rightExpression/@leftExpression"/>
              </facts>
              <facts argument="CATEGORY">
                <value xsi:type="EM:ListValue">
                  <values xsi:type="EM:ListValue">
                    <values xsi:type="EM:CustomValue" hideDisplay="true">
                      <customValue xsi:type="EM:StringValue" value="2559527571"/>
                    </values>
                    <values xsi:type="EM:StringValue" value="Information"/>
                  </values>
                </value>
              </facts>
              <facts argument="POSITION">
                <value xsi:type="EM:ListValue">
                  <values xsi:type="EM:ListValue">
                    <values xsi:type="EM:CustomValue" hideDisplay="true">
                      <customValue xsi:type="EM:StringValue" value="*ALL"/>
                    </values>
                    <values xsi:type="EM:StringValue" value="*ALL"/>
                  </values>
                </value>
              </facts>
              <facts argument="OPT_ACTION_TYPE">
                <value xsi:type="EM:StringValue"/>
              </facts>
              <facts argument="OPT_ACTION_PARAM">
                <value xsi:type="EM:StringValue"/>
              </facts>
              <facts argument="OPT_EXPIRE_VALUE"/>
              <facts argument="OPT_EXPIRE_UNIT">
                <value xsi:type="EM:StringValue"/>
              </facts>
              <facts argument="OPT_PATIENT_LEVEL">
                <value xsi:type="EM:StringValue" value="NO"/>
              </facts>
              <facts argument="OPT_ALLOW_USER_DISMISS">
                <value xsi:type="EM:StringValue" value="YES"/>
              </facts>
            </logicExpression>
          </actionExpression>
        </actionGroups>
        <actionGroups>
          <logicExpression xsi:type="EM:InfixExpression">
            <leftExpression xsi:type="EM:LogicReference" antecedent="//@ruleDefinition/@logicSection/@logicExpression/@rightExpression/@rightExpression/@rightExpression/@rightExpression/@rightExpression/@rightExpression/@rightExpression/@expression/@leftExpression"/>
            <rightExpression xsi:type="EM:LogicReference" antecedent="//@ruleDefinition/@logicSection/@logicExpression/@rightExpression/@rightExpression/@rightExpression/@leftExpression/@expression/@leftExpression"/>
          </logicExpression>
          <actionExpression>
            <logicExpression xsi:type="EM:Antecedent" id="A4" template="PHI_REMOVE_PASSIVE_ALERT">
              <facts argument="ALERT_TEXT">
                <value xsi:type="EM:StringValue" value="Please be advised, this patient is hearing impaired."/>
              </facts>
              <facts argument="LINK">
                <value xsi:type="EM:AntecedentReference" antecedent="//@ruleDefinition/@logicSection/@logicExpression/@rightExpression/@leftExpression"/>
              </facts>
              <facts argument="SEARCH_OPTION">
                <value xsi:type="EM:StringValue" value="EXACT"/>
              </facts>
            </logicExpression>
          </actionExpression>
        </actionGroups>
      </action>
    </actionSection>
  </ruleDefinition>
</EM:ExpertModule>
