<?xml version="1.0" encoding="ASCII"?>
<EM:ExpertModule xmi:version="2.0" xmlns:xmi="http://www.omg.org/XMI" xmlns:xsi="http://www.w3.org/2001/XMLSchema-instance" xmlns:EM="http:///com.cerner.expert/expertmodule/1.0.0" moduleName="HIM_ANTIC_DISCH_ED">
  <information>
    <runtimeInformation versionString="001.006" externalFileName="HIM_ANTIC_DISCH_ED" lastUpdated="2019-08-19T15:09:43.000-0400" validtionType="PRODUCTION" title="HIM_ANTIC_DISCH_ED" reconcileFlag="3" reconcileDate="2020-02-23T03:03:02.000-0500">
      <duration start="2018-11-29T00:00:00.000-0500" end="2100-06-15T23:59:59.000-0400"/>
      <updateUser userName="HANKINS, HEATHER"/>
    </runtimeInformation>
    <documentation author="an048271" institution="" specialist=""/>
  </information>
  <expertTemplates>
    <events>
      <event name=""/>
      <event name="ADDPROBLEM"/>
      <event name="ADDTOSCRATCHPAD"/>
      <event name="ALLERGY_EVENT"/>
      <event name="AP_ORDER_EVENT"/>
      <event name="BB_RESULT_EVENT"/>
      <event name="CBTFLEXORDERS"/>
      <event name="CHART_SERVER_EVENT"/>
      <event name="CLINICALTRIALSCREEN"/>
      <event name="CLINICAL_EVENT"/>
      <event name="CLOSECHART"/>
      <event name="COLLECTION_EVENT"/>
      <event name="DCP_CN_TASK_UPD"/>
      <event name="DCP_MODTASK_EVENT"/>
      <event name="DCP_PW_COND"/>
      <event name="DCP_PW_OUTCOME_EVENT"/>
      <event name="DIAGNOSIS_EVENT"/>
      <event name="EKS_FORMAT"/>
      <event name="EKS_SYNC_TEST01"/>
      <event name="EKS_TEST_02"/>
      <event name="EKS_TEST_EVENT"/>
      <event name="EKS_TEST_EVENT01"/>
      <event name="ENSURE_EVENT"/>
      <event name="EXPERT_EVENT"/>
      <event name="HEALTHE_EVENT"/>
      <event name="HEALTH_MAINT_QUAL_EVENT"/>
      <event name="HIM_ADD_REQUEST"/>
      <event name="HIM_ADMIT_EVENT"/>
      <event name="HIM_PATIENT_INFO_REQUEST"/>
      <event name="HIM_TEST_EVENT"/>
      <event name="HL7_EVENT"/>
      <event name="MB_EXPEDITE"/>
      <event name="MB_RESULT_EVENT"/>
      <event name="MB_SCRIPTED_WORKUPS"/>
      <event name="MB_SUSCEPTIBILITY"/>
      <event name="MDI_RESULT_EVENT"/>
      <event name="MEDCHARTACTIVATE"/>
      <event name="MPI_ADT"/>
      <event name="OPENCHART"/>
      <event name="ORDER_EVENT"/>
      <event name="ORDER_PRO_TEST1"/>
      <event name="PATIENT_EVENT"/>
      <event name="PCA_EXPERT_EVENT"/>
      <event name="Person_Transaction"/>
      <event name="PFT_Add_Account"/>
      <event name="PFT_ADJ_WO"/>
      <event name="PFT_CHARGE_EVENT"/>
      <event name="pft_check_amount"/>
      <event name="PFT_VEHICLE"/>
      <event name="PNTFLEXREFRANGE"/>
      <event name="POWERPLANFLEX"/>
      <event name="PROBLEM_EVENT"/>
      <event name="PROFIT_1450_CLAIM_EVENT"/>
      <event name="PROFIT_1500_CLAIM_EVENT"/>
      <event name="PROVIDER_CHG_EVENT"/>
      <event name="PROVIDE_EVENT"/>
      <event name="PWRCHRT_ADD_ORDER"/>
      <event name="RESULT_EVENT"/>
      <event name="RESULT_EVENT_CSM"/>
      <event name="RESULT_EVENT_TEST"/>
      <event name="SCH_ACTION_EVENT"/>
      <event name="SIGNORDER"/>
      <event name="SN New Pref Card Created"/>
      <event name="SN_CASE_CHECK_IN_EVENT"/>
      <event name="SN_CASE_EVENT"/>
      <event name="SN_CASE_SCHEDULE_EVENT"/>
      <event name="SN_DOCUMENT_OPEN"/>
      <event name="SN_DOCUMENT_STATE"/>
      <event name="SN_FINALIZE_DOC_EVENT"/>
      <event name="SN_PROCEDURE_SCHEDULE"/>
      <event name="SN_SAVE_PROCEDURE"/>
      <event name="SN_TEST_EVENT"/>
      <event name="SOCIAL_HISTORY_ADD"/>
      <event name="SYNCHEVENT"/>
      <event name="TOCFLEX"/>
      <event name="TOUCHOPENCHART"/>
    </events>
    <evokeTemplates>
      <templateDefinitions xsi:type="EM:ExpertTemplate" name="HIM_ADMIT_DISCH" definition="Encounter event is EVENT" description="Compares encounter event to user defined event" eventDependency="//@expertTemplates/@events/@event.41">
        <keywords></keywords>
        <arguments xsi:type="EM:FixedListArgument" name="EVENT" dataType="CHARACTER" required="true">
          <stringTable>
            <column value="ADMIT"/>
            <column value="Patient Admit"/>
          </stringTable>
          <stringTable>
            <column value="DISCHARGE"/>
            <column value="Patient Discharge"/>
          </stringTable>
          <stringTable>
            <column value="UPDATE"/>
            <column value="Update patient event"/>
          </stringTable>
        </arguments>
      </templateDefinitions>
    </evokeTemplates>
    <logicTemplates>
      <templateDefinitions xsi:type="EM:ExpertTemplate" name="EKS_ENCOUNTER_DETAIL_L" definition="the patient's ENC_DETAIL QUAL DETAIL_VALUE for the same encounter as OPT_LINK" description="Encounter attributes" eventDependency="//@expertTemplates/@events/@event.1 //@expertTemplates/@events/@event.2 //@expertTemplates/@events/@event.3 //@expertTemplates/@events/@event.4 //@expertTemplates/@events/@event.8 //@expertTemplates/@events/@event.9 //@expertTemplates/@events/@event.10 //@expertTemplates/@events/@event.11 //@expertTemplates/@events/@event.13 //@expertTemplates/@events/@event.16 //@expertTemplates/@events/@event.23 //@expertTemplates/@events/@event.34 //@expertTemplates/@events/@event.36 //@expertTemplates/@events/@event.38 //@expertTemplates/@events/@event.39 //@expertTemplates/@events/@event.41 //@expertTemplates/@events/@event.42 //@expertTemplates/@events/@event.49 //@expertTemplates/@events/@event.50 //@expertTemplates/@events/@event.51 //@expertTemplates/@events/@event.55 //@expertTemplates/@events/@event.57 //@expertTemplates/@events/@event.61 //@expertTemplates/@events/@event.72 //@expertTemplates/@events/@event.73 //@expertTemplates/@events/@event.74 //@expertTemplates/@events/@event.75" optimizable="true" reconcilable="true">
        <keywords>ENCOUNTER</keywords>
        <arguments xsi:type="EM:ReferentialArgument" name="ENC_DETAIL" dataType="CHARACTER" controlType="REFERENTIAL" validationType="READ_ONLY" required="true" reconcileScript="N/A" keyFieldIndex="2">
          <statements dependency="ENC_DETAIL" statement="execute EKS_T_ENC_DETAIL_REFHELP &quot;HELP&quot; go"/>
        </arguments>
        <arguments xsi:type="EM:ReferentialArgument" name="QUAL" dataType="CHARACTER" controlType="REFERENTIAL" validationType="READ_ONLY" required="true" dependency="ENC_DETAIL" reconcileScript="N/A" keyFieldIndex="2">
          <statements dependency="QUAL" statement="execute EKS_T_ENC_DETAIL_REFHELP concat(&quot;QUAL&quot;, PAR1) go"/>
        </arguments>
        <arguments xsi:type="EM:ReferentialArgument" name="DETAIL_VALUE" dataType="CHARACTER" controlType="LISTBOX" validationType="READ_ONLY" required="true" dependency="ENC_DETAIL" optimizable="true" reconcileScript="eks_p_encDetail" keyFieldIndex="2">
          <statements dependency="DETAIL_VALUE" statement="execute EKS_T_ENC_DETAIL_REFHELP concat(&quot;VALUE&quot;, PAR1) go"/>
        </arguments>
        <arguments name="OPT_LINK" dataType="LINK" controlType="TEMPLATE_REFERENCE" reconcileScript="N/A"/>
      </templateDefinitions>
      <templateDefinitions xsi:type="EM:ExpertTemplate" name="EKS_CE_NORMALCY_L" definition="The most recent result for EVENT_SET_NAME has a result status of STATUS and NORMALCY normalcy on the same encounter as OPT_LINK within the last OPT_TIME_NUM OPT_TIME_UNIT.    " description="Most recent result's normalcy, status" recommeded="CAUTION" eventDependency="//@expertTemplates/@events/@event.1 //@expertTemplates/@events/@event.2 //@expertTemplates/@events/@event.3 //@expertTemplates/@events/@event.4 //@expertTemplates/@events/@event.8 //@expertTemplates/@events/@event.9 //@expertTemplates/@events/@event.10 //@expertTemplates/@events/@event.13 //@expertTemplates/@events/@event.16 //@expertTemplates/@events/@event.23 //@expertTemplates/@events/@event.36 //@expertTemplates/@events/@event.38 //@expertTemplates/@events/@event.39 //@expertTemplates/@events/@event.41 //@expertTemplates/@events/@event.42 //@expertTemplates/@events/@event.49 //@expertTemplates/@events/@event.50 //@expertTemplates/@events/@event.51 //@expertTemplates/@events/@event.55 //@expertTemplates/@events/@event.57 //@expertTemplates/@events/@event.61 //@expertTemplates/@events/@event.72 //@expertTemplates/@events/@event.73 //@expertTemplates/@events/@event.74 //@expertTemplates/@events/@event.75" optimizable="true" reconcilable="true">
        <keywords>CLINICALEVENT</keywords>
        <arguments xsi:type="EM:ReferentialArgument" name="EVENT_SET_NAME" dataType="CHARACTER" controlType="LISTBOX" validationType="READ_ONLY" required="true" optimizable="true" reconcileScript="eks_p_event_set_name" keyFieldIndex="2">
          <statements dependency="EVENT_SET_NAME" statement="EKS_abc_refhelp &quot;ANY&quot; go&#xD;&#xA;"/>
          <statements dependency="EVENT_SET_NAME" statement="eks_event_set_name_refhelp PAR1, &quot;EVENT_SET&quot; go"/>
        </arguments>
        <arguments xsi:type="EM:ReferentialArgument" name="STATUS" dataType="CHARACTER" controlType="LISTBOX" validationType="READ_ONLY" required="true" optimizable="true" reconcileScript="eks_p_codeset_cki_refhelp &quot;8&quot;,&quot;CKI&quot;,&quot;*Any Result Status&quot;" keyFieldIndex="2">
          <statements dependency="STATUS" statement="eks_codeset_cki_refhelp &quot;8&quot;,&quot;CKI&quot;,&quot;*Any Result Status&quot; go"/>
        </arguments>
        <arguments xsi:type="EM:ReferentialArgument" name="NORMALCY" dataType="CHARACTER" controlType="LISTBOX" validationType="READ_ONLY" required="true" optimizable="true" reconcileScript="eks_p_codeset_cki_refhelp &quot;52&quot;,&quot;CKI&quot;,&quot;*Any Normalcy&quot;" keyFieldIndex="2">
          <statements dependency="NORMALCY" statement="eks_codeset_cki_refhelp &quot;52&quot;,&quot;CKI&quot;,&quot;*Any Normalcy&quot; go"/>
        </arguments>
        <arguments name="OPT_LINK" dataType="LINK" controlType="TEMPLATE_REFERENCE" reconcileScript="N/A"/>
        <arguments name="OPT_TIME_NUM" reconcileScript="N/A"/>
        <arguments xsi:type="EM:FixedListArgument" name="OPT_TIME_UNIT" dataType="CHARACTER" validationType="READ_ONLY" reconcileScript="N/A">
          <stringTable>
            <column value="MINUTES"/>
            <column value="Minutes from now"/>
          </stringTable>
          <stringTable>
            <column value="HOURS"/>
            <column value="Hours from now"/>
          </stringTable>
          <stringTable>
            <column value="DAYS"/>
            <column value="Days from now"/>
          </stringTable>
        </arguments>
      </templateDefinitions>
    </logicTemplates>
    <actionTemplates>
      <templateDefinitions xsi:type="EM:ExpertTemplate" name="HIM_ADD_ANTIC_DOCS_PROV_COV" definition="Add an anticipated DOCUMENT_NAME.  Want a Tag Color assigned TAG_COLOR_IND.  Associate the DEFICIENT_PERSONNEL as the deficient personnel." description="Add an anticipated DOCUMENT_NAME. Want a Tag Color assigned TAG_COLOR_IND. Associate the DEFICIENT_PERSONNEL as the deficient personnel." eventDependency="//@expertTemplates/@events/@event.9 //@expertTemplates/@events/@event.23 //@expertTemplates/@events/@event.41">
        <keywords></keywords>
        <arguments xsi:type="EM:ReferentialArgument" name="DOCUMENT_NAME" dataType="CHARACTER" controlType="REFERENTIAL" validationType="READ_ONLY" required="true" keyFieldIndex="2">
          <statements dependency="DOCUMENT_NAME" statement="select distinct _hidden = oesr.organization_id, o.org_name&#xD;&#xA;from organization o,&#xD;&#xA;        org_type_reltn otr,&#xD;&#xA;        code_value c,&#xD;&#xA;        org_event_set_reltn oesr&#xD;&#xA;plan o&#xD;&#xA;  where o.active_ind = 1&#xD;&#xA;join otr&#xD;&#xA;  where otr.organization_id = o.organization_id&#xD;&#xA;      and otr.active_ind = 1&#xD;&#xA;join c&#xD;&#xA;  where c.code_value = otr.org_type_cd&#xD;&#xA;      and c.cdf_meaning in (&quot;CLIENT&quot;,&quot;FACILITY&quot;)&#xD;&#xA;join oesr&#xD;&#xA;  where oesr.organization_id = outerjoin(o.organization_id)&#xD;&#xA;order o.org_name, o.organization_id"/>
          <statements dependency="DOCUMENT_NAME" statement="select c.display_key, _hidden = c.code_value, c.display, c.description&#xD;&#xA;from code_value c,&#xD;&#xA;        him_event_extension h&#xD;&#xA;plan h&#xD;&#xA;  where h.organization_id = cnvtreal(PAR1)&#xD;&#xA;      and h.active_ind = 1&#xD;&#xA;join c&#xD;&#xA;  where c.code_value = h.event_cd"/>
        </arguments>
        <arguments xsi:type="EM:FixedListArgument" name="TAG_COLOR_IND" dataType="CHARACTER" required="true">
          <stringTable>
            <column value="YES"/>
            <column value="Want a tag color assigned"/>
          </stringTable>
          <stringTable>
            <column value="NO"/>
            <column value="Do NOT want a tag color assigned"/>
          </stringTable>
        </arguments>
        <arguments xsi:type="EM:FixedListArgument" name="DEFICIENT_PERSONNEL" dataType="CHARACTER" required="true">
          <defaultValue xsi:type="EM:StringValue" value="ATTENDDOC"/>
          <stringTable>
            <column value="ADMITDOC"/>
            <column value="Admitting Physician"/>
          </stringTable>
          <stringTable>
            <column value="ATTENDDOC"/>
            <column value="Attending Physician"/>
          </stringTable>
          <stringTable>
            <column value="DISCHDOC"/>
            <column value="Discharge Doctor (based on Discharge Order)"/>
          </stringTable>
          <stringTable>
            <column value="EDDOC"/>
            <column value="ED Patient Seen Documenting Physician"/>
          </stringTable>
          <stringTable>
            <column value="SURGDOC"/>
            <column value="Primary Physician associated to the IntraOperative Record."/>
          </stringTable>
        </arguments>
      </templateDefinitions>
    </actionTemplates>
  </expertTemplates>
  <ruleDefinition>
    <evokeSection>
      <evokes evokeEvent="//@expertTemplates/@events/@event.41">
        <logicExpression xsi:type="EM:Antecedent" id="E1" template="HIM_ADMIT_DISCH">
          <facts argument="EVENT">
            <value xsi:type="EM:StringValue" value="DISCHARGE"/>
          </facts>
        </logicExpression>
      </evokes>
    </evokeSection>
    <logicSection>
      <logicExpression xsi:type="EM:InfixExpression">
        <leftExpression xsi:type="EM:Antecedent" id="L1" template="EKS_ENCOUNTER_DETAIL_L">
          <facts argument="ENC_DETAIL">
            <value xsi:type="EM:ListValue">
              <values xsi:type="EM:ListValue">
                <values xsi:type="EM:CustomValue" hideDisplay="true">
                  <customValue xsi:type="EM:StringValue" value="ENCNTR_TYPE_CD\71"/>
                </values>
                <values xsi:type="EM:StringValue" value="Encounter Type"/>
              </values>
            </value>
          </facts>
          <facts argument="QUAL">
            <value xsi:type="EM:ListValue">
              <values xsi:type="EM:ListValue">
                <values xsi:type="EM:CustomValue" hideDisplay="true">
                  <customValue xsi:type="EM:StringValue" value="="/>
                </values>
                <values xsi:type="EM:StringValue" value="is listed"/>
              </values>
            </value>
          </facts>
          <facts argument="DETAIL_VALUE">
            <value xsi:type="EM:ListValue">
              <values xsi:type="EM:ListValue">
                <values xsi:type="EM:CustomValue" hideDisplay="true">
                  <customValue xsi:type="EM:StringValue" value="CKI.CODEVALUE!3957"/>
                </values>
                <values xsi:type="EM:StringValue" value="EMERGENCY"/>
              </values>
            </value>
          </facts>
          <facts argument="OPT_LINK">
            <value xsi:type="EM:AntecedentReference"/>
          </facts>
        </leftExpression>
        <rightExpression xsi:type="EM:PrefixExpression">
          <expression xsi:type="EM:Antecedent" id="L2" template="EKS_CE_NORMALCY_L">
            <facts argument="EVENT_SET_NAME">
              <value xsi:type="EM:ListValue">
                <values xsi:type="EM:ListValue">
                  <values xsi:type="EM:CustomValue" hideDisplay="true">
                    <customValue xsi:type="EM:StringValue" value="ED Note Physician"/>
                  </values>
                  <values xsi:type="EM:StringValue" value="ED Note Physician"/>
                  <values xsi:type="EM:ListValue">
                    <values xsi:type="EM:CustomValue" hideDisplay="true">
                      <customValue xsi:type="EM:StringValue" value="E"/>
                    </values>
                  </values>
                </values>
              </value>
            </facts>
            <facts argument="STATUS">
              <value xsi:type="EM:ListValue">
                <values xsi:type="EM:ListValue">
                  <values xsi:type="EM:CustomValue" hideDisplay="true">
                    <customValue xsi:type="EM:StringValue" value="CDF8:ANTICIPATED"/>
                  </values>
                  <values xsi:type="EM:StringValue" value="Anticipated"/>
                </values>
                <values xsi:type="EM:ListValue">
                  <values xsi:type="EM:CustomValue" hideDisplay="true">
                    <customValue xsi:type="EM:StringValue" value="CDF8:AUTH"/>
                  </values>
                  <values xsi:type="EM:StringValue" value="Auth (Verified)"/>
                </values>
              </value>
            </facts>
            <facts argument="NORMALCY">
              <value xsi:type="EM:ListValue">
                <values xsi:type="EM:ListValue">
                  <values xsi:type="EM:CustomValue" hideDisplay="true">
                    <customValue xsi:type="EM:StringValue" value="*Any Normalcy"/>
                  </values>
                  <values xsi:type="EM:StringValue" value="*Any Normalcy"/>
                </values>
              </value>
            </facts>
            <facts argument="OPT_LINK">
              <value xsi:type="EM:AntecedentReference" antecedent="//@ruleDefinition/@logicSection/@logicExpression/@leftExpression"/>
            </facts>
            <facts argument="OPT_TIME_NUM"/>
            <facts argument="OPT_TIME_UNIT">
              <value xsi:type="EM:StringValue"/>
            </facts>
          </expression>
        </rightExpression>
      </logicExpression>
    </logicSection>
    <actionSection>
      <action xsi:type="EM:ActionExpression">
        <logicExpression xsi:type="EM:Antecedent" id="A1" template="HIM_ADD_ANTIC_DOCS_PROV_COV">
          <facts argument="DOCUMENT_NAME">
            <value xsi:type="EM:ListValue">
              <values xsi:type="EM:ListValue">
                <values xsi:type="EM:CustomValue" hideDisplay="true">
                  <customValue xsi:type="EM:StringValue" value="2820589.00"/>
                </values>
                <values xsi:type="EM:StringValue" value="EDNOTEPHYSICIAN"/>
              </values>
            </value>
          </facts>
          <facts argument="TAG_COLOR_IND">
            <value xsi:type="EM:StringValue" value="NO"/>
          </facts>
          <facts argument="DEFICIENT_PERSONNEL">
            <value xsi:type="EM:StringValue" value="EDDOC"/>
          </facts>
        </logicExpression>
      </action>
    </actionSection>
  </ruleDefinition>
</EM:ExpertModule>
