<?xml version="1.0" encoding="ASCII"?>
<EM:ExpertModule xmi:version="2.0" xmlns:xmi="http://www.omg.org/XMI" xmlns:xsi="http://www.w3.org/2001/XMLSchema-instance" xmlns:EM="http:///com.cerner.expert/expertmodule/1.0.0" moduleName="WH_NOTIFY_MAGNES_GT_24HR">
  <information>
    <runtimeInformation versionString="001.030" externalFileName="WH_NOTIFY_MAGNES_GT_24HR" lastUpdated="2021-02-26T16:22:54.000-0500" validtionType="PRODUCTION" title="WH_NOTIFY_MAGNES_GT_24HR" reconcileFlag="1" reconcileDate="2021-02-26T16:22:54.000-0500">
      <duration start="2021-01-21T00:00:00.000-0500" end="2100-12-31T23:59:59.000-0500"/>
      <updateUser userName="ZABOROWSKI, KASSI"/>
    </runtimeInformation>
    <documentation author="djherren" institution="Covenant Health" specialist=""/>
  </information>
  <expertTemplates>
    <events>
      <event name=""/>
      <event name="ADDPROBLEM"/>
      <event name="ADDTOSCRATCHPAD"/>
      <event name="ALLERGY_EVENT"/>
      <event name="AP_ORDER_EVENT"/>
      <event name="BB_RESULT_EVENT"/>
      <event name="CBTFLEXORDERS"/>
      <event name="CHART_SERVER_EVENT"/>
      <event name="CLINICALTRIALSCREEN"/>
      <event name="CLINICAL_EVENT"/>
      <event name="CLOSECHART"/>
      <event name="COLLECTION_EVENT"/>
      <event name="DCP_CN_TASK_UPD"/>
      <event name="DCP_MODTASK_EVENT"/>
      <event name="DCP_PW_COND"/>
      <event name="DCP_PW_OUTCOME_EVENT"/>
      <event name="DIAGNOSIS_EVENT"/>
      <event name="EKS_FORMAT"/>
      <event name="EKS_SYNC_TEST01"/>
      <event name="EKS_TEST_02"/>
      <event name="EKS_TEST_EVENT"/>
      <event name="EKS_TEST_EVENT01"/>
      <event name="ENSURE_EVENT"/>
      <event name="EXPERT_EVENT"/>
      <event name="HEALTHE_EVENT"/>
      <event name="HEALTH_MAINT_QUAL_EVENT"/>
      <event name="HIM_ADD_REQUEST"/>
      <event name="HIM_ADMIT_EVENT"/>
      <event name="HIM_PATIENT_INFO_REQUEST"/>
      <event name="HIM_TEST_EVENT"/>
      <event name="HL7_EVENT"/>
      <event name="MB_EXPEDITE"/>
      <event name="MB_RESULT_EVENT"/>
      <event name="MB_SCRIPTED_WORKUPS"/>
      <event name="MB_SUSCEPTIBILITY"/>
      <event name="MDI_RESULT_EVENT"/>
      <event name="MEDCHARTACTIVATE"/>
      <event name="MPI_ADT"/>
      <event name="OPENCHART"/>
      <event name="ORDER_EVENT"/>
      <event name="ORDER_PRO_TEST1"/>
      <event name="PATIENT_EVENT"/>
      <event name="PCA_EXPERT_EVENT"/>
      <event name="Person_Transaction"/>
      <event name="PFT_Add_Account"/>
      <event name="PFT_ADJ_WO"/>
      <event name="PFT_CHARGE_EVENT"/>
      <event name="pft_check_amount"/>
      <event name="PFT_VEHICLE"/>
      <event name="PNTFLEXREFRANGE"/>
      <event name="POWERPLANFLEX"/>
      <event name="PROBLEM_EVENT"/>
      <event name="PROFIT_1450_CLAIM_EVENT"/>
      <event name="PROFIT_1500_CLAIM_EVENT"/>
      <event name="PROVIDER_CHG_EVENT"/>
      <event name="PROVIDE_EVENT"/>
      <event name="PWRCHRT_ADD_ORDER"/>
      <event name="RESULT_EVENT"/>
      <event name="RESULT_EVENT_CSM"/>
      <event name="RESULT_EVENT_TEST"/>
      <event name="SCH_ACTION_EVENT"/>
      <event name="SIGNORDER"/>
      <event name="SN New Pref Card Created"/>
      <event name="SN_CASE_CHECK_IN_EVENT"/>
      <event name="SN_CASE_EVENT"/>
      <event name="SN_CASE_SCHEDULE_EVENT"/>
      <event name="SN_DOCUMENT_OPEN"/>
      <event name="SN_DOCUMENT_STATE"/>
      <event name="SN_FINALIZE_DOC_EVENT"/>
      <event name="SN_PROCEDURE_SCHEDULE"/>
      <event name="SN_SAVE_PROCEDURE"/>
      <event name="SN_TEST_EVENT"/>
      <event name="SOCIAL_HISTORY_ADD"/>
      <event name="SYNCHEVENT"/>
      <event name="TOCFLEX"/>
      <event name="TOUCHOPENCHART"/>
    </events>
    <evokeTemplates>
      <templateDefinitions xsi:type="EM:ExpertTemplate" name="EKS_APPLICATION_E" definition="The application being used QUALIFIER APPLICATION" description="Application that generated the evoking event" eventDependency="//@expertTemplates/@events/@event.1 //@expertTemplates/@events/@event.2 //@expertTemplates/@events/@event.3 //@expertTemplates/@events/@event.8 //@expertTemplates/@events/@event.10 //@expertTemplates/@events/@event.13 //@expertTemplates/@events/@event.16 //@expertTemplates/@events/@event.36 //@expertTemplates/@events/@event.38 //@expertTemplates/@events/@event.39 //@expertTemplates/@events/@event.49 //@expertTemplates/@events/@event.51 //@expertTemplates/@events/@event.55 //@expertTemplates/@events/@event.57 //@expertTemplates/@events/@event.61 //@expertTemplates/@events/@event.73 //@expertTemplates/@events/@event.74 //@expertTemplates/@events/@event.75" reconcilable="true">
        <keywords>UTILITY</keywords>
        <arguments xsi:type="EM:FixedListArgument" name="QUALIFIER" dataType="CHARACTER" validationType="READ_ONLY" required="true" reconcileScript="N/A">
          <stringTable>
            <column value="is listed in"/>
            <column value="is listed in"/>
          </stringTable>
          <stringTable>
            <column value="is not listed in"/>
            <column value="is not listed in"/>
          </stringTable>
        </arguments>
        <arguments xsi:type="EM:ReferentialArgument" name="APPLICATION" dataType="CHARACTER" controlType="LISTBOX" validationType="READ_ONLY" required="true" reconcileScript="eks_p_app" keyFieldIndex="2">
          <statements dependency="APPLICATION" statement="select &#xD;&#xA;  Application_Name = ap.description,&#xD;&#xA;  _hidden = ap.application_number&#xD;&#xA;from application ap&#xD;&#xA;where ap.active_ind = 1&#xD;&#xA;  /*and (ap.direct_access_ind = 1 or ap.application_number in (961000,600005,380000)) */&#xD;&#xA;  and ap.application_number > 0&#xD;&#xA;  and ap.description > &quot; &quot;&#xD;&#xA;order application_name"/>
        </arguments>
      </templateDefinitions>
      <templateDefinitions xsi:type="EM:ExpertTemplate" name="EKS_USER_POSITION_E" definition="The user's position QUALIFIER POSITION" description="User position" eventDependency="//@expertTemplates/@events/@event.1 //@expertTemplates/@events/@event.2 //@expertTemplates/@events/@event.3 //@expertTemplates/@events/@event.8 //@expertTemplates/@events/@event.10 //@expertTemplates/@events/@event.13 //@expertTemplates/@events/@event.16 //@expertTemplates/@events/@event.23 //@expertTemplates/@events/@event.36 //@expertTemplates/@events/@event.38 //@expertTemplates/@events/@event.39 //@expertTemplates/@events/@event.42 //@expertTemplates/@events/@event.49 //@expertTemplates/@events/@event.51 //@expertTemplates/@events/@event.55 //@expertTemplates/@events/@event.57 //@expertTemplates/@events/@event.61 //@expertTemplates/@events/@event.73 //@expertTemplates/@events/@event.74 //@expertTemplates/@events/@event.75" optimizable="true" reconcilable="true">
        <keywords>UTILITY</keywords>
        <arguments xsi:type="EM:FixedListArgument" name="QUALIFIER" dataType="CHARACTER" validationType="READ_ONLY" required="true" reconcileScript="N/A">
          <stringTable>
            <column value="is listed in"/>
            <column value="is listed in"/>
          </stringTable>
          <stringTable>
            <column value="is not listed in "/>
            <column value="is not listed in"/>
          </stringTable>
        </arguments>
        <arguments xsi:type="EM:ReferentialArgument" name="POSITION" dataType="CHARACTER" controlType="LISTBOX" validationType="READ_ONLY" required="true" optimizable="true" reconcileScript="eks_p_codeset_cki_refhelp  &quot;88&quot;,&quot;CKI&quot;,&quot;*ALL&quot;" keyFieldIndex="2">
          <statements dependency="POSITION" statement="eks_codeset_cki_refhelp &quot;88&quot;,&quot;&quot;,&quot;&quot; go"/>
        </arguments>
      </templateDefinitions>
      <templateDefinitions xsi:type="EM:ExpertTemplate" name="EKS_DEBUGEKM_E" definition="Turn debug messaging DEBUG_STATUS" description="Turn debug messaging on or off" eventDependency="//@expertTemplates/@events/@event.1 //@expertTemplates/@events/@event.2 //@expertTemplates/@events/@event.3 //@expertTemplates/@events/@event.4 //@expertTemplates/@events/@event.5 //@expertTemplates/@events/@event.8 //@expertTemplates/@events/@event.9 //@expertTemplates/@events/@event.10 //@expertTemplates/@events/@event.11 //@expertTemplates/@events/@event.13 //@expertTemplates/@events/@event.16 //@expertTemplates/@events/@event.23 //@expertTemplates/@events/@event.26 //@expertTemplates/@events/@event.27 //@expertTemplates/@events/@event.28 //@expertTemplates/@events/@event.31 //@expertTemplates/@events/@event.32 //@expertTemplates/@events/@event.33 //@expertTemplates/@events/@event.34 //@expertTemplates/@events/@event.36 //@expertTemplates/@events/@event.38 //@expertTemplates/@events/@event.39 //@expertTemplates/@events/@event.41 //@expertTemplates/@events/@event.42 //@expertTemplates/@events/@event.45 //@expertTemplates/@events/@event.44 //@expertTemplates/@events/@event.48 //@expertTemplates/@events/@event.49 //@expertTemplates/@events/@event.50 //@expertTemplates/@events/@event.51 //@expertTemplates/@events/@event.55 //@expertTemplates/@events/@event.57 //@expertTemplates/@events/@event.58 //@expertTemplates/@events/@event.61 //@expertTemplates/@events/@event.62 //@expertTemplates/@events/@event.63 //@expertTemplates/@events/@event.64 //@expertTemplates/@events/@event.65 //@expertTemplates/@events/@event.66 //@expertTemplates/@events/@event.67 //@expertTemplates/@events/@event.68 //@expertTemplates/@events/@event.69 //@expertTemplates/@events/@event.70 //@expertTemplates/@events/@event.72 //@expertTemplates/@events/@event.73 //@expertTemplates/@events/@event.74 //@expertTemplates/@events/@event.75 //@expertTemplates/@events/@event.47" reconcilable="true" alwaysTrue="true">
        <keywords>UTILITY</keywords>
        <arguments xsi:type="EM:ReferentialArgument" name="DEBUG_STATUS" dataType="CHARACTER" controlType="REFERENTIAL" validationType="READ_ONLY" required="true" reconcileScript="N/A" keyFieldIndex="2">
          <statements dependency="DEBUG_STATUS" statement="select debug_status = if (d.seq =  1) &quot;On for subsequent Evoke Templates&quot;&#xD;&#xA; elseif (d.seq = 2) &quot;Off for subsequent Evoke Templates&quot;&#xD;&#xA; elseif (d.seq = 3) &quot;On for all Logic Templates&quot;&#xD;&#xA; elseif (d.seq = 4) &quot;On for all Action Templates&quot;&#xD;&#xA; elseif (d.seq = 5) &quot;On for all Logic and Action Templates&quot;&#xD;&#xA; elseif (d.seq = 6) &quot;To FullAudit for this module only&quot;&#xD;&#xA; elseif (d.seq = 7) &quot;Additional EKSDATA logging&quot;&#xD;&#xA;ENDIF,&#xD;&#xA;_hidden = if (d.seq = 1) 1&#xD;&#xA; elseif (d.seq=2) 0&#xD;&#xA; elseif (d.seq=3) 2&#xD;&#xA; elseif (d.seq=4) 3&#xD;&#xA; elseif (d.seq=5) 4&#xD;&#xA; elseif (d.seq=6) 5&#xD;&#xA; elseif (d.seq=7) 6&#xD;&#xA;endif&#xD;&#xA;&#xD;&#xA;FROM (DUMMYT D WITH SEQ = VALUE(7))"/>
        </arguments>
      </templateDefinitions>
    </evokeTemplates>
    <logicTemplates>
      <templateDefinitions xsi:type="EM:ExpertTemplate" name="EKS_STOP_LOGIC_L" definition="the following templates are false, MODE logic evaluation" description="Used to control efficiency of Action Group rules" eventDependency="//@expertTemplates/@events/@event.1 //@expertTemplates/@events/@event.2 //@expertTemplates/@events/@event.3 //@expertTemplates/@events/@event.5 //@expertTemplates/@events/@event.8 //@expertTemplates/@events/@event.9 //@expertTemplates/@events/@event.10 //@expertTemplates/@events/@event.11 //@expertTemplates/@events/@event.13 //@expertTemplates/@events/@event.16 //@expertTemplates/@events/@event.23 //@expertTemplates/@events/@event.32 //@expertTemplates/@events/@event.36 //@expertTemplates/@events/@event.38 //@expertTemplates/@events/@event.39 //@expertTemplates/@events/@event.41 //@expertTemplates/@events/@event.42 //@expertTemplates/@events/@event.49 //@expertTemplates/@events/@event.50 //@expertTemplates/@events/@event.51 //@expertTemplates/@events/@event.55 //@expertTemplates/@events/@event.57 //@expertTemplates/@events/@event.58 //@expertTemplates/@events/@event.61 //@expertTemplates/@events/@event.72 //@expertTemplates/@events/@event.73 //@expertTemplates/@events/@event.74 //@expertTemplates/@events/@event.75" reconcilable="true" alwaysTrue="true">
        <keywords>UTILITY</keywords>
        <arguments xsi:type="EM:FixedListArgument" name="MODE" dataType="CHARACTER" validationType="READ_ONLY" reconcileScript="N/A">
          <defaultValue xsi:type="EM:StringValue" value="STOP"/>
          <stringTable>
            <column value="STOP"/>
            <column value=" "/>
          </stringTable>
          <stringTable>
            <column value="CONTINUE"/>
            <column value=" "/>
          </stringTable>
        </arguments>
      </templateDefinitions>
      <templateDefinitions xsi:type="EM:ExpertTemplate" name="EKS_LOGIC_TRUE" definition="LOGIC is true" description="Always true" eventDependency="//@expertTemplates/@events/@event.1 //@expertTemplates/@events/@event.2 //@expertTemplates/@events/@event.3 //@expertTemplates/@events/@event.8 //@expertTemplates/@events/@event.9 //@expertTemplates/@events/@event.10 //@expertTemplates/@events/@event.11 //@expertTemplates/@events/@event.13 //@expertTemplates/@events/@event.16 //@expertTemplates/@events/@event.23 //@expertTemplates/@events/@event.24 //@expertTemplates/@events/@event.36 //@expertTemplates/@events/@event.38 //@expertTemplates/@events/@event.39 //@expertTemplates/@events/@event.41 //@expertTemplates/@events/@event.42 //@expertTemplates/@events/@event.49 //@expertTemplates/@events/@event.50 //@expertTemplates/@events/@event.51 //@expertTemplates/@events/@event.55 //@expertTemplates/@events/@event.57 //@expertTemplates/@events/@event.58 //@expertTemplates/@events/@event.60 //@expertTemplates/@events/@event.61 //@expertTemplates/@events/@event.72 //@expertTemplates/@events/@event.73 //@expertTemplates/@events/@event.74 //@expertTemplates/@events/@event.75" reconcilable="true" alwaysTrue="true">
        <keywords>UTILITY</keywords>
        <arguments name="LOGIC" dataType="CHARACTER" reconcileScript="N/A">
          <defaultValue xsi:type="EM:StringValue" value="@quot;LOGIC@quot;"/>
        </arguments>
      </templateDefinitions>
      <templateDefinitions xsi:type="EM:ExpertTemplate" name="EKS_ENCOUNTER_LOC_DETAIL_L" definition="the patient's ENC_DETAIL that QUAL in DETAIL_VALUE for the same encounter as OPT_LINK" description="Encounter location attributes" eventDependency="//@expertTemplates/@events/@event.1 //@expertTemplates/@events/@event.2 //@expertTemplates/@events/@event.3 //@expertTemplates/@events/@event.4 //@expertTemplates/@events/@event.5 //@expertTemplates/@events/@event.8 //@expertTemplates/@events/@event.9 //@expertTemplates/@events/@event.10 //@expertTemplates/@events/@event.11 //@expertTemplates/@events/@event.13 //@expertTemplates/@events/@event.16 //@expertTemplates/@events/@event.23 //@expertTemplates/@events/@event.32 //@expertTemplates/@events/@event.34 //@expertTemplates/@events/@event.36 //@expertTemplates/@events/@event.38 //@expertTemplates/@events/@event.39 //@expertTemplates/@events/@event.41 //@expertTemplates/@events/@event.42 //@expertTemplates/@events/@event.49 //@expertTemplates/@events/@event.50 //@expertTemplates/@events/@event.51 //@expertTemplates/@events/@event.55 //@expertTemplates/@events/@event.57 //@expertTemplates/@events/@event.60 //@expertTemplates/@events/@event.61 //@expertTemplates/@events/@event.72 //@expertTemplates/@events/@event.73 //@expertTemplates/@events/@event.74 //@expertTemplates/@events/@event.75" reconcilable="true">
        <keywords>ENCOUNTER</keywords>
        <arguments xsi:type="EM:ReferentialArgument" name="ENC_DETAIL" dataType="CHARACTER" controlType="REFERENTIAL" validationType="READ_ONLY" required="true" reconcileScript="N/A" keyFieldIndex="2">
          <statements dependency="ENC_DETAIL" statement="execute EKS_T_ENC_DETAIL_REFHELP &quot;LOC&quot; go"/>
        </arguments>
        <arguments xsi:type="EM:ReferentialArgument" name="QUAL" dataType="CHARACTER" controlType="REFERENTIAL" validationType="READ_ONLY" required="true" dependency="ENC_DETAIL" reconcileScript="N/A" keyFieldIndex="2">
          <statements dependency="QUAL" statement="execute EKS_T_ENC_DETAIL_REFHELP concat(&quot;QUAL&quot;, PAR1) go"/>
        </arguments>
        <arguments xsi:type="EM:ReferentialArgument" name="DETAIL_VALUE" dataType="CHARACTER" controlType="LISTBOX" validationType="READ_ONLY" required="true" dependency="ENC_DETAIL" reconcileScript="eks_p_encDetail" keyFieldIndex="2">
          <statements dependency="DETAIL_VALUE" statement="execute EKS_T_DB_LOCATION_REFHELP &quot;0&quot; go"/>
          <statements dependency="DETAIL_VALUE" statement="execute EKS_T_DB_LOCATION_REFHELP ConCat(PAR1, &quot;^2&quot;) go"/>
          <statements dependency="DETAIL_VALUE" statement="execute EKS_T_DB_LOCATION_REFHELP ConCat(PAR1, &quot;^3&quot;) go"/>
          <statements dependency="DETAIL_VALUE" statement="execute EKS_T_DB_LOCATION_REFHELP ConCat(PAR1, &quot;^4&quot;) go"/>
          <statements dependency="DETAIL_VALUE" statement="execute EKS_T_DB_LOCATION_REFHELP ConCat(PAR1, &quot;^5&quot;) go"/>
        </arguments>
        <arguments name="OPT_LINK" dataType="LINK" controlType="TEMPLATE_REFERENCE" reconcileScript="N/A"/>
      </templateDefinitions>
      <templateDefinitions xsi:type="EM:ExpertTemplate" name="EKS_PT_DEMOGRAPHIC_L" definition="patient's DEMOGRAPHIC is in OPT_CODED_VALUES or city/zip code is OPT_TEXT_VALUE" description="Demographics" eventDependency="//@expertTemplates/@events/@event.1 //@expertTemplates/@events/@event.2 //@expertTemplates/@events/@event.3 //@expertTemplates/@events/@event.8 //@expertTemplates/@events/@event.9 //@expertTemplates/@events/@event.10 //@expertTemplates/@events/@event.11 //@expertTemplates/@events/@event.13 //@expertTemplates/@events/@event.16 //@expertTemplates/@events/@event.23 //@expertTemplates/@events/@event.25 //@expertTemplates/@events/@event.34 //@expertTemplates/@events/@event.36 //@expertTemplates/@events/@event.38 //@expertTemplates/@events/@event.39 //@expertTemplates/@events/@event.41 //@expertTemplates/@events/@event.42 //@expertTemplates/@events/@event.49 //@expertTemplates/@events/@event.50 //@expertTemplates/@events/@event.51 //@expertTemplates/@events/@event.55 //@expertTemplates/@events/@event.57 //@expertTemplates/@events/@event.61 //@expertTemplates/@events/@event.72 //@expertTemplates/@events/@event.73 //@expertTemplates/@events/@event.74 //@expertTemplates/@events/@event.75" reconcilable="true">
        <keywords>PERSON</keywords>
        <arguments xsi:type="EM:FixedListArgument" name="DEMOGRAPHIC" dataType="CHARACTER" validationType="READ_ONLY" required="true" reconcileScript="N/A">
          <stringTable>
            <column value="BIRTH SEX"/>
            <column value="Birth sex code (Code set 56)"/>
          </stringTable>
          <stringTable>
            <column value="BUSINESS CITY"/>
            <column value="City business mailing address (Free Text)"/>
          </stringTable>
          <stringTable>
            <column value="BUSINESS COUNTRY"/>
            <column value="Country business mailing address (Code set 15)"/>
          </stringTable>
          <stringTable>
            <column value="BUSINESS COUNTY"/>
            <column value="County of business mailing address (Code set 74)"/>
          </stringTable>
          <stringTable>
            <column value="BUSINESS STATE"/>
            <column value="State business mailing address (code set 62)"/>
          </stringTable>
          <stringTable>
            <column value="BUSINESS ZIP"/>
            <column value="ZIP business mail address (Free Text)"/>
          </stringTable>
          <stringTable>
            <column value="CITIZENSHIP"/>
            <column value="Citizenship code (Code set 14650)"/>
          </stringTable>
          <stringTable>
            <column value="CONTRIBUTOR SYSTEM"/>
            <column value="Contributor system code (Code set 89)"/>
          </stringTable>
          <stringTable>
            <column value="ETHNIC GROUP"/>
            <column value="Ethnic group code (Code set 27)"/>
          </stringTable>
          <stringTable>
            <column value="GENDER"/>
            <column value="Level gender code (Code set 57)"/>
          </stringTable>
          <stringTable>
            <column value="LANGUAGE"/>
            <column value="Language code (Code set 36)"/>
          </stringTable>
          <stringTable>
            <column value="MARITAL STATUS"/>
            <column value="Marital status code (Code set 38)"/>
          </stringTable>
          <stringTable>
            <column value="NATIONALITY"/>
            <column value="Nationality code (Code set 14652)"/>
          </stringTable>
          <stringTable>
            <column value="RACE"/>
            <column value="Race code (Code set 282)"/>
          </stringTable>
          <stringTable>
            <column value="RELIGION"/>
            <column value="Religion code (Code set 49)"/>
          </stringTable>
          <stringTable>
            <column value="RESIDENCE CITY"/>
            <column value="City residence mailing address (Free Text)"/>
          </stringTable>
          <stringTable>
            <column value="RESIDENCE COUNTRY"/>
            <column value="Country residence mailing address (Code set 15)"/>
          </stringTable>
          <stringTable>
            <column value="RESIDENCE COUNTY"/>
            <column value="County residence mailing address (Code set 74)"/>
          </stringTable>
          <stringTable>
            <column value="RESIDENCE STATE"/>
            <column value="State residence mailing address (Code set 62)"/>
          </stringTable>
          <stringTable>
            <column value="RESIDENCE ZIP"/>
            <column value="ZIP residence mailing address (Free Text)"/>
          </stringTable>
          <stringTable>
            <column value="SPECIES"/>
            <column value="Species code (Code set 226)"/>
          </stringTable>
          <stringTable>
            <column value="VIP CODE"/>
            <column value="Level VIP code (Code set 67)"/>
          </stringTable>
        </arguments>
        <arguments xsi:type="EM:ReferentialArgument" name="OPT_CODED_VALUES" dataType="CHARACTER" controlType="LISTBOX" validationType="READ_ONLY" dependency="DEMOGRAPHIC" reconcileScript="eks_p_ptDemoDetail" keyFieldIndex="2">
          <statements dependency="OPT_CODED_VALUES" statement="EXECUTE EKS_PT_DEMOGRAPHIC_REFHELP  PAR1  GO&#xD;&#xA;&#xD;&#xA;"/>
        </arguments>
        <arguments xsi:type="EM:ReferentialArgument" name="OPT_TEXT_VALUE" dataType="CHARACTER" controlType="LISTBOX" validationType="READ_ONLY" reconcileScript="N/A">
          <statements dependency="OPT_TEXT_VALUE" statement="select  FreeText = FillString(40, &quot; &quot;)&#xD;&#xA;from (dummyt d with seq = 1)&#xD;&#xA;"/>
        </arguments>
      </templateDefinitions>
      <templateDefinitions xsi:type="EM:ExpertTemplate" name="EKS_AGE_EVAL_L" definition="Person's age is EVALUATION AGE1 UNIT1 and OPT_AGE2 OPT_UNIT2 using person from OPT_LINK" description="Age" eventDependency="//@expertTemplates/@events/@event.1 //@expertTemplates/@events/@event.2 //@expertTemplates/@events/@event.3 //@expertTemplates/@events/@event.5 //@expertTemplates/@events/@event.9 //@expertTemplates/@events/@event.10 //@expertTemplates/@events/@event.11 //@expertTemplates/@events/@event.13 //@expertTemplates/@events/@event.16 //@expertTemplates/@events/@event.23 //@expertTemplates/@events/@event.32 //@expertTemplates/@events/@event.34 //@expertTemplates/@events/@event.36 //@expertTemplates/@events/@event.38 //@expertTemplates/@events/@event.39 //@expertTemplates/@events/@event.41 //@expertTemplates/@events/@event.42 //@expertTemplates/@events/@event.49 //@expertTemplates/@events/@event.50 //@expertTemplates/@events/@event.51 //@expertTemplates/@events/@event.55 //@expertTemplates/@events/@event.57 //@expertTemplates/@events/@event.58 //@expertTemplates/@events/@event.61 //@expertTemplates/@events/@event.72 //@expertTemplates/@events/@event.73 //@expertTemplates/@events/@event.74 //@expertTemplates/@events/@event.75" reconcilable="true">
        <keywords>PERSON</keywords>
        <arguments xsi:type="EM:FixedListArgument" name="EVALUATION" dataType="CHARACTER" validationType="READ_ONLY" required="true" reconcileScript="N/A">
          <stringTable>
            <column value="greater than"/>
            <column value="greater than"/>
          </stringTable>
          <stringTable>
            <column value="less than"/>
            <column value="less than"/>
          </stringTable>
          <stringTable>
            <column value="between"/>
            <column value="between"/>
          </stringTable>
          <stringTable>
            <column value="outside"/>
            <column value="outside"/>
          </stringTable>
        </arguments>
        <arguments name="AGE1" required="true" reconcileScript="N/A"/>
        <arguments xsi:type="EM:FixedListArgument" name="UNIT1" dataType="CHARACTER" validationType="READ_ONLY" required="true" reconcileScript="N/A">
          <stringTable>
            <column value="minutes"/>
            <column value="minutes"/>
          </stringTable>
          <stringTable>
            <column value="hours"/>
            <column value="hours"/>
          </stringTable>
          <stringTable>
            <column value="days"/>
            <column value="days"/>
          </stringTable>
          <stringTable>
            <column value="weeks"/>
            <column value="weeks"/>
          </stringTable>
          <stringTable>
            <column value="months"/>
            <column value="months"/>
          </stringTable>
          <stringTable>
            <column value="years"/>
            <column value="years"/>
          </stringTable>
        </arguments>
        <arguments name="OPT_AGE2" reconcileScript="N/A"/>
        <arguments xsi:type="EM:FixedListArgument" name="OPT_UNIT2" dataType="CHARACTER" validationType="READ_ONLY" reconcileScript="N/A">
          <stringTable>
            <column value="minutes"/>
            <column value="minutes"/>
          </stringTable>
          <stringTable>
            <column value="hours"/>
            <column value="hours"/>
          </stringTable>
          <stringTable>
            <column value="days"/>
            <column value="days"/>
          </stringTable>
          <stringTable>
            <column value="weeks"/>
            <column value="weeks"/>
          </stringTable>
          <stringTable>
            <column value="months"/>
            <column value="months"/>
          </stringTable>
          <stringTable>
            <column value="years"/>
            <column value="years"/>
          </stringTable>
        </arguments>
        <arguments name="OPT_LINK" dataType="LINK" controlType="TEMPLATE_REFERENCE" reconcileScript="N/A"/>
      </templateDefinitions>
      <templateDefinitions xsi:type="EM:ExpertTemplate" name="EKS_PROBLEMS_FIND_L" definition="OPT_PROBLEMS exist with OPT_QUALIFIER, OPT_CONFIRMATION, OPT_CLASSIFICATION, OPT_LIFE_CYCLE_STATUS, OPT_SEVERITY_CLASS, OPT_SEVERITY, OPT_COURSE for person LINK. Optionally narrow problem matching by limiting cross-mapping to OPT_CROSS_VOCABS vocabularies OPT_PERSON_ACTIVITY concepts on patient&#x2019;s profile and/or OPT_VOCAB_HIERARCHY hierarchy or ignoring concepts altogether OPT_IGNORE_CONCEPTS. Find all matches OPT_MATCH_ALL." description="Problem, attributes" eventDependency="//@expertTemplates/@events/@event.2 //@expertTemplates/@events/@event.3 //@expertTemplates/@events/@event.8 //@expertTemplates/@events/@event.9 //@expertTemplates/@events/@event.10 //@expertTemplates/@events/@event.11 //@expertTemplates/@events/@event.13 //@expertTemplates/@events/@event.16 //@expertTemplates/@events/@event.17 //@expertTemplates/@events/@event.22 //@expertTemplates/@events/@event.23 //@expertTemplates/@events/@event.36 //@expertTemplates/@events/@event.38 //@expertTemplates/@events/@event.39 //@expertTemplates/@events/@event.41 //@expertTemplates/@events/@event.42 //@expertTemplates/@events/@event.49 //@expertTemplates/@events/@event.50 //@expertTemplates/@events/@event.51 //@expertTemplates/@events/@event.55 //@expertTemplates/@events/@event.57 //@expertTemplates/@events/@event.61 //@expertTemplates/@events/@event.72 //@expertTemplates/@events/@event.73 //@expertTemplates/@events/@event.74 //@expertTemplates/@events/@event.75" optimizable="true" reconcilable="true">
        <keywords>PERSON</keywords>
        <arguments xsi:type="EM:ReferentialArgument" name="OPT_PROBLEMS" dataType="CHARACTER" controlType="NOMENCLATURE" reconcileScript="eks_p_nomen_recon 13" keyFieldIndex="2"/>
        <arguments xsi:type="EM:ReferentialArgument" name="OPT_QUALIFIER" dataType="CHARACTER" controlType="LISTBOX" validationType="READ_ONLY" optimizable="true" reconcileScript="eks_p_codeset_cki_refhelp &quot;29740&quot;,&quot;CDF&quot;,&quot;&quot;" keyFieldIndex="2">
          <statements dependency="OPT_QUALIFIER" statement="eks_codeset_cki_refhelp &quot;29740&quot;,&quot;CDF&quot;,&quot;&quot; go"/>
        </arguments>
        <arguments xsi:type="EM:ReferentialArgument" name="OPT_CONFIRMATION" dataType="CHARACTER" controlType="LISTBOX" validationType="READ_ONLY" optimizable="true" reconcileScript="eks_p_codeset_cki_refhelp &quot;12031&quot;,&quot;CDF&quot;,&quot;&quot;" keyFieldIndex="2">
          <statements dependency="OPT_CONFIRMATION" statement="eks_codeset_cki_refhelp &quot;12031&quot;,&quot;CDF&quot;,&quot;&quot; go"/>
        </arguments>
        <arguments xsi:type="EM:ReferentialArgument" name="OPT_CLASSIFICATION" dataType="CHARACTER" controlType="LISTBOX" validationType="READ_ONLY" optimizable="true" reconcileScript="eks_p_codeset_cki_refhelp &quot;12033&quot;,&quot;CDF&quot;,&quot;&quot;" keyFieldIndex="2">
          <statements dependency="OPT_CLASSIFICATION" statement="eks_codeset_cki_refhelp &quot;12033&quot;,&quot;CDF&quot;,&quot;&quot; go"/>
        </arguments>
        <arguments xsi:type="EM:ReferentialArgument" name="OPT_LIFE_CYCLE_STATUS" dataType="CHARACTER" controlType="LISTBOX" validationType="READ_ONLY" optimizable="true" reconcileScript="eks_p_codeset_cki_refhelp &quot;12030&quot;,&quot;CDF&quot;,&quot;&quot;" keyFieldIndex="2">
          <statements dependency="OPT_LIFE_CYCLE_STATUS" statement="eks_codeset_cki_refhelp &quot;12030&quot;,&quot;CDF&quot;,&quot;&quot; go"/>
        </arguments>
        <arguments xsi:type="EM:ReferentialArgument" name="OPT_SEVERITY_CLASS" dataType="CHARACTER" controlType="LISTBOX" validationType="READ_ONLY" optimizable="true" reconcileScript="eks_p_codeset_cki_refhelp &quot;29743&quot;,&quot;CDF&quot;,&quot;&quot;" keyFieldIndex="2">
          <statements dependency="OPT_SEVERITY_CLASS" statement="eks_codeset_cki_refhelp &quot;29743&quot;,&quot;CDF&quot;,&quot;&quot; go"/>
        </arguments>
        <arguments xsi:type="EM:ReferentialArgument" name="OPT_SEVERITY" dataType="CHARACTER" controlType="LISTBOX" validationType="READ_ONLY" optimizable="true" reconcileScript="eks_p_codeset_cki_refhelp &quot;12022&quot;,&quot;CDF&quot;,&quot;&quot;" keyFieldIndex="2">
          <statements dependency="OPT_SEVERITY" statement="eks_codeset_cki_refhelp &quot;12022&quot;,&quot;CDF&quot;,&quot;&quot; go"/>
        </arguments>
        <arguments xsi:type="EM:ReferentialArgument" name="OPT_COURSE" dataType="CHARACTER" controlType="LISTBOX" validationType="READ_ONLY" optimizable="true" reconcileScript="eks_p_codeset_cki_refhelp &quot;12039&quot;,&quot;CDF&quot;,&quot;&quot;" keyFieldIndex="2">
          <statements dependency="OPT_COURSE" statement="eks_codeset_cki_refhelp &quot;12039&quot;,&quot;CDF&quot;,&quot;&quot; go"/>
        </arguments>
        <arguments name="LINK" dataType="LINK" controlType="TEMPLATE_REFERENCE" required="true" reconcileScript="N/A"/>
        <arguments xsi:type="EM:ReferentialArgument" name="OPT_CROSS_VOCABS" dataType="CHARACTER" controlType="LISTBOX" validationType="READ_ONLY" optimizable="true" reconcileScript="eks_p_codeset_cki_refhelp &quot;400&quot;,&quot;CKI&quot;,&quot;*ALL,*NONE&quot;" keyFieldIndex="2">
          <statements dependency="OPT_CROSS_VOCABS" statement="eks_codeset_cki_refhelp &quot;400&quot;,&quot;CKI&quot;,&quot;*ALL,*NONE&quot; go"/>
        </arguments>
        <arguments xsi:type="EM:FixedListArgument" name="OPT_PERSON_ACTIVITY" dataType="CHARACTER" validationType="READ_ONLY" reconcileScript="N/A">
          <defaultValue xsi:type="EM:StringValue" value="Including"/>
          <stringTable>
            <column value="Including"/>
            <column value="Including cross map patient activity data"/>
          </stringTable>
          <stringTable>
            <column value="Excluding"/>
            <column value="Excluding cross map patient activity data"/>
          </stringTable>
        </arguments>
        <arguments xsi:type="EM:FixedListArgument" name="OPT_VOCAB_HIERARCHY" dataType="CHARACTER" validationType="READ_ONLY" reconcileScript="N/A">
          <defaultValue xsi:type="EM:StringValue" value="Include"/>
          <stringTable>
            <column value="Include"/>
            <column value="Include Hierarchy "/>
          </stringTable>
          <stringTable>
            <column value="Exclude"/>
            <column value="Exclude Hierarchy"/>
          </stringTable>
        </arguments>
        <arguments xsi:type="EM:FixedListArgument" name="OPT_IGNORE_CONCEPTS" dataType="CHARACTER" validationType="READ_ONLY" reconcileScript="N/A">
          <defaultValue xsi:type="EM:StringValue" value="NO"/>
          <stringTable>
            <column value="YES"/>
            <column value="ignore mapping Concept_CKI"/>
          </stringTable>
          <stringTable>
            <column value="NO"/>
            <column value="mapping Concept_CKI"/>
          </stringTable>
        </arguments>
        <arguments xsi:type="EM:FixedListArgument" name="OPT_MATCH_ALL" dataType="CHARACTER" validationType="READ_ONLY" reconcileScript="N/A">
          <defaultValue xsi:type="EM:StringValue" value="YES"/>
          <stringTable>
            <column value="YES"/>
            <column value="find ALL matched problem(s)"/>
          </stringTable>
          <stringTable>
            <column value="NO"/>
            <column value="find ONE matched problem"/>
          </stringTable>
        </arguments>
      </templateDefinitions>
      <templateDefinitions xsi:type="EM:ExpertTemplate" name="EKS_ORDERS_FIND_L" definition="orders exist ORD_METHOD OPT_ORDERS with order status of OPT_ORDER_STATUS on OPT_SCOPE OPT_LINK whose date criteria is OPT_QUAL OPT_TIME_NUM OPT_TIME_UNIT from the anchor OPT_ANCHOR_DT_TM." description="Orderable, status, attributes" recommeded="CAUTION" eventDependency="//@expertTemplates/@events/@event.1 //@expertTemplates/@events/@event.2 //@expertTemplates/@events/@event.3 //@expertTemplates/@events/@event.4 //@expertTemplates/@events/@event.5 //@expertTemplates/@events/@event.8 //@expertTemplates/@events/@event.9 //@expertTemplates/@events/@event.10 //@expertTemplates/@events/@event.11 //@expertTemplates/@events/@event.13 //@expertTemplates/@events/@event.16 //@expertTemplates/@events/@event.23 //@expertTemplates/@events/@event.36 //@expertTemplates/@events/@event.38 //@expertTemplates/@events/@event.39 //@expertTemplates/@events/@event.41 //@expertTemplates/@events/@event.42 //@expertTemplates/@events/@event.49 //@expertTemplates/@events/@event.50 //@expertTemplates/@events/@event.51 //@expertTemplates/@events/@event.55 //@expertTemplates/@events/@event.57 //@expertTemplates/@events/@event.61 //@expertTemplates/@events/@event.72 //@expertTemplates/@events/@event.73 //@expertTemplates/@events/@event.74 //@expertTemplates/@events/@event.75" optimizable="true" reconcilable="true">
        <keywords>ORDER</keywords>
        <arguments xsi:type="EM:ReferentialArgument" name="ORD_METHOD" dataType="CHARACTER" controlType="REFERENTIAL" validationType="READ_ONLY" required="true" reconcileScript="N/A">
          <statements dependency="ORD_METHOD" statement="execute eks_t_db_ref_help &quot;HELPNEWORDMETHOD^&quot; go"/>
        </arguments>
        <arguments xsi:type="EM:ReferentialArgument" name="OPT_ORDERS" dataType="CHARACTER" controlType="LISTBOX" validationType="READ_ONLY" dependency="ORD_METHOD" optimizable="true" reconcileScript="eks_p_ord_method_orders" keyFieldIndex="2">
          <statements dependency="OPT_ORDERS" statement="execute eks_t_db_ref_help ConCat(&quot;HELPCATALOGTYPE^&quot;, PAR1) go&#xD;&#xA;"/>
          <statements dependency="OPT_ORDERS" statement="execute eks_t_db_ref_help ConCat(&quot;HELPORDALPHA^&quot;, PAR1) go&#xD;&#xA;"/>
          <statements dependency="OPT_ORDERS" statement="execute eks_t_db_ref_help ConCat(&quot;HELPORDERS^&quot;, PAR1) go"/>
        </arguments>
        <arguments xsi:type="EM:ReferentialArgument" name="OPT_ORDER_STATUS" dataType="CHARACTER" controlType="LISTBOX" validationType="READ_ONLY" optimizable="true" reconcileScript="eks_p_codeset_cki_refhelp  &quot;6004&quot;,&quot;CKI&quot;,&quot;*ANY_STATUS&quot;" keyFieldIndex="2">
          <statements dependency="OPT_ORDER_STATUS" statement="eks_codeset_cki_refhelp &quot;6004&quot;,&quot;CKI&quot;,&quot;*ANY_STATUS&quot; go"/>
        </arguments>
        <arguments xsi:type="EM:FixedListArgument" name="OPT_SCOPE" dataType="CHARACTER" validationType="READ_ONLY" reconcileScript="N/A">
          <stringTable>
            <column value="the same accession as "/>
            <column value="link to other template by the same accession_id"/>
          </stringTable>
          <stringTable>
            <column value="the same encounter as "/>
            <column value="link to other template by the same encounter_id"/>
          </stringTable>
        </arguments>
        <arguments name="OPT_LINK" dataType="LINK" controlType="TEMPLATE_REFERENCE" reconcileScript="N/A"/>
        <arguments xsi:type="EM:FixedListArgument" name="OPT_QUAL" dataType="CHARACTER" validationType="READ_ONLY" reconcileScript="N/A">
          <stringTable>
            <column value="greater than"/>
            <column value="greater than"/>
          </stringTable>
          <stringTable>
            <column value="less than"/>
            <column value="less than"/>
          </stringTable>
          <stringTable>
            <column value="within"/>
            <column value="within"/>
          </stringTable>
          <stringTable>
            <column value="outside"/>
            <column value="outside"/>
          </stringTable>
        </arguments>
        <arguments name="OPT_TIME_NUM" dataType="CHARACTER" reconcileScript="N/A"/>
        <arguments xsi:type="EM:FixedListArgument" name="OPT_TIME_UNIT" dataType="CHARACTER" validationType="READ_ONLY" reconcileScript="N/A">
          <stringTable>
            <column value="minutes"/>
            <column value="minutes"/>
          </stringTable>
          <stringTable>
            <column value="hours"/>
            <column value="hours"/>
          </stringTable>
          <stringTable>
            <column value="days"/>
            <column value="days"/>
          </stringTable>
        </arguments>
        <arguments xsi:type="EM:FixedListArgument" name="OPT_ANCHOR_DT_TM" dataType="CHARACTER" validationType="READ_ONLY" reconcileScript="N/A">
          <stringTable>
            <column value="collection date &amp; time"/>
            <column value="collection date &amp; time"/>
          </stringTable>
          <stringTable>
            <column value="current start date &amp; time"/>
            <column value="current start date &amp; time"/>
          </stringTable>
          <stringTable>
            <column value="original order date &amp; time"/>
            <column value="original order date &amp; time"/>
          </stringTable>
          <stringTable>
            <column value="projected stop date &amp; time"/>
            <column value="projected stop date &amp; time"/>
          </stringTable>
        </arguments>
      </templateDefinitions>
      <templateDefinitions xsi:type="EM:ExpertTemplate" name="EKS_CALC_SAVE_L" definition="EXPRESSION" description="Create a value to be used by subsequent templates" eventDependency="//@expertTemplates/@events/@event.1 //@expertTemplates/@events/@event.2 //@expertTemplates/@events/@event.3 //@expertTemplates/@events/@event.5 //@expertTemplates/@events/@event.8 //@expertTemplates/@events/@event.9 //@expertTemplates/@events/@event.10 //@expertTemplates/@events/@event.11 //@expertTemplates/@events/@event.13 //@expertTemplates/@events/@event.16 //@expertTemplates/@events/@event.23 //@expertTemplates/@events/@event.36 //@expertTemplates/@events/@event.38 //@expertTemplates/@events/@event.39 //@expertTemplates/@events/@event.41 //@expertTemplates/@events/@event.42 //@expertTemplates/@events/@event.49 //@expertTemplates/@events/@event.50 //@expertTemplates/@events/@event.51 //@expertTemplates/@events/@event.55 //@expertTemplates/@events/@event.57 //@expertTemplates/@events/@event.58 //@expertTemplates/@events/@event.61 //@expertTemplates/@events/@event.72 //@expertTemplates/@events/@event.73 //@expertTemplates/@events/@event.74 //@expertTemplates/@events/@event.75" reconcilable="true">
        <keywords>UTILITY, LOG_RETVAL</keywords>
        <arguments name="EXPRESSION" dataType="CHARACTER" controlType="TEXT_MULTI_LINE" required="true" reconcileScript="N/A"/>
      </templateDefinitions>
    </logicTemplates>
    <actionTemplates>
      <templateDefinitions xsi:type="EM:ExpertTemplate" name="EKS_ALERT_FLEX_A" definition="Send alert OPT_TITLE stating TXT, OPT_CANCEL_LABEL, OPT_IGNORE_LABEL, OPT_OVERRIDE_REASON, OPT_MODIFY_LABEL, OPT_DEFAULT_LABEL, OPT_ORDERS, OPT_DEFAULT_FIRST_ORDER, OPT_URL_BUTTON_NAME, OPT_URL_ADDRESS, OK_BUTTON_NAME, OPT_FORM, OPT_FORM_BUTTON_NAME, OPT_FORCE_FORM, OPT_LINK" description="Interactive with additional orderable option" eventDependency="//@expertTemplates/@events/@event.1 //@expertTemplates/@events/@event.2 //@expertTemplates/@events/@event.8 //@expertTemplates/@events/@event.10 //@expertTemplates/@events/@event.36 //@expertTemplates/@events/@event.38 //@expertTemplates/@events/@event.61 //@expertTemplates/@events/@event.73 //@expertTemplates/@events/@event.75" optimizable="true" reconcilable="true">
        <keywords>ALERT</keywords>
        <arguments name="OPT_TITLE" dataType="CHARACTER" validationType="MAX_LENGTH" reconcileScript="N/A"/>
        <arguments name="TXT" dataType="CHARACTER" controlType="TEXT_MULTI_LINE" validationType="MAX_LENGTH" required="true" reconcileScript="N/A"/>
        <arguments name="OPT_CANCEL_LABEL" dataType="CHARACTER" reconcileScript="N/A"/>
        <arguments name="OPT_IGNORE_LABEL" dataType="CHARACTER" reconcileScript="N/A"/>
        <arguments xsi:type="EM:ReferentialArgument" name="OPT_OVERRIDE_REASON" dataType="CHARACTER" controlType="LISTBOX" validationType="READ_ONLY" optimizable="true" reconcileScript="eks_p_codeset_cki_refhelp  &quot;800&quot;,&quot;CKI&quot;,&quot;*ALL,*NONE&quot;" keyFieldIndex="2">
          <statements dependency="OPT_OVERRIDE_REASON" statement="eks_codeset_cki_refhelp &quot;800&quot;,&quot;CKI&quot;,&quot;*ALL,*NONE&quot; go"/>
        </arguments>
        <arguments name="OPT_MODIFY_LABEL" dataType="CHARACTER" reconcileScript="N/A"/>
        <arguments xsi:type="EM:FixedListArgument" name="OPT_DEFAULT_LABEL" dataType="CHARACTER" validationType="READ_ONLY" reconcileScript="N/A">
          <defaultValue xsi:type="EM:StringValue" value="NONE"/>
          <stringTable>
            <column value="@quot;OPT_CANCEL_LABEL@quot;"/>
            <column value="cancel previous order"/>
          </stringTable>
          <stringTable>
            <column value="@quot;OPT_IGNORE_LABEL@quot;"/>
            <column value="ignore the orderable"/>
          </stringTable>
          <stringTable>
            <column value="@quot;OPT_MODIFY_LABEL@quot;"/>
            <column value="modify the orderable"/>
          </stringTable>
          <stringTable>
            <column value="NONE"/>
            <column value="no default value for labels"/>
          </stringTable>
        </arguments>
        <arguments xsi:type="EM:ReferentialArgument" name="OPT_ORDERS" dataType="CHARACTER" controlType="LISTBOX" validationType="READ_ONLY" reconcileScript="eks_p_orders_sentence" keyFieldIndex="2">
          <statements dependency="OPT_ORDERS" statement="execute EKS_T_FLEX_ORDER_REFHELP &quot;CATALOGTYPE^&quot; go"/>
          <statements dependency="OPT_ORDERS" statement="execute EKS_T_FLEX_ORDER_REFHELP concat(&quot;ALPHA^&quot;, PAR1) go"/>
          <statements dependency="OPT_ORDERS" statement="execute EKS_T_FLEX_ORDER_REFHELP concat(&quot;ORDERS^&quot;, PAR1) go"/>
          <statements dependency="OPT_ORDERS" statement="execute EKS_T_FLEX_ORDER_REFHELP concat(&quot;SENTENCE^&quot;, PAR1) go"/>
        </arguments>
        <arguments xsi:type="EM:FixedListArgument" name="OPT_DEFAULT_FIRST_ORDER" dataType="CHARACTER" validationType="READ_ONLY" reconcileScript="N/A">
          <defaultValue xsi:type="EM:StringValue" value="DISABLED"/>
          <stringTable>
            <column value="ENABLED"/>
            <column value="enable the 1st orderable"/>
          </stringTable>
          <stringTable>
            <column value="DISABLED"/>
            <column value="no default orderable"/>
          </stringTable>
        </arguments>
        <arguments name="OPT_URL_BUTTON_NAME" dataType="CHARACTER" reconcileScript="N/A"/>
        <arguments name="OPT_URL_ADDRESS" dataType="CHARACTER" reconcileScript="N/A"/>
        <arguments name="OK_BUTTON_NAME" dataType="CHARACTER" required="true" reconcileScript="N/A">
          <defaultValue xsi:type="EM:StringValue" value="OK"/>
        </arguments>
        <arguments xsi:type="EM:ReferentialArgument" name="OPT_FORM" dataType="CHARACTER" controlType="REFERENTIAL" validationType="READ_ONLY" reconcileScript="eks_p_powerform" keyFieldIndex="2">
          <statements dependency="OPT_FORM" statement="select distinct&#xD;&#xA;  Form_Definition = if (t.seq = 1) &#xD;&#xA;        dfr.definition&#xD;&#xA;     else &#xD;&#xA;        &quot;*NONE&quot;&#xD;&#xA;     endif,&#xD;&#xA;  _hidden  = if (t.seq = 1) &#xD;&#xA;      dfr.dcp_forms_ref_id&#xD;&#xA;     else&#xD;&#xA;         0.0&#xD;&#xA;     endif,&#xD;&#xA;    Description = if (t.seq = 1) &#xD;&#xA;         dfr.description&#xD;&#xA;     else&#xD;&#xA;         &quot;NONE&quot;&#xD;&#xA;     endif&#xD;&#xA;from dcp_forms_ref dfr, (dummyt t with seq=2)&#xD;&#xA;plan dfr where dfr.active_ind = 1 and textlen(trim(dfr.definition)) > 0 and&#xD;&#xA; textlen(trim(dfr.definition)) > 0&#xD;&#xA;join t&#xD;&#xA;order Form_Definition"/>
        </arguments>
        <arguments name="OPT_FORM_BUTTON_NAME" dataType="CHARACTER" reconcileScript="N/A"/>
        <arguments xsi:type="EM:FixedListArgument" name="OPT_FORCE_FORM" dataType="CHARACTER" validationType="READ_ONLY" reconcileScript="N/A">
          <defaultValue xsi:type="EM:StringValue" value="ENABLED"/>
          <stringTable>
            <column value="ENABLED"/>
            <column value="PowerForm must be opened"/>
          </stringTable>
          <stringTable>
            <column value="DISABLED"/>
            <column value="PowerForm optional"/>
          </stringTable>
          <stringTable>
            <column value="FORCE SIGN"/>
            <column value="PowerForm must be signed"/>
          </stringTable>
          <stringTable>
            <column value="ENABLED AND DISMISS"/>
            <column value="PowerPorm must be opened, dismiss Alert"/>
          </stringTable>
          <stringTable>
            <column value="DISABLED AND DISMISS"/>
            <column value="PowerForm optional, dismiss Alert"/>
          </stringTable>
          <stringTable>
            <column value="FORCE SIGN AND DISMISS"/>
            <column value="PowerForm must be signed, dismiss Alert"/>
          </stringTable>
        </arguments>
        <arguments name="OPT_LINK" dataType="LINK" controlType="TEMPLATE_REFERENCE" reconcileScript="N/A"/>
      </templateDefinitions>
      <templateDefinitions xsi:type="EM:ExpertTemplate" name="EKS_EXEC_CCL_A" definition="Execute a program PROGRAM_NAME with parameters OPT_PARAM and link to OPT_LINK." description="Execute CCL program" eventDependency="//@expertTemplates/@events/@event.1 //@expertTemplates/@events/@event.2 //@expertTemplates/@events/@event.3 //@expertTemplates/@events/@event.4 //@expertTemplates/@events/@event.5 //@expertTemplates/@events/@event.8 //@expertTemplates/@events/@event.9 //@expertTemplates/@events/@event.10 //@expertTemplates/@events/@event.11 //@expertTemplates/@events/@event.13 //@expertTemplates/@events/@event.16 //@expertTemplates/@events/@event.23 //@expertTemplates/@events/@event.36 //@expertTemplates/@events/@event.38 //@expertTemplates/@events/@event.39 //@expertTemplates/@events/@event.41 //@expertTemplates/@events/@event.42 //@expertTemplates/@events/@event.49 //@expertTemplates/@events/@event.50 //@expertTemplates/@events/@event.51 //@expertTemplates/@events/@event.55 //@expertTemplates/@events/@event.56 //@expertTemplates/@events/@event.57 //@expertTemplates/@events/@event.61 //@expertTemplates/@events/@event.72 //@expertTemplates/@events/@event.73 //@expertTemplates/@events/@event.75" reconcilable="true">
        <keywords>UTILITY</keywords>
        <arguments name="PROGRAM_NAME" dataType="CHARACTER" required="true" reconcileScript="eks_p_checkprg"/>
        <arguments name="OPT_PARAM" dataType="CHARACTER" reconcileScript="N/A"/>
        <arguments name="OPT_LINK" dataType="LINK" controlType="TEMPLATE_REFERENCE" reconcileScript="N/A"/>
      </templateDefinitions>
    </actionTemplates>
  </expertTemplates>
  <ruleDefinition>
    <evokeSection>
      <evokes evokeEvent="//@expertTemplates/@events/@event.38">
        <logicExpression xsi:type="EM:InfixExpression">
          <leftExpression xsi:type="EM:Antecedent" id="E1" template="EKS_APPLICATION_E">
            <facts argument="QUALIFIER">
              <value xsi:type="EM:StringValue" value="is listed in"/>
            </facts>
            <facts argument="APPLICATION">
              <value xsi:type="EM:ListValue">
                <values xsi:type="EM:ListValue">
                  <values xsi:type="EM:CustomValue" hideDisplay="true">
                    <customValue xsi:type="EM:StringValue" value="600005"/>
                  </values>
                  <values xsi:type="EM:StringValue" value="HNA: Powerchart"/>
                </values>
              </value>
            </facts>
          </leftExpression>
          <rightExpression xsi:type="EM:InfixExpression">
            <leftExpression xsi:type="EM:Antecedent" id="E2" template="EKS_USER_POSITION_E">
              <facts argument="QUALIFIER">
                <value xsi:type="EM:StringValue" value="is listed in"/>
              </facts>
              <facts argument="POSITION">
                <value xsi:type="EM:ListValue">
                  <values xsi:type="EM:ListValue">
                    <values xsi:type="EM:CustomValue" hideDisplay="true">
                      <customValue xsi:type="EM:StringValue" value="18021742"/>
                    </values>
                    <values xsi:type="EM:StringValue" value="Physician - Women's Health"/>
                  </values>
                  <values xsi:type="EM:ListValue">
                    <values xsi:type="EM:CustomValue" hideDisplay="true">
                      <customValue xsi:type="EM:StringValue" value="2554019179"/>
                    </values>
                    <values xsi:type="EM:StringValue" value="Women's Health - Midlevel Provider"/>
                  </values>
                  <values xsi:type="EM:ListValue">
                    <values xsi:type="EM:CustomValue" hideDisplay="true">
                      <customValue xsi:type="EM:StringValue" value="441"/>
                    </values>
                    <values xsi:type="EM:StringValue" value="DBA"/>
                  </values>
                  <values xsi:type="EM:ListValue">
                    <values xsi:type="EM:CustomValue" hideDisplay="true">
                      <customValue xsi:type="EM:StringValue" value="2893454803"/>
                    </values>
                    <values xsi:type="EM:StringValue" value="DBA Lite"/>
                  </values>
                </value>
              </facts>
            </leftExpression>
            <rightExpression xsi:type="EM:Antecedent" id="E3" template="EKS_DEBUGEKM_E">
              <facts argument="DEBUG_STATUS">
                <value xsi:type="EM:ListValue">
                  <values xsi:type="EM:ListValue">
                    <values xsi:type="EM:CustomValue" hideDisplay="true">
                      <customValue xsi:type="EM:StringValue" value="5"/>
                    </values>
                    <values xsi:type="EM:StringValue" value="To FullAudit for this module only"/>
                  </values>
                </value>
              </facts>
            </rightExpression>
          </rightExpression>
        </logicExpression>
      </evokes>
    </evokeSection>
    <logicSection>
      <logicExpression xsi:type="EM:InfixExpression">
        <leftExpression xsi:type="EM:Antecedent" id="L1" template="EKS_STOP_LOGIC_L">
          <facts argument="MODE">
            <value xsi:type="EM:StringValue" value="STOP"/>
          </facts>
        </leftExpression>
        <rightExpression xsi:type="EM:InfixExpression">
          <leftExpression xsi:type="EM:Antecedent" alias="PatientInfo" id="L2" template="EKS_LOGIC_TRUE">
            <facts argument="LOGIC">
              <value xsi:type="EM:StringValue" value="@quot;LOGIC@quot;"/>
            </facts>
          </leftExpression>
          <rightExpression xsi:type="EM:InfixExpression">
            <leftExpression xsi:type="EM:Antecedent" alias="Patient Location" id="L3" template="EKS_ENCOUNTER_LOC_DETAIL_L">
              <facts argument="ENC_DETAIL">
                <value xsi:type="EM:ListValue">
                  <values xsi:type="EM:ListValue">
                    <values xsi:type="EM:CustomValue" hideDisplay="true">
                      <customValue xsi:type="EM:StringValue" value="LOC_NURSE_UNIT_CD\220"/>
                    </values>
                    <values xsi:type="EM:StringValue" value="Location Nurse Unit"/>
                  </values>
                </value>
              </facts>
              <facts argument="QUAL">
                <value xsi:type="EM:ListValue">
                  <values xsi:type="EM:ListValue">
                    <values xsi:type="EM:CustomValue" hideDisplay="true">
                      <customValue xsi:type="EM:StringValue" value="="/>
                    </values>
                    <values xsi:type="EM:StringValue" value="is listed"/>
                  </values>
                </value>
              </facts>
              <facts argument="DETAIL_VALUE">
                <value xsi:type="EM:ListValue">
                  <values xsi:type="EM:ListValue">
                    <values xsi:type="EM:CustomValue" hideDisplay="true">
                      <customValue xsi:type="EM:StringValue" value="2552926537"/>
                    </values>
                    <values xsi:type="EM:StringValue" value="LCMC, LCMC, LCMC Labor and Delivery"/>
                    <values xsi:type="EM:ListValue">
                      <values xsi:type="EM:CustomValue" hideDisplay="true">
                        <customValue xsi:type="EM:StringValue" value="2552503653^LCMC^3"/>
                      </values>
                      <values xsi:type="EM:CustomValue" hideDisplay="true">
                        <customValue xsi:type="EM:StringValue" value="2552503665 ^LCMC, LCMC^3"/>
                      </values>
                      <values xsi:type="EM:CustomValue" hideDisplay="true">
                        <customValue xsi:type="EM:StringValue" value="2552926537 ^LCMC, LCMC, LCMC Labor and Delivery^3"/>
                      </values>
                      <values xsi:type="EM:CustomValue" hideDisplay="true">
                        <customValue xsi:type="EM:StringValue" value="2552926537^LCMC, LCMC, LCMC Labor and Delivery^3"/>
                      </values>
                    </values>
                  </values>
                  <values xsi:type="EM:ListValue">
                    <values xsi:type="EM:CustomValue" hideDisplay="true">
                      <customValue xsi:type="EM:StringValue" value="2557462425"/>
                    </values>
                    <values xsi:type="EM:StringValue" value="MHHS, MHHS, MHHS Labor and Delivery"/>
                    <values xsi:type="EM:ListValue">
                      <values xsi:type="EM:CustomValue" hideDisplay="true">
                        <customValue xsi:type="EM:StringValue" value="2552503639^MHHS^3"/>
                      </values>
                      <values xsi:type="EM:CustomValue" hideDisplay="true">
                        <customValue xsi:type="EM:StringValue" value="2552503677 ^MHHS, MHHS^3"/>
                      </values>
                      <values xsi:type="EM:CustomValue" hideDisplay="true">
                        <customValue xsi:type="EM:StringValue" value="2557462425 ^MHHS, MHHS, MHHS Labor and Delivery^3"/>
                      </values>
                      <values xsi:type="EM:CustomValue" hideDisplay="true">
                        <customValue xsi:type="EM:StringValue" value="2557462425^MHHS, MHHS, MHHS Labor and Delivery^3"/>
                      </values>
                    </values>
                  </values>
                  <values xsi:type="EM:ListValue">
                    <values xsi:type="EM:CustomValue" hideDisplay="true">
                      <customValue xsi:type="EM:StringValue" value="2552507525"/>
                    </values>
                    <values xsi:type="EM:StringValue" value="MHHS, MHHS, MHHS 2S"/>
                    <values xsi:type="EM:ListValue">
                      <values xsi:type="EM:CustomValue" hideDisplay="true">
                        <customValue xsi:type="EM:StringValue" value="2552503639^MHHS^3"/>
                      </values>
                      <values xsi:type="EM:CustomValue" hideDisplay="true">
                        <customValue xsi:type="EM:StringValue" value="2552503677 ^MHHS, MHHS^3"/>
                      </values>
                      <values xsi:type="EM:CustomValue" hideDisplay="true">
                        <customValue xsi:type="EM:StringValue" value="2552507525 ^MHHS, MHHS, MHHS 2S^3"/>
                      </values>
                      <values xsi:type="EM:CustomValue" hideDisplay="true">
                        <customValue xsi:type="EM:StringValue" value="2552507525^MHHS, MHHS, MHHS 2S^3"/>
                      </values>
                    </values>
                  </values>
                  <values xsi:type="EM:ListValue">
                    <values xsi:type="EM:CustomValue" hideDisplay="true">
                      <customValue xsi:type="EM:StringValue" value="2552505741"/>
                    </values>
                    <values xsi:type="EM:StringValue" value="MMC, MMC, MMC FBC"/>
                    <values xsi:type="EM:ListValue">
                      <values xsi:type="EM:CustomValue" hideDisplay="true">
                        <customValue xsi:type="EM:StringValue" value="2552503613^MMC^3"/>
                      </values>
                      <values xsi:type="EM:CustomValue" hideDisplay="true">
                        <customValue xsi:type="EM:StringValue" value="2552503617 ^MMC, MMC^3"/>
                      </values>
                      <values xsi:type="EM:CustomValue" hideDisplay="true">
                        <customValue xsi:type="EM:StringValue" value="2552505741 ^MMC, MMC, MMC FBC^3"/>
                      </values>
                      <values xsi:type="EM:CustomValue" hideDisplay="true">
                        <customValue xsi:type="EM:StringValue" value="2552505741^MMC, MMC, MMC FBC^3"/>
                      </values>
                    </values>
                  </values>
                  <values xsi:type="EM:ListValue">
                    <values xsi:type="EM:CustomValue" hideDisplay="true">
                      <customValue xsi:type="EM:StringValue" value="2552511369"/>
                    </values>
                    <values xsi:type="EM:StringValue" value="PW, PW, PW CB"/>
                    <values xsi:type="EM:ListValue">
                      <values xsi:type="EM:CustomValue" hideDisplay="true">
                        <customValue xsi:type="EM:StringValue" value="2552503645^PW^3"/>
                      </values>
                      <values xsi:type="EM:CustomValue" hideDisplay="true">
                        <customValue xsi:type="EM:StringValue" value="2552503673 ^PW, PW^3"/>
                      </values>
                      <values xsi:type="EM:CustomValue" hideDisplay="true">
                        <customValue xsi:type="EM:StringValue" value="2552511369 ^PW, PW, PW CB^3"/>
                      </values>
                      <values xsi:type="EM:CustomValue" hideDisplay="true">
                        <customValue xsi:type="EM:StringValue" value="2552511369^PW, PW, PW CB^3"/>
                      </values>
                    </values>
                  </values>
                  <values xsi:type="EM:ListValue">
                    <values xsi:type="EM:CustomValue" hideDisplay="true">
                      <customValue xsi:type="EM:StringValue" value="2552518871"/>
                    </values>
                    <values xsi:type="EM:StringValue" value="FSR, FSR, FSR 6E"/>
                    <values xsi:type="EM:ListValue">
                      <values xsi:type="EM:CustomValue" hideDisplay="true">
                        <customValue xsi:type="EM:StringValue" value="21250403^FSR^3"/>
                      </values>
                      <values xsi:type="EM:CustomValue" hideDisplay="true">
                        <customValue xsi:type="EM:StringValue" value="21250409   ^FSR, FSR^3"/>
                      </values>
                      <values xsi:type="EM:CustomValue" hideDisplay="true">
                        <customValue xsi:type="EM:StringValue" value="2552518871 ^FSR, FSR, FSR 6E^3"/>
                      </values>
                      <values xsi:type="EM:CustomValue" hideDisplay="true">
                        <customValue xsi:type="EM:StringValue" value="2552518871^FSR, FSR, FSR 6E^3"/>
                      </values>
                    </values>
                  </values>
                  <values xsi:type="EM:ListValue">
                    <values xsi:type="EM:CustomValue" hideDisplay="true">
                      <customValue xsi:type="EM:StringValue" value="2552518891"/>
                    </values>
                    <values xsi:type="EM:StringValue" value="FSR, FSR, FSR 6N"/>
                    <values xsi:type="EM:ListValue">
                      <values xsi:type="EM:CustomValue" hideDisplay="true">
                        <customValue xsi:type="EM:StringValue" value="21250403^FSR^3"/>
                      </values>
                      <values xsi:type="EM:CustomValue" hideDisplay="true">
                        <customValue xsi:type="EM:StringValue" value="21250409   ^FSR, FSR^3"/>
                      </values>
                      <values xsi:type="EM:CustomValue" hideDisplay="true">
                        <customValue xsi:type="EM:StringValue" value="2552518891 ^FSR, FSR, FSR 6N^3"/>
                      </values>
                      <values xsi:type="EM:CustomValue" hideDisplay="true">
                        <customValue xsi:type="EM:StringValue" value="2552518891^FSR, FSR, FSR 6N^3"/>
                      </values>
                    </values>
                  </values>
                  <values xsi:type="EM:ListValue">
                    <values xsi:type="EM:CustomValue" hideDisplay="true">
                      <customValue xsi:type="EM:StringValue" value="2552519167"/>
                    </values>
                    <values xsi:type="EM:StringValue" value="FSR, FSR, FSR 6W"/>
                    <values xsi:type="EM:ListValue">
                      <values xsi:type="EM:CustomValue" hideDisplay="true">
                        <customValue xsi:type="EM:StringValue" value="21250403^FSR^3"/>
                      </values>
                      <values xsi:type="EM:CustomValue" hideDisplay="true">
                        <customValue xsi:type="EM:StringValue" value="21250409   ^FSR, FSR^3"/>
                      </values>
                      <values xsi:type="EM:CustomValue" hideDisplay="true">
                        <customValue xsi:type="EM:StringValue" value="2552519167 ^FSR, FSR, FSR 6W^3"/>
                      </values>
                      <values xsi:type="EM:CustomValue" hideDisplay="true">
                        <customValue xsi:type="EM:StringValue" value="2552519167^FSR, FSR, FSR 6W^3"/>
                      </values>
                    </values>
                  </values>
                  <values xsi:type="EM:ListValue">
                    <values xsi:type="EM:CustomValue" hideDisplay="true">
                      <customValue xsi:type="EM:StringValue" value="32216061"/>
                    </values>
                    <values xsi:type="EM:StringValue" value="FSR, FSR, FSR Labor and Delivery"/>
                    <values xsi:type="EM:ListValue">
                      <values xsi:type="EM:CustomValue" hideDisplay="true">
                        <customValue xsi:type="EM:StringValue" value="21250403^FSR^3"/>
                      </values>
                      <values xsi:type="EM:CustomValue" hideDisplay="true">
                        <customValue xsi:type="EM:StringValue" value="21250409   ^FSR, FSR^3"/>
                      </values>
                      <values xsi:type="EM:CustomValue" hideDisplay="true">
                        <customValue xsi:type="EM:StringValue" value="32216061   ^FSR, FSR, FSR Labor and Delivery^3"/>
                      </values>
                      <values xsi:type="EM:CustomValue" hideDisplay="true">
                        <customValue xsi:type="EM:StringValue" value="32216061^FSR, FSR, FSR Labor and Delivery^3"/>
                      </values>
                    </values>
                  </values>
                  <values xsi:type="EM:ListValue">
                    <values xsi:type="EM:CustomValue" hideDisplay="true">
                      <customValue xsi:type="EM:StringValue" value="2561582141"/>
                    </values>
                    <values xsi:type="EM:StringValue" value="FSR, FSR, FSR LD"/>
                    <values xsi:type="EM:ListValue">
                      <values xsi:type="EM:CustomValue" hideDisplay="true">
                        <customValue xsi:type="EM:StringValue" value="21250403^FSR^3"/>
                      </values>
                      <values xsi:type="EM:CustomValue" hideDisplay="true">
                        <customValue xsi:type="EM:StringValue" value="21250409   ^FSR, FSR^3"/>
                      </values>
                      <values xsi:type="EM:CustomValue" hideDisplay="true">
                        <customValue xsi:type="EM:StringValue" value="2561582141 ^FSR, FSR, FSR LD^3"/>
                      </values>
                      <values xsi:type="EM:CustomValue" hideDisplay="true">
                        <customValue xsi:type="EM:StringValue" value="2561582141^FSR, FSR, FSR LD^3"/>
                      </values>
                    </values>
                  </values>
                  <values xsi:type="EM:ListValue">
                    <values xsi:type="EM:CustomValue" hideDisplay="true">
                      <customValue xsi:type="EM:StringValue" value="2552513857"/>
                    </values>
                    <values xsi:type="EM:StringValue" value="LCMC, LCMC, LCMC OB"/>
                    <values xsi:type="EM:ListValue">
                      <values xsi:type="EM:CustomValue" hideDisplay="true">
                        <customValue xsi:type="EM:StringValue" value="2552503653^LCMC^3"/>
                      </values>
                      <values xsi:type="EM:CustomValue" hideDisplay="true">
                        <customValue xsi:type="EM:StringValue" value="2552503665 ^LCMC, LCMC^3"/>
                      </values>
                      <values xsi:type="EM:CustomValue" hideDisplay="true">
                        <customValue xsi:type="EM:StringValue" value="2552513857 ^LCMC, LCMC, LCMC OB^3"/>
                      </values>
                      <values xsi:type="EM:CustomValue" hideDisplay="true">
                        <customValue xsi:type="EM:StringValue" value="2552513857^LCMC, LCMC, LCMC OB^3"/>
                      </values>
                    </values>
                  </values>
                  <values xsi:type="EM:ListValue">
                    <values xsi:type="EM:CustomValue" hideDisplay="true">
                      <customValue xsi:type="EM:StringValue" value="2554024329"/>
                    </values>
                    <values xsi:type="EM:StringValue" value="MMC, MMC, MMC Labor and Delivery"/>
                    <values xsi:type="EM:ListValue">
                      <values xsi:type="EM:CustomValue" hideDisplay="true">
                        <customValue xsi:type="EM:StringValue" value="2552503613^MMC^3"/>
                      </values>
                      <values xsi:type="EM:CustomValue" hideDisplay="true">
                        <customValue xsi:type="EM:StringValue" value="2552503617 ^MMC, MMC^3"/>
                      </values>
                      <values xsi:type="EM:CustomValue" hideDisplay="true">
                        <customValue xsi:type="EM:StringValue" value="2554024329 ^MMC, MMC, MMC Labor and Delivery^3"/>
                      </values>
                      <values xsi:type="EM:CustomValue" hideDisplay="true">
                        <customValue xsi:type="EM:StringValue" value="2554024329^MMC, MMC, MMC Labor and Delivery^3"/>
                      </values>
                    </values>
                  </values>
                  <values xsi:type="EM:ListValue">
                    <values xsi:type="EM:CustomValue" hideDisplay="true">
                      <customValue xsi:type="EM:StringValue" value="2552508441"/>
                    </values>
                    <values xsi:type="EM:StringValue" value="MHHS, MHHS, MHHS LD"/>
                    <values xsi:type="EM:ListValue">
                      <values xsi:type="EM:CustomValue" hideDisplay="true">
                        <customValue xsi:type="EM:StringValue" value="2552503639^MHHS^3"/>
                      </values>
                      <values xsi:type="EM:CustomValue" hideDisplay="true">
                        <customValue xsi:type="EM:StringValue" value="2552503677 ^MHHS, MHHS^3"/>
                      </values>
                      <values xsi:type="EM:CustomValue" hideDisplay="true">
                        <customValue xsi:type="EM:StringValue" value="2552508441 ^MHHS, MHHS, MHHS LD^3"/>
                      </values>
                      <values xsi:type="EM:CustomValue" hideDisplay="true">
                        <customValue xsi:type="EM:StringValue" value="2552508441^MHHS, MHHS, MHHS LD^3"/>
                      </values>
                    </values>
                  </values>
                </value>
              </facts>
              <facts argument="OPT_LINK">
                <value xsi:type="EM:AntecedentReference" antecedent="//@ruleDefinition/@logicSection/@logicExpression/@rightExpression/@leftExpression"/>
              </facts>
            </leftExpression>
            <rightExpression xsi:type="EM:InfixExpression">
              <leftExpression xsi:type="EM:GroupExpression">
                <expression xsi:type="EM:InfixExpression" operator="OR">
                  <leftExpression xsi:type="EM:Antecedent" alias="Gender" id="L4" template="EKS_PT_DEMOGRAPHIC_L">
                    <facts argument="DEMOGRAPHIC">
                      <value xsi:type="EM:StringValue" value="GENDER"/>
                    </facts>
                    <facts argument="OPT_CODED_VALUES">
                      <value xsi:type="EM:ListValue">
                        <values xsi:type="EM:ListValue">
                          <values xsi:type="EM:CustomValue" hideDisplay="true">
                            <customValue xsi:type="EM:StringValue" value="CDF57:FEMALE"/>
                          </values>
                          <values xsi:type="EM:StringValue" value="Female"/>
                        </values>
                      </value>
                    </facts>
                    <facts argument="OPT_TEXT_VALUE">
                      <value xsi:type="EM:StringValue"/>
                    </facts>
                  </leftExpression>
                  <rightExpression xsi:type="EM:Antecedent" alias="Birth Sex" id="L5" template="EKS_PT_DEMOGRAPHIC_L">
                    <facts argument="DEMOGRAPHIC">
                      <value xsi:type="EM:StringValue" value="BIRTH SEX"/>
                    </facts>
                    <facts argument="OPT_CODED_VALUES">
                      <value xsi:type="EM:ListValue">
                        <values xsi:type="EM:ListValue">
                          <values xsi:type="EM:CustomValue" hideDisplay="true">
                            <customValue xsi:type="EM:StringValue" value="2557879053.0"/>
                          </values>
                          <values xsi:type="EM:StringValue" value="Female"/>
                        </values>
                      </value>
                    </facts>
                    <facts argument="OPT_TEXT_VALUE">
                      <value xsi:type="EM:StringValue"/>
                    </facts>
                  </rightExpression>
                </expression>
              </leftExpression>
              <rightExpression xsi:type="EM:InfixExpression">
                <leftExpression xsi:type="EM:Antecedent" alias="Age" id="L6" template="EKS_AGE_EVAL_L">
                  <facts argument="EVALUATION">
                    <value xsi:type="EM:StringValue" value="between"/>
                  </facts>
                  <facts argument="AGE1">
                    <value xsi:type="EM:IntegerValue" intValue="8"/>
                  </facts>
                  <facts argument="UNIT1">
                    <value xsi:type="EM:StringValue" value="years"/>
                  </facts>
                  <facts argument="OPT_AGE2">
                    <value xsi:type="EM:IntegerValue" intValue="70"/>
                  </facts>
                  <facts argument="OPT_UNIT2">
                    <value xsi:type="EM:StringValue" value="years"/>
                  </facts>
                  <facts argument="OPT_LINK">
                    <value xsi:type="EM:AntecedentReference"/>
                  </facts>
                </leftExpression>
                <rightExpression xsi:type="EM:InfixExpression">
                  <leftExpression xsi:type="EM:Antecedent" alias="Pregnant" id="L7" template="EKS_PROBLEMS_FIND_L">
                    <facts argument="OPT_PROBLEMS">
                      <value xsi:type="EM:ListValue">
                        <values xsi:type="EM:ListValue">
                          <values xsi:type="EM:CustomValue" hideDisplay="true">
                            <customValue xsi:type="EM:StringValue" value="7777482.00NOMEN:SNOMED!77386006"/>
                          </values>
                          <values xsi:type="EM:StringValue" value="Gestation"/>
                          <values xsi:type="EM:ListValue">
                            <values xsi:type="EM:CustomValue" hideDisplay="true">
                              <customValue xsi:type="EM:StringValue" value="Finding&#xA;128455015&#xA;SNOMED CT&#xA;SNOMED!77386006"/>
                            </values>
                          </values>
                        </values>
                        <values xsi:type="EM:ListValue">
                          <values xsi:type="EM:CustomValue" hideDisplay="true">
                            <customValue xsi:type="EM:StringValue" value="7841862.00NOMEN:SNOMED!77386006"/>
                          </values>
                          <values xsi:type="EM:StringValue" value="Patient currently pregnant"/>
                          <values xsi:type="EM:ListValue">
                            <values xsi:type="EM:CustomValue" hideDisplay="true">
                              <customValue xsi:type="EM:StringValue" value="Finding&#xA;503558016&#xA;SNOMED CT&#xA;SNOMED!77386006"/>
                            </values>
                          </values>
                        </values>
                        <values xsi:type="EM:ListValue">
                          <values xsi:type="EM:CustomValue" hideDisplay="true">
                            <customValue xsi:type="EM:StringValue" value="7699845.00NOMEN:SNOMED!77386006"/>
                          </values>
                          <values xsi:type="EM:StringValue" value="Pregnancy confirmed"/>
                          <values xsi:type="EM:ListValue">
                            <values xsi:type="EM:CustomValue" hideDisplay="true">
                              <customValue xsi:type="EM:StringValue" value="Finding&#xA;1234104012&#xA;SNOMED CT&#xA;SNOMED!77386006"/>
                            </values>
                          </values>
                        </values>
                        <values xsi:type="EM:ListValue">
                          <values xsi:type="EM:CustomValue" hideDisplay="true">
                            <customValue xsi:type="EM:StringValue" value="7841863.00NOMEN:SNOMED!77386006"/>
                          </values>
                          <values xsi:type="EM:StringValue" value="Pregnancy not delivered"/>
                          <values xsi:type="EM:ListValue">
                            <values xsi:type="EM:CustomValue" hideDisplay="true">
                              <customValue xsi:type="EM:StringValue" value="Finding&#xA;128454016&#xA;SNOMED CT&#xA;SNOMED!77386006"/>
                            </values>
                          </values>
                        </values>
                        <values xsi:type="EM:ListValue">
                          <values xsi:type="EM:CustomValue" hideDisplay="true">
                            <customValue xsi:type="EM:StringValue" value="7777483.00NOMEN:SNOMED!77386006"/>
                          </values>
                          <values xsi:type="EM:StringValue" value="Pregnant"/>
                          <values xsi:type="EM:ListValue">
                            <values xsi:type="EM:CustomValue" hideDisplay="true">
                              <customValue xsi:type="EM:StringValue" value="Finding&#xA;191073013&#xA;SNOMED CT&#xA;SNOMED!77386006"/>
                            </values>
                          </values>
                        </values>
                      </value>
                    </facts>
                    <facts argument="OPT_QUALIFIER">
                      <value xsi:type="EM:StringValue"/>
                    </facts>
                    <facts argument="OPT_CONFIRMATION">
                      <value xsi:type="EM:StringValue"/>
                    </facts>
                    <facts argument="OPT_CLASSIFICATION">
                      <value xsi:type="EM:StringValue"/>
                    </facts>
                    <facts argument="OPT_LIFE_CYCLE_STATUS">
                      <value xsi:type="EM:ListValue">
                        <values xsi:type="EM:ListValue">
                          <values xsi:type="EM:CustomValue" hideDisplay="true">
                            <customValue xsi:type="EM:StringValue" value="CDF12030:ACTIVE"/>
                          </values>
                          <values xsi:type="EM:StringValue" value="Active"/>
                        </values>
                      </value>
                    </facts>
                    <facts argument="OPT_SEVERITY_CLASS">
                      <value xsi:type="EM:StringValue"/>
                    </facts>
                    <facts argument="OPT_SEVERITY">
                      <value xsi:type="EM:StringValue"/>
                    </facts>
                    <facts argument="OPT_COURSE">
                      <value xsi:type="EM:StringValue"/>
                    </facts>
                    <facts argument="LINK">
                      <value xsi:type="EM:AntecedentReference" antecedent="//@ruleDefinition/@logicSection/@logicExpression/@rightExpression/@leftExpression"/>
                    </facts>
                    <facts argument="OPT_CROSS_VOCABS">
                      <value xsi:type="EM:StringValue"/>
                    </facts>
                    <facts argument="OPT_PERSON_ACTIVITY">
                      <value xsi:type="EM:StringValue" value="Including"/>
                    </facts>
                    <facts argument="OPT_VOCAB_HIERARCHY">
                      <value xsi:type="EM:StringValue" value="Include"/>
                    </facts>
                    <facts argument="OPT_IGNORE_CONCEPTS">
                      <value xsi:type="EM:StringValue" value="NO"/>
                    </facts>
                    <facts argument="OPT_MATCH_ALL">
                      <value xsi:type="EM:StringValue" value="YES"/>
                    </facts>
                  </leftExpression>
                  <rightExpression xsi:type="EM:InfixExpression">
                    <leftExpression xsi:type="EM:Antecedent" alias="Most Recent Order" id="L8" template="EKS_ORDERS_FIND_L">
                      <facts argument="ORD_METHOD">
                        <value xsi:type="EM:StringValue" value="whose primary mnemonic is"/>
                      </facts>
                      <facts argument="OPT_ORDERS">
                        <value xsi:type="EM:ListValue">
                          <values xsi:type="EM:ListValue">
                            <values xsi:type="EM:CustomValue" hideDisplay="true">
                              <customValue xsi:type="EM:StringValue" value="MUL.ORD!d00468"/>
                            </values>
                            <values xsi:type="EM:StringValue" value="magnesium sulfate"/>
                            <values xsi:type="EM:ListValue">
                              <values xsi:type="EM:CustomValue" hideDisplay="true">
                                <customValue xsi:type="EM:StringValue" value="2516.0|whose primary mnemonic is"/>
                              </values>
                              <values xsi:type="EM:CustomValue" hideDisplay="true">
                                <customValue xsi:type="EM:StringValue" value="M|2516.0|whose primary mnemonic is"/>
                              </values>
                            </values>
                          </values>
                          <values xsi:type="EM:ListValue">
                            <values xsi:type="EM:CustomValue" hideDisplay="true">
                              <customValue xsi:type="EM:StringValue" value="2671389209.0"/>
                            </values>
                            <values xsi:type="EM:StringValue" value="magnesium sulfate infusion 20 g / 500 mL for OB"/>
                            <values xsi:type="EM:ListValue">
                              <values xsi:type="EM:CustomValue" hideDisplay="true">
                                <customValue xsi:type="EM:StringValue" value="2516.0|whose primary mnemonic is"/>
                              </values>
                              <values xsi:type="EM:CustomValue" hideDisplay="true">
                                <customValue xsi:type="EM:StringValue" value="M|2516.0|whose primary mnemonic is"/>
                              </values>
                            </values>
                          </values>
                          <values xsi:type="EM:ListValue">
                            <values xsi:type="EM:CustomValue" hideDisplay="true">
                              <customValue xsi:type="EM:StringValue" value="32031395.0"/>
                            </values>
                            <values xsi:type="EM:StringValue" value="magnesium sulfate infusion 40 g / 1,000 mL for OB"/>
                            <values xsi:type="EM:ListValue">
                              <values xsi:type="EM:CustomValue" hideDisplay="true">
                                <customValue xsi:type="EM:StringValue" value="2516.0|whose primary mnemonic is"/>
                              </values>
                              <values xsi:type="EM:CustomValue" hideDisplay="true">
                                <customValue xsi:type="EM:StringValue" value="M|2516.0|whose primary mnemonic is"/>
                              </values>
                            </values>
                          </values>
                        </value>
                      </facts>
                      <facts argument="OPT_ORDER_STATUS">
                        <value xsi:type="EM:ListValue">
                          <values xsi:type="EM:ListValue">
                            <values xsi:type="EM:CustomValue" hideDisplay="true">
                              <customValue xsi:type="EM:StringValue" value="CDF6004:ORDERED"/>
                            </values>
                            <values xsi:type="EM:StringValue" value="Ordered"/>
                          </values>
                          <values xsi:type="EM:ListValue">
                            <values xsi:type="EM:CustomValue" hideDisplay="true">
                              <customValue xsi:type="EM:StringValue" value="CDF6004:INPROCESS"/>
                            </values>
                            <values xsi:type="EM:StringValue" value="InProcess"/>
                          </values>
                        </value>
                      </facts>
                      <facts argument="OPT_SCOPE">
                        <value xsi:type="EM:StringValue"/>
                      </facts>
                      <facts argument="OPT_LINK">
                        <value xsi:type="EM:AntecedentReference"/>
                      </facts>
                      <facts argument="OPT_QUAL">
                        <value xsi:type="EM:StringValue" value="less than"/>
                      </facts>
                      <facts argument="OPT_TIME_NUM">
                        <value xsi:type="EM:StringValue" value="1440"/>
                      </facts>
                      <facts argument="OPT_TIME_UNIT">
                        <value xsi:type="EM:StringValue" value="minutes"/>
                      </facts>
                      <facts argument="OPT_ANCHOR_DT_TM">
                        <value xsi:type="EM:StringValue" value="original order date &amp; time"/>
                      </facts>
                    </leftExpression>
                    <rightExpression xsi:type="EM:InfixExpression">
                      <leftExpression xsi:type="EM:Antecedent" alias="First Admin Calculation" id="L9" template="EKS_CALC_SAVE_L">
                        <facts argument="EXPRESSION">
                          <value xsi:type="EM:StringValue" value="select into &quot;nl:&quot;@NEWLINEfrom@NEWLINE&#x9;clinical_event ce@NEWLINEplan ce@NEWLINE&#x9;where ce.encntr_id =   trigger_encntrid@NEWLINE&#x9;and   ce.person_id = trigger_personid@NEWLINE&#x9;and   ce.event_cd = value(uar_get_code_by(&quot;DISPLAY&quot;,72,&quot;magnesium sulfate&quot;))@NEWLINEorder by@NEWLINE&#x9; ce.event_end_dt_tm@NEWLINE&#x9;,ce.event_cd@NEWLINEhead report@NEWLINE&#x9;log_retval = 0@NEWLINE&#x9;minutes_diff = 0@NEWLINE       hours_diff = 0@NEWLINE&#x9;log_misc1 = &quot;Query Executed Without Results&quot;@NEWLINEhead ce.event_cd@NEWLINE&#x9;minutes_diff = datetimediff(cnvtdatetime(curdate,curtime3),ce.event_end_dt_tm,4)@NEWLINE&#x9;if (minutes_diff > 1440)@NEWLINE&#x9;&#x9;log_retval = 100@NEWLINE&#x9;endif@NEWLINE       hours_diff = datetimediff(cnvtdatetime(curdate,curtime3),ce.event_end_dt_tm,3)@NEWLINE&#x9;log_misc1 = build2(trim(cnvtstring(hours_diff)),&quot; hours ago&quot;)@NEWLINEfoot report@NEWLINE&#x9;log_message = log_misc1@NEWLINEwith nocounter,nullreport@NEWLINEgo"/>
                        </facts>
                      </leftExpression>
                      <rightExpression xsi:type="EM:PrefixExpression">
                        <expression xsi:type="EM:Antecedent" alias="Existing Lab order" id="L10" template="EKS_ORDERS_FIND_L">
                          <facts argument="ORD_METHOD">
                            <value xsi:type="EM:StringValue" value="whose primary mnemonic is"/>
                          </facts>
                          <facts argument="OPT_ORDERS">
                            <value xsi:type="EM:ListValue">
                              <values xsi:type="EM:ListValue">
                                <values xsi:type="EM:CustomValue" hideDisplay="true">
                                  <customValue xsi:type="EM:StringValue" value="CCK200:CERNER!AGKYIAD50D2cX8EXn4waeg"/>
                                </values>
                                <values xsi:type="EM:StringValue" value="Magnesium Level"/>
                                <values xsi:type="EM:ListValue">
                                  <values xsi:type="EM:CustomValue" hideDisplay="true">
                                    <customValue xsi:type="EM:StringValue" value="2513.0|whose primary mnemonic is"/>
                                  </values>
                                  <values xsi:type="EM:CustomValue" hideDisplay="true">
                                    <customValue xsi:type="EM:StringValue" value="M|2513.0|whose primary mnemonic is"/>
                                  </values>
                                </values>
                              </values>
                            </value>
                          </facts>
                          <facts argument="OPT_ORDER_STATUS">
                            <value xsi:type="EM:ListValue">
                              <values xsi:type="EM:ListValue">
                                <values xsi:type="EM:CustomValue" hideDisplay="true">
                                  <customValue xsi:type="EM:StringValue" value="CDF6004:INPROCESS"/>
                                </values>
                                <values xsi:type="EM:StringValue" value="InProcess"/>
                              </values>
                              <values xsi:type="EM:ListValue">
                                <values xsi:type="EM:CustomValue" hideDisplay="true">
                                  <customValue xsi:type="EM:StringValue" value="CDF6004:ORDERED"/>
                                </values>
                                <values xsi:type="EM:StringValue" value="Ordered"/>
                              </values>
                            </value>
                          </facts>
                          <facts argument="OPT_SCOPE">
                            <value xsi:type="EM:StringValue" value="the same encounter as"/>
                          </facts>
                          <facts argument="OPT_LINK">
                            <value xsi:type="EM:AntecedentReference" antecedent="//@ruleDefinition/@logicSection/@logicExpression/@rightExpression/@rightExpression/@rightExpression/@rightExpression/@rightExpression/@rightExpression/@leftExpression"/>
                          </facts>
                          <facts argument="OPT_QUAL">
                            <value xsi:type="EM:StringValue" value="greater than"/>
                          </facts>
                          <facts argument="OPT_TIME_NUM">
                            <value xsi:type="EM:StringValue" value="1"/>
                          </facts>
                          <facts argument="OPT_TIME_UNIT">
                            <value xsi:type="EM:StringValue" value="minutes"/>
                          </facts>
                          <facts argument="OPT_ANCHOR_DT_TM">
                            <value xsi:type="EM:StringValue" value="original order date &amp; time"/>
                          </facts>
                        </expression>
                      </rightExpression>
                    </rightExpression>
                  </rightExpression>
                </rightExpression>
              </rightExpression>
            </rightExpression>
          </rightExpression>
        </rightExpression>
      </logicExpression>
    </logicSection>
    <actionSection>
      <action xsi:type="EM:ActionExpression">
        <logicExpression xsi:type="EM:InfixExpression">
          <leftExpression xsi:type="EM:Antecedent" alias="Provider Alert" id="A1" template="EKS_ALERT_FLEX_A">
            <facts argument="OPT_TITLE">
              <value xsi:type="EM:StringValue" value="Mag Alert"/>
            </facts>
            <facts argument="TXT">
              <value xsi:type="EM:StringValue" value="Magnesium sulfate was scanned/administered @MISC:{First Admin Calculation} and an active order for magnesium sulfate still exists on the patient&#x2019;s chart. If it has been determined that the patient has received continuous magnesium sulfate therapy for >24 hours, consider ordering a magnesium level.  "/>
            </facts>
            <facts argument="OPT_CANCEL_LABEL">
              <value xsi:type="EM:StringValue"/>
            </facts>
            <facts argument="OPT_IGNORE_LABEL">
              <value xsi:type="EM:StringValue"/>
            </facts>
            <facts argument="OPT_OVERRIDE_REASON">
              <value xsi:type="EM:StringValue"/>
            </facts>
            <facts argument="OPT_MODIFY_LABEL">
              <value xsi:type="EM:StringValue"/>
            </facts>
            <facts argument="OPT_DEFAULT_LABEL">
              <value xsi:type="EM:StringValue" value="NONE"/>
            </facts>
            <facts argument="OPT_ORDERS">
              <value xsi:type="EM:StringValue"/>
            </facts>
            <facts argument="OPT_DEFAULT_FIRST_ORDER">
              <value xsi:type="EM:StringValue" value="DISABLED"/>
            </facts>
            <facts argument="OPT_URL_BUTTON_NAME">
              <value xsi:type="EM:StringValue"/>
            </facts>
            <facts argument="OPT_URL_ADDRESS">
              <value xsi:type="EM:StringValue"/>
            </facts>
            <facts argument="OK_BUTTON_NAME">
              <value xsi:type="EM:StringValue" value="OK"/>
            </facts>
            <facts argument="OPT_FORM">
              <value xsi:type="EM:StringValue"/>
            </facts>
            <facts argument="OPT_FORM_BUTTON_NAME">
              <value xsi:type="EM:StringValue"/>
            </facts>
            <facts argument="OPT_FORCE_FORM">
              <value xsi:type="EM:StringValue" value="ENABLED"/>
            </facts>
            <facts argument="OPT_LINK">
              <value xsi:type="EM:AntecedentReference"/>
            </facts>
          </leftExpression>
          <rightExpression xsi:type="EM:Antecedent" id="A2" template="EKS_EXEC_CCL_A">
            <facts argument="PROGRAM_NAME">
              <value xsi:type="EM:StringValue" value="cov_log_eks"/>
            </facts>
            <facts argument="OPT_PARAM">
              <value xsi:type="EM:StringValue" value="^chad.cummings@covhlth.com^"/>
            </facts>
            <facts argument="OPT_LINK">
              <value xsi:type="EM:AntecedentReference"/>
            </facts>
          </rightExpression>
        </logicExpression>
      </action>
    </actionSection>
  </ruleDefinition>
</EM:ExpertModule>
