<?xml version="1.0" encoding="ASCII"?>
<EM:ExpertModule xmi:version="2.0" xmlns:xmi="http://www.omg.org/XMI" xmlns:xsi="http://www.w3.org/2001/XMLSchema-instance" xmlns:EM="http:///com.cerner.expert/expertmodule/1.0.0" moduleName="COV_TOBACCO_PROBLEM_ADD">
  <information>
    <runtimeInformation versionString="001.004" externalFileName="COV_TOBACCO_PROBLEM_ADD" lastUpdated="2021-06-01T09:11:47.000-0400" validtionType="PRODUCTION" title="COV_TOBACCO_PROBLEM_ADD" reconcileFlag="3" reconcileDate="2021-06-01T09:11:47.000-0400">
      <duration start="2021-05-26T00:00:00.000-0400" end="2100-12-31T00:00:00.000-0500"/>
      <updateUser userName="PARAMASIVAM, GEETHA"/>
    </runtimeInformation>
    <documentation author="GEETHA PARAMASIVAM" institution="COVENANT HEALTH" specialist="" purpose="This rule will automatically add Tobacco use  to the problem list if current tobacco use was documented within Social History. If pre-existing tobacco use code is active on the problem list the new problem will not be added by the system. &#xD;&#xA;&#xD;&#xA;If the social history tobacco use charted items were modified or removed the tobacco use must be manually cancelled or in-errored from the problem list. &#xD;&#xA;&#xD;&#xA;"/>
  </information>
  <expertTemplates>
    <events>
      <event name=""/>
      <event name="ADDPROBLEM"/>
      <event name="ADDTOSCRATCHPAD"/>
      <event name="ALLERGY_EVENT"/>
      <event name="AP_ORDER_EVENT"/>
      <event name="BB_RESULT_EVENT"/>
      <event name="CBTFLEXORDERS"/>
      <event name="CHART_SERVER_EVENT"/>
      <event name="CLINICALTRIALSCREEN"/>
      <event name="CLINICAL_EVENT"/>
      <event name="CLOSECHART"/>
      <event name="COLLECTION_EVENT"/>
      <event name="DCP_CN_TASK_UPD"/>
      <event name="DCP_MODTASK_EVENT"/>
      <event name="DCP_PW_COND"/>
      <event name="DCP_PW_OUTCOME_EVENT"/>
      <event name="DIAGNOSIS_EVENT"/>
      <event name="EKS_FORMAT"/>
      <event name="EKS_SYNC_TEST01"/>
      <event name="EKS_TEST_02"/>
      <event name="EKS_TEST_EVENT"/>
      <event name="EKS_TEST_EVENT01"/>
      <event name="ENSURE_EVENT"/>
      <event name="EXPERT_EVENT"/>
      <event name="HEALTHE_EVENT"/>
      <event name="HEALTH_MAINT_QUAL_EVENT"/>
      <event name="HIM_ADD_REQUEST"/>
      <event name="HIM_ADMIT_EVENT"/>
      <event name="HIM_PATIENT_INFO_REQUEST"/>
      <event name="HIM_TEST_EVENT"/>
      <event name="HL7_EVENT"/>
      <event name="MB_EXPEDITE"/>
      <event name="MB_RESULT_EVENT"/>
      <event name="MB_SCRIPTED_WORKUPS"/>
      <event name="MB_SUSCEPTIBILITY"/>
      <event name="MDI_RESULT_EVENT"/>
      <event name="MEDCHARTACTIVATE"/>
      <event name="MPI_ADT"/>
      <event name="OPENCHART"/>
      <event name="ORDER_EVENT"/>
      <event name="ORDER_PRO_TEST1"/>
      <event name="PATIENT_EVENT"/>
      <event name="PCA_EXPERT_EVENT"/>
      <event name="Person_Transaction"/>
      <event name="PFT_Add_Account"/>
      <event name="PFT_ADJ_WO"/>
      <event name="PFT_CHARGE_EVENT"/>
      <event name="pft_check_amount"/>
      <event name="PFT_VEHICLE"/>
      <event name="PNTFLEXREFRANGE"/>
      <event name="POWERPLANFLEX"/>
      <event name="PROBLEM_EVENT"/>
      <event name="PROFIT_1450_CLAIM_EVENT"/>
      <event name="PROFIT_1500_CLAIM_EVENT"/>
      <event name="PROVIDER_CHG_EVENT"/>
      <event name="PROVIDE_EVENT"/>
      <event name="PWRCHRT_ADD_ORDER"/>
      <event name="RESULT_EVENT"/>
      <event name="RESULT_EVENT_CSM"/>
      <event name="RESULT_EVENT_TEST"/>
      <event name="SCH_ACTION_EVENT"/>
      <event name="SIGNORDER"/>
      <event name="SN New Pref Card Created"/>
      <event name="SN_CASE_CHECK_IN_EVENT"/>
      <event name="SN_CASE_EVENT"/>
      <event name="SN_CASE_SCHEDULE_EVENT"/>
      <event name="SN_DOCUMENT_OPEN"/>
      <event name="SN_DOCUMENT_STATE"/>
      <event name="SN_FINALIZE_DOC_EVENT"/>
      <event name="SN_PROCEDURE_SCHEDULE"/>
      <event name="SN_SAVE_PROCEDURE"/>
      <event name="SN_TEST_EVENT"/>
      <event name="SOCIAL_HISTORY_ADD"/>
      <event name="SYNCHEVENT"/>
      <event name="TOCFLEX"/>
      <event name="TOUCHOPENCHART"/>
    </events>
    <evokeTemplates>
      <templateDefinitions xsi:type="EM:ExpertTemplate" name="HX_SOCIAL_EVAL_RESULTA_E" definition="The triggering request contains a result for SOCIAL_HISTORY_QUESTION that is EVALUATION VALUE1." description="The triggering request contains a result for SOCIAL_HISTORY_QUESTION that is EVALUATION VALUE1." eventDependency="//@expertTemplates/@events/@event.72">
        <keywords>HISTORIES</keywords>
        <arguments xsi:type="EM:ReferentialArgument" name="SOCIAL_HISTORY_QUESTION" dataType="CHARACTER" controlType="REFERENTIAL" validationType="READ_ONLY" required="true" keyFieldIndex="4">
          <statements dependency="SOCIAL_HISTORY_QUESTION" statement="SELECT&#xD;&#xA;&#x9;_HIDDEN_SOCIAL_HISTORY_QUESTION = concat(trim(dta.description),&quot; (&quot;,trim(scr.description),&quot;)&quot;),&#xD;&#xA;&#x9;CATEGORY = trim(scr.description),&#xD;&#xA;&#x9;DTA_DESCRIPTION = trim(dta.description),&#xD;&#xA;&#x9;_HIDDEN = dta.task_assay_cd&#xD;&#xA;&#x9;&#xD;&#xA;FROM&#xD;&#xA;&#x9;shx_category_ref&#x9;scr, &#xD;&#xA;&#x9;shx_category_def&#x9;scd,&#xD;&#xA;&#x9;shx_element&#x9;&#x9;&#x9;se,&#xD;&#xA;&#x9;discrete_task_assay&#x9;dta&#xD;&#xA;&#x9;&#xD;&#xA;PLAN scr&#xD;&#xA;&#xD;&#xA;JOIN scd&#xD;&#xA;&#x9;WHERE&#xD;&#xA;&#x9;&#x9;scd.shx_category_ref_id = scr.shx_category_ref_id&#xD;&#xA;&#x9;&#x9;AND&#xD;&#xA;&#x9;&#x9;scd.active_ind = 1&#xD;&#xA;&#xD;&#xA;JOIN se&#xD;&#xA;&#x9;WHERE&#xD;&#xA;&#x9;&#x9;se.shx_category_def_id = scd.shx_category_def_id&#xD;&#xA;&#x9;&#x9;AND&#xD;&#xA;&#x9;&#x9;se.input_type_cd =&#xD;&#xA;(select cv.code_value from code_value cv where cv.code_set = 4002169 AND (cv.cdf_meaning IN (&quot;COMBO&quot;,&quot;MULTILIST&quot;,&quot;RADIO&quot;,&quot;SNGLSELRADIO&quot;,&quot;CHECKBOXES&quot;)))&#xD;&#xA;&#xD;&#xA;JOIN dta&#xD;&#xA;&#x9;WHERE&#xD;&#xA;&#x9;&#x9;dta.task_assay_cd = se.task_assay_cd&#xD;&#xA;&#xD;&#xA;ORDER BY&#xD;&#xA;&#x9;scr.description,&#xD;&#xA;&#x9;dta.description"/>
        </arguments>
        <arguments xsi:type="EM:FixedListArgument" name="EVALUATION" dataType="CHARACTER" validationType="READ_ONLY" required="true">
          <defaultValue xsi:type="EM:StringValue" value="equal to"/>
          <stringTable>
            <column value="equal to"/>
            <column value="equal to"/>
          </stringTable>
        </arguments>
        <arguments xsi:type="EM:ReferentialArgument" name="VALUE1" dataType="CHARACTER" controlType="LISTBOX" validationType="READ_ONLY" required="true" dependency="SOCIAL_HISTORY_QUESTION" keyFieldIndex="2">
          <statements dependency="VALUE1" statement="SELECT distinct&#xD;&#xA;&#x9;VALUE1 = trim(n.source_string),&#xD;&#xA;&#x9;_HIDDEN_PAR = n.nomenclature_id&#xD;&#xA;&#x9;&#xD;&#xA;FROM&#xD;&#xA;&#x9;reference_range_factor&#x9;rrf,&#xD;&#xA;&#x9;alpha_responses&#x9;&#x9;&#x9;ar,&#xD;&#xA;&#x9;nomenclature&#x9;&#x9;&#x9;n&#xD;&#xA;&#x9;&#xD;&#xA;PLAN rrf&#xD;&#xA;&#x9;WHERE&#xD;&#xA;&#x9;&#x9;rrf.task_assay_cd = cnvtreal(PAR1)&#xD;&#xA;&#x9;&#x9;AND&#xD;&#xA;&#x9;&#x9;rrf.active_ind = 1&#xD;&#xA;&#xD;&#xA;JOIN ar&#xD;&#xA;&#x9;WHERE&#xD;&#xA;&#x9;&#x9;ar.reference_range_factor_id = rrf.reference_range_factor_id&#xD;&#xA;&#x9;&#x9;AND&#xD;&#xA;&#x9;&#x9;ar.active_ind = 1&#xD;&#xA;&#xD;&#xA;JOIN n&#xD;&#xA;&#x9;WHERE&#xD;&#xA;&#x9;&#x9;n.nomenclature_id = ar.nomenclature_id&#xD;&#xA;&#x9;&#x9;AND&#xD;&#xA;&#x9;&#x9;n.active_ind = 1&#xD;&#xA;&#xD;&#xA;ORDER BY&#xD;&#xA;&#x9;n.source_string"/>
        </arguments>
      </templateDefinitions>
    </evokeTemplates>
    <logicTemplates>
      <templateDefinitions xsi:type="EM:ExpertTemplate" name="EKS_STOP_LOGIC_L" definition="the following templates are false, MODE logic evaluation" description="Used to control efficiency of Action Group rules" eventDependency="//@expertTemplates/@events/@event.1 //@expertTemplates/@events/@event.2 //@expertTemplates/@events/@event.3 //@expertTemplates/@events/@event.5 //@expertTemplates/@events/@event.8 //@expertTemplates/@events/@event.9 //@expertTemplates/@events/@event.10 //@expertTemplates/@events/@event.11 //@expertTemplates/@events/@event.13 //@expertTemplates/@events/@event.16 //@expertTemplates/@events/@event.23 //@expertTemplates/@events/@event.32 //@expertTemplates/@events/@event.36 //@expertTemplates/@events/@event.38 //@expertTemplates/@events/@event.39 //@expertTemplates/@events/@event.41 //@expertTemplates/@events/@event.42 //@expertTemplates/@events/@event.49 //@expertTemplates/@events/@event.50 //@expertTemplates/@events/@event.51 //@expertTemplates/@events/@event.55 //@expertTemplates/@events/@event.57 //@expertTemplates/@events/@event.58 //@expertTemplates/@events/@event.61 //@expertTemplates/@events/@event.72 //@expertTemplates/@events/@event.73 //@expertTemplates/@events/@event.74 //@expertTemplates/@events/@event.75" reconcilable="true" alwaysTrue="true">
        <keywords>UTILITY</keywords>
        <arguments xsi:type="EM:FixedListArgument" name="MODE" dataType="CHARACTER" validationType="READ_ONLY" reconcileScript="N/A">
          <defaultValue xsi:type="EM:StringValue" value="STOP"/>
          <stringTable>
            <column value="STOP"/>
            <column value=" "/>
          </stringTable>
          <stringTable>
            <column value="CONTINUE"/>
            <column value=" "/>
          </stringTable>
        </arguments>
      </templateDefinitions>
      <templateDefinitions xsi:type="EM:ExpertTemplate" name="EKS_LOGIC_TRUE" definition="LOGIC is true" description="Always true" eventDependency="//@expertTemplates/@events/@event.1 //@expertTemplates/@events/@event.2 //@expertTemplates/@events/@event.3 //@expertTemplates/@events/@event.8 //@expertTemplates/@events/@event.9 //@expertTemplates/@events/@event.10 //@expertTemplates/@events/@event.11 //@expertTemplates/@events/@event.13 //@expertTemplates/@events/@event.16 //@expertTemplates/@events/@event.23 //@expertTemplates/@events/@event.24 //@expertTemplates/@events/@event.36 //@expertTemplates/@events/@event.38 //@expertTemplates/@events/@event.39 //@expertTemplates/@events/@event.41 //@expertTemplates/@events/@event.42 //@expertTemplates/@events/@event.49 //@expertTemplates/@events/@event.50 //@expertTemplates/@events/@event.51 //@expertTemplates/@events/@event.55 //@expertTemplates/@events/@event.57 //@expertTemplates/@events/@event.58 //@expertTemplates/@events/@event.60 //@expertTemplates/@events/@event.61 //@expertTemplates/@events/@event.72 //@expertTemplates/@events/@event.73 //@expertTemplates/@events/@event.74 //@expertTemplates/@events/@event.75" reconcilable="true" alwaysTrue="true">
        <keywords>UTILITY</keywords>
        <arguments name="LOGIC" dataType="CHARACTER" reconcileScript="N/A">
          <defaultValue xsi:type="EM:StringValue" value="@quot;LOGIC@quot;"/>
        </arguments>
      </templateDefinitions>
      <templateDefinitions xsi:type="EM:ExpertTemplate" name="EKS_CALC_SAVE_L" definition="EXPRESSION" description="Create a value to be used by subsequent templates" eventDependency="//@expertTemplates/@events/@event.1 //@expertTemplates/@events/@event.2 //@expertTemplates/@events/@event.3 //@expertTemplates/@events/@event.5 //@expertTemplates/@events/@event.8 //@expertTemplates/@events/@event.9 //@expertTemplates/@events/@event.10 //@expertTemplates/@events/@event.11 //@expertTemplates/@events/@event.13 //@expertTemplates/@events/@event.16 //@expertTemplates/@events/@event.23 //@expertTemplates/@events/@event.36 //@expertTemplates/@events/@event.38 //@expertTemplates/@events/@event.39 //@expertTemplates/@events/@event.41 //@expertTemplates/@events/@event.42 //@expertTemplates/@events/@event.49 //@expertTemplates/@events/@event.50 //@expertTemplates/@events/@event.51 //@expertTemplates/@events/@event.55 //@expertTemplates/@events/@event.57 //@expertTemplates/@events/@event.58 //@expertTemplates/@events/@event.61 //@expertTemplates/@events/@event.72 //@expertTemplates/@events/@event.73 //@expertTemplates/@events/@event.74 //@expertTemplates/@events/@event.75" reconcilable="true">
        <keywords>UTILITY, LOG_RETVAL</keywords>
        <arguments name="EXPRESSION" dataType="CHARACTER" controlType="TEXT_MULTI_LINE" required="true" reconcileScript="N/A"/>
      </templateDefinitions>
      <templateDefinitions xsi:type="EM:ExpertTemplate" name="EKS_ENCOUNTER_DETAIL_L" definition="the patient's ENC_DETAIL QUAL DETAIL_VALUE for the same encounter as OPT_LINK" description="Encounter attributes" eventDependency="//@expertTemplates/@events/@event.1 //@expertTemplates/@events/@event.2 //@expertTemplates/@events/@event.3 //@expertTemplates/@events/@event.4 //@expertTemplates/@events/@event.8 //@expertTemplates/@events/@event.9 //@expertTemplates/@events/@event.10 //@expertTemplates/@events/@event.11 //@expertTemplates/@events/@event.13 //@expertTemplates/@events/@event.16 //@expertTemplates/@events/@event.23 //@expertTemplates/@events/@event.34 //@expertTemplates/@events/@event.36 //@expertTemplates/@events/@event.38 //@expertTemplates/@events/@event.39 //@expertTemplates/@events/@event.41 //@expertTemplates/@events/@event.42 //@expertTemplates/@events/@event.49 //@expertTemplates/@events/@event.50 //@expertTemplates/@events/@event.51 //@expertTemplates/@events/@event.55 //@expertTemplates/@events/@event.57 //@expertTemplates/@events/@event.61 //@expertTemplates/@events/@event.72 //@expertTemplates/@events/@event.73 //@expertTemplates/@events/@event.74 //@expertTemplates/@events/@event.75" optimizable="true" reconcilable="true">
        <keywords>ENCOUNTER</keywords>
        <arguments xsi:type="EM:ReferentialArgument" name="ENC_DETAIL" dataType="CHARACTER" controlType="REFERENTIAL" validationType="READ_ONLY" required="true" reconcileScript="N/A" keyFieldIndex="2">
          <statements dependency="ENC_DETAIL" statement="execute EKS_T_ENC_DETAIL_REFHELP &quot;HELP&quot; go"/>
        </arguments>
        <arguments xsi:type="EM:ReferentialArgument" name="QUAL" dataType="CHARACTER" controlType="REFERENTIAL" validationType="READ_ONLY" required="true" dependency="ENC_DETAIL" reconcileScript="N/A" keyFieldIndex="2">
          <statements dependency="QUAL" statement="execute EKS_T_ENC_DETAIL_REFHELP concat(&quot;QUAL&quot;, PAR1) go"/>
        </arguments>
        <arguments xsi:type="EM:ReferentialArgument" name="DETAIL_VALUE" dataType="CHARACTER" controlType="LISTBOX" validationType="READ_ONLY" required="true" dependency="ENC_DETAIL" optimizable="true" reconcileScript="eks_p_encDetail" keyFieldIndex="2">
          <statements dependency="DETAIL_VALUE" statement="execute EKS_T_ENC_DETAIL_REFHELP concat(&quot;VALUE&quot;, PAR1) go"/>
        </arguments>
        <arguments name="OPT_LINK" dataType="LINK" controlType="TEMPLATE_REFERENCE" reconcileScript="N/A"/>
      </templateDefinitions>
      <templateDefinitions xsi:type="EM:ExpertTemplate" name="HX_SOCIAL_FIND_RESULTA_L" definition="A result for SOCIAL_HISTORY_QUESTION exists that is EVALUATION VALUE1" description="A result for SOCIAL_HISTORY_QUESTION exists that is EVALUATION VALUE1" eventDependency="//@expertTemplates/@events/@event.2 //@expertTemplates/@events/@event.3 //@expertTemplates/@events/@event.4 //@expertTemplates/@events/@event.5 //@expertTemplates/@events/@event.8 //@expertTemplates/@events/@event.9 //@expertTemplates/@events/@event.10 //@expertTemplates/@events/@event.11 //@expertTemplates/@events/@event.16 //@expertTemplates/@events/@event.23 //@expertTemplates/@events/@event.32 //@expertTemplates/@events/@event.34 //@expertTemplates/@events/@event.36 //@expertTemplates/@events/@event.38 //@expertTemplates/@events/@event.39 //@expertTemplates/@events/@event.41 //@expertTemplates/@events/@event.49 //@expertTemplates/@events/@event.50 //@expertTemplates/@events/@event.51 //@expertTemplates/@events/@event.57 //@expertTemplates/@events/@event.58 //@expertTemplates/@events/@event.61 //@expertTemplates/@events/@event.72 //@expertTemplates/@events/@event.73">
        <keywords>HISTORIES</keywords>
        <arguments xsi:type="EM:ReferentialArgument" name="SOCIAL_HISTORY_QUESTION" dataType="CHARACTER" controlType="REFERENTIAL" validationType="READ_ONLY" required="true" keyFieldIndex="4">
          <statements dependency="SOCIAL_HISTORY_QUESTION" statement="SELECT&#xD;&#xA;&#x9;_HIDDEN_SOCIAL_HISTORY_QUESTION = concat(trim(dta.description),&quot; (&quot;,trim(scr.description),&quot;)&quot;),&#xD;&#xA;&#x9;CATEGORY = trim(scr.description),&#xD;&#xA;&#x9;DTA_DESCRIPTION = trim(dta.description),&#xD;&#xA;&#x9;_HIDDEN = dta.task_assay_cd&#xD;&#xA;&#x9;&#xD;&#xA;FROM&#xD;&#xA;&#x9;shx_category_ref&#x9;scr, &#xD;&#xA;&#x9;shx_category_def&#x9;scd,&#xD;&#xA;&#x9;shx_element&#x9;&#x9;&#x9;se,&#xD;&#xA;&#x9;discrete_task_assay&#x9;dta&#xD;&#xA;&#x9;&#xD;&#xA;PLAN scr&#xD;&#xA;&#xD;&#xA;JOIN scd&#xD;&#xA;&#x9;WHERE&#xD;&#xA;&#x9;&#x9;scd.shx_category_ref_id = scr.shx_category_ref_id&#xD;&#xA;&#x9;&#x9;AND&#xD;&#xA;&#x9;&#x9;scd.active_ind = 1&#xD;&#xA;&#xD;&#xA;JOIN se&#xD;&#xA;&#x9;WHERE&#xD;&#xA;&#x9;&#x9;se.shx_category_def_id = scd.shx_category_def_id&#xD;&#xA;&#x9;&#x9;AND&#xD;&#xA;&#x9;&#x9;se.input_type_cd =&#xD;&#xA;(select cv.code_value from code_value cv where cv.code_set = 4002169 AND (cv.cdf_meaning IN (&quot;COMBO&quot;,&quot;MULTILIST&quot;,&quot;RADIO&quot;,&quot;SNGLSELRADIO&quot;,&quot;CHECKBOXES&quot;)))&#xD;&#xA;&#xD;&#xA;JOIN dta&#xD;&#xA;&#x9;WHERE&#xD;&#xA;&#x9;&#x9;dta.task_assay_cd = se.task_assay_cd&#xD;&#xA;&#xD;&#xA;ORDER BY&#xD;&#xA;&#x9;scr.description,&#xD;&#xA;&#x9;dta.description"/>
        </arguments>
        <arguments xsi:type="EM:FixedListArgument" name="EVALUATION" dataType="CHARACTER" validationType="READ_ONLY" required="true">
          <defaultValue xsi:type="EM:StringValue" value="equal to"/>
          <stringTable>
            <column value="equal to"/>
            <column value="equal to"/>
          </stringTable>
        </arguments>
        <arguments xsi:type="EM:ReferentialArgument" name="VALUE1" dataType="CHARACTER" controlType="LISTBOX" validationType="READ_ONLY" required="true" dependency="SOCIAL_HISTORY_QUESTION" keyFieldIndex="2">
          <statements dependency="VALUE1" statement="SELECT distinct&#xD;&#xA;&#x9;VALUE1 = trim(n.source_string),&#xD;&#xA;&#x9;_HIDDEN_PAR = n.nomenclature_id&#xD;&#xA;&#x9;&#xD;&#xA;FROM&#xD;&#xA;&#x9;reference_range_factor&#x9;rrf,&#xD;&#xA;&#x9;alpha_responses&#x9;&#x9;&#x9;ar,&#xD;&#xA;&#x9;nomenclature&#x9;&#x9;&#x9;n&#xD;&#xA;&#x9;&#xD;&#xA;PLAN rrf&#xD;&#xA;&#x9;WHERE&#xD;&#xA;&#x9;&#x9;rrf.task_assay_cd = cnvtreal(PAR1)&#xD;&#xA;&#x9;&#x9;AND&#xD;&#xA;&#x9;&#x9;rrf.active_ind = 1&#xD;&#xA;&#xD;&#xA;JOIN ar&#xD;&#xA;&#x9;WHERE&#xD;&#xA;&#x9;&#x9;ar.reference_range_factor_id = rrf.reference_range_factor_id&#xD;&#xA;&#x9;&#x9;AND&#xD;&#xA;&#x9;&#x9;ar.active_ind = 1&#xD;&#xA;&#xD;&#xA;JOIN n&#xD;&#xA;&#x9;WHERE&#xD;&#xA;&#x9;&#x9;n.nomenclature_id = ar.nomenclature_id&#xD;&#xA;&#x9;&#x9;AND&#xD;&#xA;&#x9;&#x9;n.active_ind = 1&#xD;&#xA;&#xD;&#xA;ORDER BY&#xD;&#xA;&#x9;n.source_string"/>
        </arguments>
      </templateDefinitions>
      <templateDefinitions xsi:type="EM:ExpertTemplate" name="EKS_PROBLEMS_FIND_L" definition="OPT_PROBLEMS exist with OPT_QUALIFIER, OPT_CONFIRMATION, OPT_CLASSIFICATION, OPT_LIFE_CYCLE_STATUS, OPT_SEVERITY_CLASS, OPT_SEVERITY, OPT_COURSE for person LINK. Optionally narrow problem matching by limiting cross-mapping to OPT_CROSS_VOCABS vocabularies OPT_PERSON_ACTIVITY concepts on patient&#x2019;s profile and/or OPT_VOCAB_HIERARCHY hierarchy or ignoring concepts altogether OPT_IGNORE_CONCEPTS. Find all matches OPT_MATCH_ALL." description="Problem, attributes" eventDependency="//@expertTemplates/@events/@event.2 //@expertTemplates/@events/@event.3 //@expertTemplates/@events/@event.8 //@expertTemplates/@events/@event.9 //@expertTemplates/@events/@event.10 //@expertTemplates/@events/@event.11 //@expertTemplates/@events/@event.13 //@expertTemplates/@events/@event.16 //@expertTemplates/@events/@event.17 //@expertTemplates/@events/@event.22 //@expertTemplates/@events/@event.23 //@expertTemplates/@events/@event.36 //@expertTemplates/@events/@event.38 //@expertTemplates/@events/@event.39 //@expertTemplates/@events/@event.41 //@expertTemplates/@events/@event.42 //@expertTemplates/@events/@event.49 //@expertTemplates/@events/@event.50 //@expertTemplates/@events/@event.51 //@expertTemplates/@events/@event.55 //@expertTemplates/@events/@event.57 //@expertTemplates/@events/@event.61 //@expertTemplates/@events/@event.72 //@expertTemplates/@events/@event.73 //@expertTemplates/@events/@event.74 //@expertTemplates/@events/@event.75" optimizable="true" reconcilable="true">
        <keywords>PERSON</keywords>
        <arguments xsi:type="EM:ReferentialArgument" name="OPT_PROBLEMS" dataType="CHARACTER" controlType="NOMENCLATURE" reconcileScript="eks_p_nomen_recon 13" keyFieldIndex="2"/>
        <arguments xsi:type="EM:ReferentialArgument" name="OPT_QUALIFIER" dataType="CHARACTER" controlType="LISTBOX" validationType="READ_ONLY" optimizable="true" reconcileScript="eks_p_codeset_cki_refhelp &quot;29740&quot;,&quot;CDF&quot;,&quot;&quot;" keyFieldIndex="2">
          <statements dependency="OPT_QUALIFIER" statement="eks_codeset_cki_refhelp &quot;29740&quot;,&quot;CDF&quot;,&quot;&quot; go"/>
        </arguments>
        <arguments xsi:type="EM:ReferentialArgument" name="OPT_CONFIRMATION" dataType="CHARACTER" controlType="LISTBOX" validationType="READ_ONLY" optimizable="true" reconcileScript="eks_p_codeset_cki_refhelp &quot;12031&quot;,&quot;CDF&quot;,&quot;&quot;" keyFieldIndex="2">
          <statements dependency="OPT_CONFIRMATION" statement="eks_codeset_cki_refhelp &quot;12031&quot;,&quot;CDF&quot;,&quot;&quot; go"/>
        </arguments>
        <arguments xsi:type="EM:ReferentialArgument" name="OPT_CLASSIFICATION" dataType="CHARACTER" controlType="LISTBOX" validationType="READ_ONLY" optimizable="true" reconcileScript="eks_p_codeset_cki_refhelp &quot;12033&quot;,&quot;CDF&quot;,&quot;&quot;" keyFieldIndex="2">
          <statements dependency="OPT_CLASSIFICATION" statement="eks_codeset_cki_refhelp &quot;12033&quot;,&quot;CDF&quot;,&quot;&quot; go"/>
        </arguments>
        <arguments xsi:type="EM:ReferentialArgument" name="OPT_LIFE_CYCLE_STATUS" dataType="CHARACTER" controlType="LISTBOX" validationType="READ_ONLY" optimizable="true" reconcileScript="eks_p_codeset_cki_refhelp &quot;12030&quot;,&quot;CDF&quot;,&quot;&quot;" keyFieldIndex="2">
          <statements dependency="OPT_LIFE_CYCLE_STATUS" statement="eks_codeset_cki_refhelp &quot;12030&quot;,&quot;CDF&quot;,&quot;&quot; go"/>
        </arguments>
        <arguments xsi:type="EM:ReferentialArgument" name="OPT_SEVERITY_CLASS" dataType="CHARACTER" controlType="LISTBOX" validationType="READ_ONLY" optimizable="true" reconcileScript="eks_p_codeset_cki_refhelp &quot;29743&quot;,&quot;CDF&quot;,&quot;&quot;" keyFieldIndex="2">
          <statements dependency="OPT_SEVERITY_CLASS" statement="eks_codeset_cki_refhelp &quot;29743&quot;,&quot;CDF&quot;,&quot;&quot; go"/>
        </arguments>
        <arguments xsi:type="EM:ReferentialArgument" name="OPT_SEVERITY" dataType="CHARACTER" controlType="LISTBOX" validationType="READ_ONLY" optimizable="true" reconcileScript="eks_p_codeset_cki_refhelp &quot;12022&quot;,&quot;CDF&quot;,&quot;&quot;" keyFieldIndex="2">
          <statements dependency="OPT_SEVERITY" statement="eks_codeset_cki_refhelp &quot;12022&quot;,&quot;CDF&quot;,&quot;&quot; go"/>
        </arguments>
        <arguments xsi:type="EM:ReferentialArgument" name="OPT_COURSE" dataType="CHARACTER" controlType="LISTBOX" validationType="READ_ONLY" optimizable="true" reconcileScript="eks_p_codeset_cki_refhelp &quot;12039&quot;,&quot;CDF&quot;,&quot;&quot;" keyFieldIndex="2">
          <statements dependency="OPT_COURSE" statement="eks_codeset_cki_refhelp &quot;12039&quot;,&quot;CDF&quot;,&quot;&quot; go"/>
        </arguments>
        <arguments name="LINK" dataType="LINK" controlType="TEMPLATE_REFERENCE" required="true" reconcileScript="N/A"/>
        <arguments xsi:type="EM:ReferentialArgument" name="OPT_CROSS_VOCABS" dataType="CHARACTER" controlType="LISTBOX" validationType="READ_ONLY" optimizable="true" reconcileScript="eks_p_codeset_cki_refhelp &quot;400&quot;,&quot;CKI&quot;,&quot;*ALL,*NONE&quot;" keyFieldIndex="2">
          <statements dependency="OPT_CROSS_VOCABS" statement="eks_codeset_cki_refhelp &quot;400&quot;,&quot;CKI&quot;,&quot;*ALL,*NONE&quot; go"/>
        </arguments>
        <arguments xsi:type="EM:FixedListArgument" name="OPT_PERSON_ACTIVITY" dataType="CHARACTER" validationType="READ_ONLY" reconcileScript="N/A">
          <defaultValue xsi:type="EM:StringValue" value="Including"/>
          <stringTable>
            <column value="Including"/>
            <column value="Including cross map patient activity data"/>
          </stringTable>
          <stringTable>
            <column value="Excluding"/>
            <column value="Excluding cross map patient activity data"/>
          </stringTable>
        </arguments>
        <arguments xsi:type="EM:FixedListArgument" name="OPT_VOCAB_HIERARCHY" dataType="CHARACTER" validationType="READ_ONLY" reconcileScript="N/A">
          <defaultValue xsi:type="EM:StringValue" value="Include"/>
          <stringTable>
            <column value="Include"/>
            <column value="Include Hierarchy "/>
          </stringTable>
          <stringTable>
            <column value="Exclude"/>
            <column value="Exclude Hierarchy"/>
          </stringTable>
        </arguments>
        <arguments xsi:type="EM:FixedListArgument" name="OPT_IGNORE_CONCEPTS" dataType="CHARACTER" validationType="READ_ONLY" reconcileScript="N/A">
          <defaultValue xsi:type="EM:StringValue" value="NO"/>
          <stringTable>
            <column value="YES"/>
            <column value="ignore mapping Concept_CKI"/>
          </stringTable>
          <stringTable>
            <column value="NO"/>
            <column value="mapping Concept_CKI"/>
          </stringTable>
        </arguments>
        <arguments xsi:type="EM:FixedListArgument" name="OPT_MATCH_ALL" dataType="CHARACTER" validationType="READ_ONLY" reconcileScript="N/A">
          <defaultValue xsi:type="EM:StringValue" value="YES"/>
          <stringTable>
            <column value="YES"/>
            <column value="find ALL matched problem(s)"/>
          </stringTable>
          <stringTable>
            <column value="NO"/>
            <column value="find ONE matched problem"/>
          </stringTable>
        </arguments>
      </templateDefinitions>
    </logicTemplates>
    <actionTemplates>
      <templateDefinitions xsi:type="EM:ExpertTemplate" name="EKS_PROBLEMS_ADD_A" definition="Add PROBLEMS with OPT_QUALIFIER, CONFIRMATION, CLASSIFICATION, LIFE_CYCLE_STATUS, OPT_SEVERITY_CLASS, OPT_SEVERITY, OPT_COURSE, OPT_COMMENT  for person LINK.  " description="Add problem" eventDependency="//@expertTemplates/@events/@event.2 //@expertTemplates/@events/@event.3 //@expertTemplates/@events/@event.8 //@expertTemplates/@events/@event.9 //@expertTemplates/@events/@event.10 //@expertTemplates/@events/@event.11 //@expertTemplates/@events/@event.13 //@expertTemplates/@events/@event.16 //@expertTemplates/@events/@event.17 //@expertTemplates/@events/@event.22 //@expertTemplates/@events/@event.23 //@expertTemplates/@events/@event.36 //@expertTemplates/@events/@event.38 //@expertTemplates/@events/@event.39 //@expertTemplates/@events/@event.41 //@expertTemplates/@events/@event.42 //@expertTemplates/@events/@event.51 //@expertTemplates/@events/@event.55 //@expertTemplates/@events/@event.57 //@expertTemplates/@events/@event.61 //@expertTemplates/@events/@event.72 //@expertTemplates/@events/@event.73 //@expertTemplates/@events/@event.75" optimizable="true" reconcilable="true">
        <keywords>PERSON</keywords>
        <arguments xsi:type="EM:ReferentialArgument" name="PROBLEMS" dataType="CHARACTER" controlType="NOMENCLATURE" required="true" reconcileScript="eks_p_nomen_recon 0" keyFieldIndex="2"/>
        <arguments xsi:type="EM:ReferentialArgument" name="OPT_QUALIFIER" dataType="CHARACTER" controlType="REFERENTIAL" validationType="REFERENTIAL" optimizable="true" reconcileScript="eks_p_codeset_cki_refhelp &quot;29740&quot;,&quot;CDF&quot;,&quot;&quot;" keyFieldIndex="2">
          <statements dependency="OPT_QUALIFIER" statement="eks_codeset_cki_refhelp &quot;29740&quot;,&quot;CDF&quot;,&quot;&quot; go"/>
        </arguments>
        <arguments xsi:type="EM:ReferentialArgument" name="CONFIRMATION" dataType="CHARACTER" controlType="REFERENTIAL" validationType="REFERENTIAL" required="true" optimizable="true" reconcileScript="eks_p_codeset_cki_refhelp &quot;12031&quot;,&quot;&quot;,&quot;&quot;" keyFieldIndex="2">
          <statements dependency="CONFIRMATION" statement="eks_codeset_cki_refhelp &quot;12031&quot;,&quot;&quot;,&quot;&quot; go"/>
        </arguments>
        <arguments xsi:type="EM:ReferentialArgument" name="CLASSIFICATION" dataType="CHARACTER" controlType="REFERENTIAL" validationType="REFERENTIAL" required="true" optimizable="true" reconcileScript="eks_p_codeset_cki_refhelp &quot;12033&quot;,&quot;&quot;,&quot;&quot;" keyFieldIndex="2">
          <statements dependency="CLASSIFICATION" statement="eks_codeset_cki_refhelp &quot;12033&quot;,&quot;&quot;,&quot;&quot; go"/>
        </arguments>
        <arguments xsi:type="EM:ReferentialArgument" name="LIFE_CYCLE_STATUS" dataType="CHARACTER" controlType="REFERENTIAL" validationType="REFERENTIAL" required="true" optimizable="true" reconcileScript="eks_p_codeset_cki_refhelp &quot;12030&quot;,&quot;&quot;,&quot;&quot;" keyFieldIndex="2">
          <statements dependency="LIFE_CYCLE_STATUS" statement="eks_codeset_cki_refhelp &quot;12030&quot;,&quot;&quot;,&quot;&quot; go"/>
        </arguments>
        <arguments xsi:type="EM:ReferentialArgument" name="OPT_SEVERITY_CLASS" dataType="CHARACTER" controlType="REFERENTIAL" validationType="REFERENTIAL" optimizable="true" reconcileScript="eks_p_codeset_cki_refhelp &quot;29743&quot;,&quot;&quot;,&quot;&quot;" keyFieldIndex="2">
          <statements dependency="OPT_SEVERITY_CLASS" statement="eks_codeset_cki_refhelp &quot;29743&quot;,&quot;&quot;,&quot;&quot; go"/>
        </arguments>
        <arguments xsi:type="EM:ReferentialArgument" name="OPT_SEVERITY" dataType="CHARACTER" controlType="REFERENTIAL" validationType="REFERENTIAL" dependency="OPT_SEVERITY_CLASS" optimizable="true" reconcileScript="eks_p_codeset_cki_refhelp &quot;12022&quot;,&quot;&quot;,&quot;&quot;" keyFieldIndex="2">
          <statements dependency="OPT_SEVERITY" statement="eks_code_value_group_refhelp PAR1, &quot;&quot;, &quot;OPT_SEVERITY_CLASS&quot;, &quot;&quot; go"/>
        </arguments>
        <arguments xsi:type="EM:ReferentialArgument" name="OPT_COURSE" dataType="CHARACTER" controlType="REFERENTIAL" validationType="REFERENTIAL" optimizable="true" reconcileScript="eks_p_codeset_cki_refhelp &quot;12039&quot;,&quot;&quot;,&quot;&quot;" keyFieldIndex="2">
          <statements dependency="OPT_COURSE" statement="eks_codeset_cki_refhelp &quot;12039&quot;,&quot;&quot;,&quot;&quot; go"/>
        </arguments>
        <arguments name="OPT_COMMENT" dataType="CHARACTER" controlType="TEXT_MULTI_LINE" reconcileScript="N/A"/>
        <arguments name="LINK" dataType="LINK" controlType="TEMPLATE_REFERENCE" required="true" reconcileScript="N/A"/>
      </templateDefinitions>
    </actionTemplates>
  </expertTemplates>
  <ruleDefinition>
    <evokeSection>
      <evokes evokeEvent="//@expertTemplates/@events/@event.72">
        <logicExpression xsi:type="EM:GroupExpression">
          <expression xsi:type="EM:InfixExpression" operator="OR">
            <leftExpression xsi:type="EM:Antecedent" id="E1" template="HX_SOCIAL_EVAL_RESULTA_E">
              <facts argument="SOCIAL_HISTORY_QUESTION">
                <value xsi:type="EM:ListValue">
                  <values xsi:type="EM:ListValue">
                    <values xsi:type="EM:CustomValue" hideDisplay="true">
                      <customValue xsi:type="EM:StringValue" value="4625825.00"/>
                    </values>
                    <values xsi:type="EM:StringValue" value="Use: (Tobacco)"/>
                  </values>
                </value>
              </facts>
              <facts argument="EVALUATION">
                <value xsi:type="EM:StringValue" value="equal to"/>
              </facts>
              <facts argument="VALUE1">
                <value xsi:type="EM:ListValue">
                  <values xsi:type="EM:ListValue">
                    <values xsi:type="EM:CustomValue" hideDisplay="true">
                      <customValue xsi:type="EM:StringValue" value="293962676.00"/>
                    </values>
                    <values xsi:type="EM:StringValue" value="Current everyday tobacco user"/>
                  </values>
                  <values xsi:type="EM:ListValue">
                    <values xsi:type="EM:CustomValue" hideDisplay="true">
                      <customValue xsi:type="EM:StringValue" value="293962677.00"/>
                    </values>
                    <values xsi:type="EM:StringValue" value="Current some day tobacco user"/>
                  </values>
                </value>
              </facts>
            </leftExpression>
            <rightExpression xsi:type="EM:Antecedent" id="E2" template="HX_SOCIAL_EVAL_RESULTA_E">
              <facts argument="SOCIAL_HISTORY_QUESTION">
                <value xsi:type="EM:ListValue">
                  <values xsi:type="EM:ListValue">
                    <values xsi:type="EM:CustomValue" hideDisplay="true">
                      <customValue xsi:type="EM:StringValue" value="4625825.00"/>
                    </values>
                    <values xsi:type="EM:StringValue" value="Smoking tobacco use: (Tobacco)"/>
                  </values>
                </value>
              </facts>
              <facts argument="EVALUATION">
                <value xsi:type="EM:StringValue" value="equal to"/>
              </facts>
              <facts argument="VALUE1">
                <value xsi:type="EM:ListValue">
                  <values xsi:type="EM:ListValue">
                    <values xsi:type="EM:CustomValue" hideDisplay="true">
                      <customValue xsi:type="EM:StringValue" value="293962676.00"/>
                    </values>
                    <values xsi:type="EM:StringValue" value="Current everyday tobacco user"/>
                  </values>
                  <values xsi:type="EM:ListValue">
                    <values xsi:type="EM:CustomValue" hideDisplay="true">
                      <customValue xsi:type="EM:StringValue" value="293962677.00"/>
                    </values>
                    <values xsi:type="EM:StringValue" value="Current some day tobacco user"/>
                  </values>
                </value>
              </facts>
            </rightExpression>
          </expression>
        </logicExpression>
      </evokes>
    </evokeSection>
    <logicSection>
      <logicExpression xsi:type="EM:InfixExpression">
        <leftExpression xsi:type="EM:Antecedent" id="L1" template="EKS_STOP_LOGIC_L">
          <facts argument="MODE">
            <value xsi:type="EM:StringValue" value="STOP"/>
          </facts>
        </leftExpression>
        <rightExpression xsi:type="EM:InfixExpression">
          <leftExpression xsi:type="EM:Antecedent" id="L2" template="EKS_LOGIC_TRUE">
            <facts argument="LOGIC">
              <value xsi:type="EM:StringValue" value="@quot;LOGIC@quot;"/>
            </facts>
          </leftExpression>
          <rightExpression xsi:type="EM:InfixExpression">
            <leftExpression xsi:type="EM:Antecedent" id="L3" template="EKS_CALC_SAVE_L">
              <facts argument="EXPRESSION">
                <value xsi:type="EM:StringValue" value="select e.encntr_id from encounter e where e.person_id = @patientid:2 and e.disch_dt_tm is null order e.reg_dt_tm detail encntrid = e.encntr_id go"/>
              </facts>
            </leftExpression>
            <rightExpression xsi:type="EM:InfixExpression">
              <leftExpression xsi:type="EM:Antecedent" id="L4" template="EKS_ENCOUNTER_DETAIL_L">
                <facts argument="ENC_DETAIL">
                  <value xsi:type="EM:ListValue">
                    <values xsi:type="EM:ListValue">
                      <values xsi:type="EM:CustomValue" hideDisplay="true">
                        <customValue xsi:type="EM:StringValue" value="ENCNTR_STATUS_CD\261"/>
                      </values>
                      <values xsi:type="EM:StringValue" value="Encounter Status"/>
                    </values>
                  </value>
                </facts>
                <facts argument="QUAL">
                  <value xsi:type="EM:ListValue">
                    <values xsi:type="EM:ListValue">
                      <values xsi:type="EM:CustomValue" hideDisplay="true">
                        <customValue xsi:type="EM:StringValue" value="="/>
                      </values>
                      <values xsi:type="EM:StringValue" value="is listed"/>
                    </values>
                  </value>
                </facts>
                <facts argument="DETAIL_VALUE">
                  <value xsi:type="EM:ListValue">
                    <values xsi:type="EM:ListValue">
                      <values xsi:type="EM:CustomValue" hideDisplay="true">
                        <customValue xsi:type="EM:StringValue" value="CKI.CODEVALUE!3980"/>
                      </values>
                      <values xsi:type="EM:StringValue" value="ACTIVE"/>
                    </values>
                  </value>
                </facts>
                <facts argument="OPT_LINK">
                  <value xsi:type="EM:AntecedentReference" antecedent="//@ruleDefinition/@logicSection/@logicExpression/@rightExpression/@rightExpression/@leftExpression"/>
                </facts>
              </leftExpression>
              <rightExpression xsi:type="EM:InfixExpression">
                <leftExpression xsi:type="EM:GroupExpression">
                  <expression xsi:type="EM:InfixExpression" operator="OR">
                    <leftExpression xsi:type="EM:Antecedent" id="L5" template="HX_SOCIAL_FIND_RESULTA_L">
                      <facts argument="SOCIAL_HISTORY_QUESTION">
                        <value xsi:type="EM:ListValue">
                          <values xsi:type="EM:ListValue">
                            <values xsi:type="EM:CustomValue" hideDisplay="true">
                              <customValue xsi:type="EM:StringValue" value="4625825.00"/>
                            </values>
                            <values xsi:type="EM:StringValue" value="Smoking tobacco use: (Tobacco)"/>
                          </values>
                        </value>
                      </facts>
                      <facts argument="EVALUATION">
                        <value xsi:type="EM:StringValue" value="equal to"/>
                      </facts>
                      <facts argument="VALUE1">
                        <value xsi:type="EM:ListValue">
                          <values xsi:type="EM:ListValue">
                            <values xsi:type="EM:CustomValue" hideDisplay="true">
                              <customValue xsi:type="EM:StringValue" value="293962676.00"/>
                            </values>
                            <values xsi:type="EM:StringValue" value="Current everyday tobacco user"/>
                          </values>
                          <values xsi:type="EM:ListValue">
                            <values xsi:type="EM:CustomValue" hideDisplay="true">
                              <customValue xsi:type="EM:StringValue" value="293962677.00"/>
                            </values>
                            <values xsi:type="EM:StringValue" value="Current some day tobacco user"/>
                          </values>
                        </value>
                      </facts>
                    </leftExpression>
                    <rightExpression xsi:type="EM:Antecedent" id="L6" template="HX_SOCIAL_FIND_RESULTA_L">
                      <facts argument="SOCIAL_HISTORY_QUESTION">
                        <value xsi:type="EM:ListValue">
                          <values xsi:type="EM:ListValue">
                            <values xsi:type="EM:CustomValue" hideDisplay="true">
                              <customValue xsi:type="EM:StringValue" value="4625825.00"/>
                            </values>
                            <values xsi:type="EM:StringValue" value="Use: (Tobacco)"/>
                          </values>
                        </value>
                      </facts>
                      <facts argument="EVALUATION">
                        <value xsi:type="EM:StringValue" value="equal to"/>
                      </facts>
                      <facts argument="VALUE1">
                        <value xsi:type="EM:ListValue">
                          <values xsi:type="EM:ListValue">
                            <values xsi:type="EM:CustomValue" hideDisplay="true">
                              <customValue xsi:type="EM:StringValue" value="293962676.00"/>
                            </values>
                            <values xsi:type="EM:StringValue" value="Current everyday tobacco user"/>
                          </values>
                          <values xsi:type="EM:ListValue">
                            <values xsi:type="EM:CustomValue" hideDisplay="true">
                              <customValue xsi:type="EM:StringValue" value="293962677.00"/>
                            </values>
                            <values xsi:type="EM:StringValue" value="Current some day tobacco user"/>
                          </values>
                        </value>
                      </facts>
                    </rightExpression>
                  </expression>
                </leftExpression>
                <rightExpression xsi:type="EM:PrefixExpression">
                  <expression xsi:type="EM:Antecedent" id="L7" template="EKS_PROBLEMS_FIND_L">
                    <facts argument="OPT_PROBLEMS">
                      <value xsi:type="EM:ListValue">
                        <values xsi:type="EM:ListValue">
                          <values xsi:type="EM:CustomValue" hideDisplay="true">
                            <customValue xsi:type="EM:StringValue" value="12024623.00NOMEN:ICD10CA!Z72.0"/>
                          </values>
                          <values xsi:type="EM:StringValue" value="Tobacco use"/>
                          <values xsi:type="EM:ListValue">
                            <values xsi:type="EM:CustomValue" hideDisplay="true">
                              <customValue xsi:type="EM:StringValue" value="Factors influencing health status and co&#xA;Z72.0&#xA;ICD-10-CA&#xA;ICD10CA!Z72.0&#xA;&#xA;"/>
                            </values>
                          </values>
                        </values>
                        <values xsi:type="EM:ListValue">
                          <values xsi:type="EM:CustomValue" hideDisplay="true">
                            <customValue xsi:type="EM:StringValue" value="13274054.00NOMEN:ICD10-CM!O99.330"/>
                          </values>
                          <values xsi:type="EM:StringValue" value="Smoking (tobacco) complicating pregnancy, unspecified trimester"/>
                          <values xsi:type="EM:ListValue">
                            <values xsi:type="EM:CustomValue" hideDisplay="true">
                              <customValue xsi:type="EM:StringValue" value="&#xA;O99.330&#xA;ICD-10-CM&#xA;ICD10-CM!O99.330&#xA;&#xA;"/>
                            </values>
                          </values>
                        </values>
                        <values xsi:type="EM:ListValue">
                          <values xsi:type="EM:CustomValue" hideDisplay="true">
                            <customValue xsi:type="EM:StringValue" value="13274055.00NOMEN:ICD10-CM!O99.331"/>
                          </values>
                          <values xsi:type="EM:StringValue" value="Smoking (tobacco) complicating pregnancy, first trimester"/>
                          <values xsi:type="EM:ListValue">
                            <values xsi:type="EM:CustomValue" hideDisplay="true">
                              <customValue xsi:type="EM:StringValue" value="&#xA;O99.331&#xA;ICD-10-CM&#xA;ICD10-CM!O99.331&#xA;&#xA;"/>
                            </values>
                          </values>
                        </values>
                        <values xsi:type="EM:ListValue">
                          <values xsi:type="EM:CustomValue" hideDisplay="true">
                            <customValue xsi:type="EM:StringValue" value="13274056.00NOMEN:ICD10-CM!O99.332"/>
                          </values>
                          <values xsi:type="EM:StringValue" value="Smoking (tobacco) complicating pregnancy, second trimester"/>
                          <values xsi:type="EM:ListValue">
                            <values xsi:type="EM:CustomValue" hideDisplay="true">
                              <customValue xsi:type="EM:StringValue" value="&#xA;O99.332&#xA;ICD-10-CM&#xA;ICD10-CM!O99.332&#xA;&#xA;"/>
                            </values>
                          </values>
                        </values>
                        <values xsi:type="EM:ListValue">
                          <values xsi:type="EM:CustomValue" hideDisplay="true">
                            <customValue xsi:type="EM:StringValue" value="13274057.00NOMEN:ICD10-CM!O99.333"/>
                          </values>
                          <values xsi:type="EM:StringValue" value="Smoking (tobacco) complicating pregnancy, third trimester"/>
                          <values xsi:type="EM:ListValue">
                            <values xsi:type="EM:CustomValue" hideDisplay="true">
                              <customValue xsi:type="EM:StringValue" value="&#xA;O99.333&#xA;ICD-10-CM&#xA;ICD10-CM!O99.333&#xA;&#xA;"/>
                            </values>
                          </values>
                        </values>
                        <values xsi:type="EM:ListValue">
                          <values xsi:type="EM:CustomValue" hideDisplay="true">
                            <customValue xsi:type="EM:StringValue" value="13274058.00NOMEN:ICD10-CM!O99.334"/>
                          </values>
                          <values xsi:type="EM:StringValue" value="Smoking (tobacco) complicating childbirth"/>
                          <values xsi:type="EM:ListValue">
                            <values xsi:type="EM:CustomValue" hideDisplay="true">
                              <customValue xsi:type="EM:StringValue" value="&#xA;O99.334&#xA;ICD-10-CM&#xA;ICD10-CM!O99.334&#xA;&#xA;"/>
                            </values>
                          </values>
                        </values>
                        <values xsi:type="EM:ListValue">
                          <values xsi:type="EM:CustomValue" hideDisplay="true">
                            <customValue xsi:type="EM:StringValue" value="13274059.00NOMEN:ICD10-CM!O99.335"/>
                          </values>
                          <values xsi:type="EM:StringValue" value="Smoking (tobacco) complicating the puerperium"/>
                          <values xsi:type="EM:ListValue">
                            <values xsi:type="EM:CustomValue" hideDisplay="true">
                              <customValue xsi:type="EM:StringValue" value="&#xA;O99.335&#xA;ICD-10-CM&#xA;ICD10-CM!O99.335&#xA;&#xA;"/>
                            </values>
                          </values>
                        </values>
                        <values xsi:type="EM:ListValue">
                          <values xsi:type="EM:CustomValue" hideDisplay="true">
                            <customValue xsi:type="EM:StringValue" value="12012045.00NOMEN:ICD10CA!F17.2"/>
                          </values>
                          <values xsi:type="EM:StringValue" value="Mental and behavioural disorders due to use of tobacco, dependence syndrome"/>
                          <values xsi:type="EM:ListValue">
                            <values xsi:type="EM:CustomValue" hideDisplay="true">
                              <customValue xsi:type="EM:StringValue" value="Mental, behavioural disorders&#xA;F17.2&#xA;ICD-10-CA&#xA;ICD10CA!F17.2&#xA;&#xA;"/>
                            </values>
                          </values>
                        </values>
                        <values xsi:type="EM:ListValue">
                          <values xsi:type="EM:CustomValue" hideDisplay="true">
                            <customValue xsi:type="EM:StringValue" value="13248560.00NOMEN:ICD10-CM!F17.200"/>
                          </values>
                          <values xsi:type="EM:StringValue" value="Nicotine dependence, unspecified, uncomplicated"/>
                          <values xsi:type="EM:ListValue">
                            <values xsi:type="EM:CustomValue" hideDisplay="true">
                              <customValue xsi:type="EM:StringValue" value="&#xA;F17.200&#xA;ICD-10-CM&#xA;ICD10-CM!F17.200&#xA;&#xA;"/>
                            </values>
                          </values>
                        </values>
                        <values xsi:type="EM:ListValue">
                          <values xsi:type="EM:CustomValue" hideDisplay="true">
                            <customValue xsi:type="EM:StringValue" value="13248566.00NOMEN:ICD10-CM!F17.210"/>
                          </values>
                          <values xsi:type="EM:StringValue" value="Nicotine dependence, cigarettes, uncomplicated"/>
                          <values xsi:type="EM:ListValue">
                            <values xsi:type="EM:CustomValue" hideDisplay="true">
                              <customValue xsi:type="EM:StringValue" value="&#xA;F17.210&#xA;ICD-10-CM&#xA;ICD10-CM!F17.210&#xA;&#xA;"/>
                            </values>
                          </values>
                        </values>
                        <values xsi:type="EM:ListValue">
                          <values xsi:type="EM:CustomValue" hideDisplay="true">
                            <customValue xsi:type="EM:StringValue" value="13248681.00NOMEN:ICD10-CM!F17.220"/>
                          </values>
                          <values xsi:type="EM:StringValue" value="Nicotine dependence, chewing tobacco, uncomplicated"/>
                          <values xsi:type="EM:ListValue">
                            <values xsi:type="EM:CustomValue" hideDisplay="true">
                              <customValue xsi:type="EM:StringValue" value="&#xA;F17.220&#xA;ICD-10-CM&#xA;ICD10-CM!F17.220&#xA;&#xA;"/>
                            </values>
                          </values>
                        </values>
                        <values xsi:type="EM:ListValue">
                          <values xsi:type="EM:CustomValue" hideDisplay="true">
                            <customValue xsi:type="EM:StringValue" value="13248687.00NOMEN:ICD10-CM!F17.290"/>
                          </values>
                          <values xsi:type="EM:StringValue" value="Nicotine dependence, other tobacco product, uncomplicated"/>
                          <values xsi:type="EM:ListValue">
                            <values xsi:type="EM:CustomValue" hideDisplay="true">
                              <customValue xsi:type="EM:StringValue" value="&#xA;F17.290&#xA;ICD-10-CM&#xA;ICD10-CM!F17.290&#xA;&#xA;"/>
                            </values>
                          </values>
                        </values>
                        <values xsi:type="EM:ListValue">
                          <values xsi:type="EM:CustomValue" hideDisplay="true">
                            <customValue xsi:type="EM:StringValue" value="12022706.00NOMEN:ICD10CA!T65.2"/>
                          </values>
                          <values xsi:type="EM:StringValue" value="Toxic effect of tobacco and nicotine"/>
                          <values xsi:type="EM:ListValue">
                            <values xsi:type="EM:CustomValue" hideDisplay="true">
                              <customValue xsi:type="EM:StringValue" value="Injury, poisoning and certain other cons&#xA;T65.2&#xA;ICD-10-CA&#xA;ICD10CA!T65.2&#xA;&#xA;"/>
                            </values>
                          </values>
                        </values>
                        <values xsi:type="EM:ListValue">
                          <values xsi:type="EM:CustomValue" hideDisplay="true">
                            <customValue xsi:type="EM:StringValue" value="13315963.00NOMEN:ICD10-CM!T65.211A"/>
                          </values>
                          <values xsi:type="EM:StringValue" value="Toxic effect of chewing tobacco, accidental (unintentional), initial encounter"/>
                          <values xsi:type="EM:ListValue">
                            <values xsi:type="EM:CustomValue" hideDisplay="true">
                              <customValue xsi:type="EM:StringValue" value="&#xA;T65.211A&#xA;ICD-10-CM&#xA;ICD10-CM!T65.211A&#xA;&#xA;"/>
                            </values>
                          </values>
                        </values>
                        <values xsi:type="EM:ListValue">
                          <values xsi:type="EM:CustomValue" hideDisplay="true">
                            <customValue xsi:type="EM:StringValue" value="13315964.00NOMEN:ICD10-CM!T65.211D"/>
                          </values>
                          <values xsi:type="EM:StringValue" value="Toxic effect of chewing tobacco, accidental (unintentional), subsequent encounter"/>
                          <values xsi:type="EM:ListValue">
                            <values xsi:type="EM:CustomValue" hideDisplay="true">
                              <customValue xsi:type="EM:StringValue" value="&#xA;T65.211D&#xA;ICD-10-CM&#xA;ICD10-CM!T65.211D&#xA;&#xA;"/>
                            </values>
                          </values>
                        </values>
                        <values xsi:type="EM:ListValue">
                          <values xsi:type="EM:CustomValue" hideDisplay="true">
                            <customValue xsi:type="EM:StringValue" value="13315965.00NOMEN:ICD10-CM!T65.211S"/>
                          </values>
                          <values xsi:type="EM:StringValue" value="Toxic effect of chewing tobacco, accidental (unintentional), sequela"/>
                          <values xsi:type="EM:ListValue">
                            <values xsi:type="EM:CustomValue" hideDisplay="true">
                              <customValue xsi:type="EM:StringValue" value="&#xA;T65.211S&#xA;ICD-10-CM&#xA;ICD10-CM!T65.211S&#xA;&#xA;"/>
                            </values>
                          </values>
                        </values>
                        <values xsi:type="EM:ListValue">
                          <values xsi:type="EM:CustomValue" hideDisplay="true">
                            <customValue xsi:type="EM:StringValue" value="13315966.00NOMEN:ICD10-CM!T65.212A"/>
                          </values>
                          <values xsi:type="EM:StringValue" value="Toxic effect of chewing tobacco, intentional self-harm, initial encounter"/>
                          <values xsi:type="EM:ListValue">
                            <values xsi:type="EM:CustomValue" hideDisplay="true">
                              <customValue xsi:type="EM:StringValue" value="&#xA;T65.212A&#xA;ICD-10-CM&#xA;ICD10-CM!T65.212A&#xA;&#xA;"/>
                            </values>
                          </values>
                        </values>
                        <values xsi:type="EM:ListValue">
                          <values xsi:type="EM:CustomValue" hideDisplay="true">
                            <customValue xsi:type="EM:StringValue" value="13315967.00NOMEN:ICD10-CM!T65.212D"/>
                          </values>
                          <values xsi:type="EM:StringValue" value="Toxic effect of chewing tobacco, intentional self-harm, subsequent encounter"/>
                          <values xsi:type="EM:ListValue">
                            <values xsi:type="EM:CustomValue" hideDisplay="true">
                              <customValue xsi:type="EM:StringValue" value="&#xA;T65.212D&#xA;ICD-10-CM&#xA;ICD10-CM!T65.212D&#xA;&#xA;"/>
                            </values>
                          </values>
                        </values>
                        <values xsi:type="EM:ListValue">
                          <values xsi:type="EM:CustomValue" hideDisplay="true">
                            <customValue xsi:type="EM:StringValue" value="13315968.00NOMEN:ICD10-CM!T65.212S"/>
                          </values>
                          <values xsi:type="EM:StringValue" value="Toxic effect of chewing tobacco, intentional self-harm, sequela"/>
                          <values xsi:type="EM:ListValue">
                            <values xsi:type="EM:CustomValue" hideDisplay="true">
                              <customValue xsi:type="EM:StringValue" value="&#xA;T65.212S&#xA;ICD-10-CM&#xA;ICD10-CM!T65.212S&#xA;&#xA;"/>
                            </values>
                          </values>
                        </values>
                        <values xsi:type="EM:ListValue">
                          <values xsi:type="EM:CustomValue" hideDisplay="true">
                            <customValue xsi:type="EM:StringValue" value="13315969.00NOMEN:ICD10-CM!T65.213A"/>
                          </values>
                          <values xsi:type="EM:StringValue" value="Toxic effect of chewing tobacco, assault, initial encounter"/>
                          <values xsi:type="EM:ListValue">
                            <values xsi:type="EM:CustomValue" hideDisplay="true">
                              <customValue xsi:type="EM:StringValue" value="&#xA;T65.213A&#xA;ICD-10-CM&#xA;ICD10-CM!T65.213A&#xA;&#xA;"/>
                            </values>
                          </values>
                        </values>
                        <values xsi:type="EM:ListValue">
                          <values xsi:type="EM:CustomValue" hideDisplay="true">
                            <customValue xsi:type="EM:StringValue" value="13315970.00NOMEN:ICD10-CM!T65.213D"/>
                          </values>
                          <values xsi:type="EM:StringValue" value="Toxic effect of chewing tobacco, assault, subsequent encounter"/>
                          <values xsi:type="EM:ListValue">
                            <values xsi:type="EM:CustomValue" hideDisplay="true">
                              <customValue xsi:type="EM:StringValue" value="&#xA;T65.213D&#xA;ICD-10-CM&#xA;ICD10-CM!T65.213D&#xA;&#xA;"/>
                            </values>
                          </values>
                        </values>
                        <values xsi:type="EM:ListValue">
                          <values xsi:type="EM:CustomValue" hideDisplay="true">
                            <customValue xsi:type="EM:StringValue" value="13315971.00NOMEN:ICD10-CM!T65.213S"/>
                          </values>
                          <values xsi:type="EM:StringValue" value="Toxic effect of chewing tobacco, assault, sequela"/>
                          <values xsi:type="EM:ListValue">
                            <values xsi:type="EM:CustomValue" hideDisplay="true">
                              <customValue xsi:type="EM:StringValue" value="&#xA;T65.213S&#xA;ICD-10-CM&#xA;ICD10-CM!T65.213S&#xA;&#xA;"/>
                            </values>
                          </values>
                        </values>
                        <values xsi:type="EM:ListValue">
                          <values xsi:type="EM:CustomValue" hideDisplay="true">
                            <customValue xsi:type="EM:StringValue" value="13315972.00NOMEN:ICD10-CM!T65.214A"/>
                          </values>
                          <values xsi:type="EM:StringValue" value="Toxic effect of chewing tobacco, undetermined, initial encounter"/>
                          <values xsi:type="EM:ListValue">
                            <values xsi:type="EM:CustomValue" hideDisplay="true">
                              <customValue xsi:type="EM:StringValue" value="&#xA;T65.214A&#xA;ICD-10-CM&#xA;ICD10-CM!T65.214A&#xA;&#xA;"/>
                            </values>
                          </values>
                        </values>
                        <values xsi:type="EM:ListValue">
                          <values xsi:type="EM:CustomValue" hideDisplay="true">
                            <customValue xsi:type="EM:StringValue" value="13315973.00NOMEN:ICD10-CM!T65.214D"/>
                          </values>
                          <values xsi:type="EM:StringValue" value="Toxic effect of chewing tobacco, undetermined, subsequent encounter"/>
                          <values xsi:type="EM:ListValue">
                            <values xsi:type="EM:CustomValue" hideDisplay="true">
                              <customValue xsi:type="EM:StringValue" value="&#xA;T65.214D&#xA;ICD-10-CM&#xA;ICD10-CM!T65.214D&#xA;&#xA;"/>
                            </values>
                          </values>
                        </values>
                        <values xsi:type="EM:ListValue">
                          <values xsi:type="EM:CustomValue" hideDisplay="true">
                            <customValue xsi:type="EM:StringValue" value="13315974.00NOMEN:ICD10-CM!T65.214S"/>
                          </values>
                          <values xsi:type="EM:StringValue" value="Toxic effect of chewing tobacco, undetermined, sequela"/>
                          <values xsi:type="EM:ListValue">
                            <values xsi:type="EM:CustomValue" hideDisplay="true">
                              <customValue xsi:type="EM:StringValue" value="&#xA;T65.214S&#xA;ICD-10-CM&#xA;ICD10-CM!T65.214S&#xA;&#xA;"/>
                            </values>
                          </values>
                        </values>
                        <values xsi:type="EM:ListValue">
                          <values xsi:type="EM:CustomValue" hideDisplay="true">
                            <customValue xsi:type="EM:StringValue" value="13315976.00NOMEN:ICD10-CM!T65.221A"/>
                          </values>
                          <values xsi:type="EM:StringValue" value="Toxic effect of tobacco cigarettes, accidental (unintentional), initial encounter"/>
                          <values xsi:type="EM:ListValue">
                            <values xsi:type="EM:CustomValue" hideDisplay="true">
                              <customValue xsi:type="EM:StringValue" value="&#xA;T65.221A&#xA;ICD-10-CM&#xA;ICD10-CM!T65.221A&#xA;&#xA;"/>
                            </values>
                          </values>
                        </values>
                        <values xsi:type="EM:ListValue">
                          <values xsi:type="EM:CustomValue" hideDisplay="true">
                            <customValue xsi:type="EM:StringValue" value="13315977.00NOMEN:ICD10-CM!T65.221D"/>
                          </values>
                          <values xsi:type="EM:StringValue" value="Toxic effect of tobacco cigarettes, accidental (unintentional), subsequent encounter"/>
                          <values xsi:type="EM:ListValue">
                            <values xsi:type="EM:CustomValue" hideDisplay="true">
                              <customValue xsi:type="EM:StringValue" value="&#xA;T65.221D&#xA;ICD-10-CM&#xA;ICD10-CM!T65.221D&#xA;&#xA;"/>
                            </values>
                          </values>
                        </values>
                        <values xsi:type="EM:ListValue">
                          <values xsi:type="EM:CustomValue" hideDisplay="true">
                            <customValue xsi:type="EM:StringValue" value="13315978.00NOMEN:ICD10-CM!T65.221S"/>
                          </values>
                          <values xsi:type="EM:StringValue" value="Toxic effect of tobacco cigarettes, accidental (unintentional), sequela"/>
                          <values xsi:type="EM:ListValue">
                            <values xsi:type="EM:CustomValue" hideDisplay="true">
                              <customValue xsi:type="EM:StringValue" value="&#xA;T65.221S&#xA;ICD-10-CM&#xA;ICD10-CM!T65.221S&#xA;&#xA;"/>
                            </values>
                          </values>
                        </values>
                        <values xsi:type="EM:ListValue">
                          <values xsi:type="EM:CustomValue" hideDisplay="true">
                            <customValue xsi:type="EM:StringValue" value="13315979.00NOMEN:ICD10-CM!T65.222A"/>
                          </values>
                          <values xsi:type="EM:StringValue" value="Toxic effect of tobacco cigarettes, intentional self-harm, initial encounter"/>
                          <values xsi:type="EM:ListValue">
                            <values xsi:type="EM:CustomValue" hideDisplay="true">
                              <customValue xsi:type="EM:StringValue" value="&#xA;T65.222A&#xA;ICD-10-CM&#xA;ICD10-CM!T65.222A&#xA;&#xA;"/>
                            </values>
                          </values>
                        </values>
                        <values xsi:type="EM:ListValue">
                          <values xsi:type="EM:CustomValue" hideDisplay="true">
                            <customValue xsi:type="EM:StringValue" value="13315980.00NOMEN:ICD10-CM!T65.222D"/>
                          </values>
                          <values xsi:type="EM:StringValue" value="Toxic effect of tobacco cigarettes, intentional self-harm, subsequent encounter"/>
                          <values xsi:type="EM:ListValue">
                            <values xsi:type="EM:CustomValue" hideDisplay="true">
                              <customValue xsi:type="EM:StringValue" value="&#xA;T65.222D&#xA;ICD-10-CM&#xA;ICD10-CM!T65.222D&#xA;&#xA;"/>
                            </values>
                          </values>
                        </values>
                        <values xsi:type="EM:ListValue">
                          <values xsi:type="EM:CustomValue" hideDisplay="true">
                            <customValue xsi:type="EM:StringValue" value="13315981.00NOMEN:ICD10-CM!T65.222S"/>
                          </values>
                          <values xsi:type="EM:StringValue" value="Toxic effect of tobacco cigarettes, intentional self-harm, sequela"/>
                          <values xsi:type="EM:ListValue">
                            <values xsi:type="EM:CustomValue" hideDisplay="true">
                              <customValue xsi:type="EM:StringValue" value="&#xA;T65.222S&#xA;ICD-10-CM&#xA;ICD10-CM!T65.222S&#xA;&#xA;"/>
                            </values>
                          </values>
                        </values>
                        <values xsi:type="EM:ListValue">
                          <values xsi:type="EM:CustomValue" hideDisplay="true">
                            <customValue xsi:type="EM:StringValue" value="13315982.00NOMEN:ICD10-CM!T65.223A"/>
                          </values>
                          <values xsi:type="EM:StringValue" value="Toxic effect of tobacco cigarettes, assault, initial encounter"/>
                          <values xsi:type="EM:ListValue">
                            <values xsi:type="EM:CustomValue" hideDisplay="true">
                              <customValue xsi:type="EM:StringValue" value="&#xA;T65.223A&#xA;ICD-10-CM&#xA;ICD10-CM!T65.223A&#xA;&#xA;"/>
                            </values>
                          </values>
                        </values>
                        <values xsi:type="EM:ListValue">
                          <values xsi:type="EM:CustomValue" hideDisplay="true">
                            <customValue xsi:type="EM:StringValue" value="13315983.00NOMEN:ICD10-CM!T65.223D"/>
                          </values>
                          <values xsi:type="EM:StringValue" value="Toxic effect of tobacco cigarettes, assault, subsequent encounter"/>
                          <values xsi:type="EM:ListValue">
                            <values xsi:type="EM:CustomValue" hideDisplay="true">
                              <customValue xsi:type="EM:StringValue" value="&#xA;T65.223D&#xA;ICD-10-CM&#xA;ICD10-CM!T65.223D&#xA;&#xA;"/>
                            </values>
                          </values>
                        </values>
                        <values xsi:type="EM:ListValue">
                          <values xsi:type="EM:CustomValue" hideDisplay="true">
                            <customValue xsi:type="EM:StringValue" value="13315984.00NOMEN:ICD10-CM!T65.223S"/>
                          </values>
                          <values xsi:type="EM:StringValue" value="Toxic effect of tobacco cigarettes, assault, sequela"/>
                          <values xsi:type="EM:ListValue">
                            <values xsi:type="EM:CustomValue" hideDisplay="true">
                              <customValue xsi:type="EM:StringValue" value="&#xA;T65.223S&#xA;ICD-10-CM&#xA;ICD10-CM!T65.223S&#xA;&#xA;"/>
                            </values>
                          </values>
                        </values>
                        <values xsi:type="EM:ListValue">
                          <values xsi:type="EM:CustomValue" hideDisplay="true">
                            <customValue xsi:type="EM:StringValue" value="13315985.00NOMEN:ICD10-CM!T65.224A"/>
                          </values>
                          <values xsi:type="EM:StringValue" value="Toxic effect of tobacco cigarettes, undetermined, initial encounter"/>
                          <values xsi:type="EM:ListValue">
                            <values xsi:type="EM:CustomValue" hideDisplay="true">
                              <customValue xsi:type="EM:StringValue" value="&#xA;T65.224A&#xA;ICD-10-CM&#xA;ICD10-CM!T65.224A&#xA;&#xA;"/>
                            </values>
                          </values>
                        </values>
                        <values xsi:type="EM:ListValue">
                          <values xsi:type="EM:CustomValue" hideDisplay="true">
                            <customValue xsi:type="EM:StringValue" value="13316418.00NOMEN:ICD10-CM!T65.224D"/>
                          </values>
                          <values xsi:type="EM:StringValue" value="Toxic effect of tobacco cigarettes, undetermined, subsequent encounter"/>
                          <values xsi:type="EM:ListValue">
                            <values xsi:type="EM:CustomValue" hideDisplay="true">
                              <customValue xsi:type="EM:StringValue" value="&#xA;T65.224D&#xA;ICD-10-CM&#xA;ICD10-CM!T65.224D&#xA;&#xA;"/>
                            </values>
                          </values>
                        </values>
                        <values xsi:type="EM:ListValue">
                          <values xsi:type="EM:CustomValue" hideDisplay="true">
                            <customValue xsi:type="EM:StringValue" value="13316419.00NOMEN:ICD10-CM!T65.224S"/>
                          </values>
                          <values xsi:type="EM:StringValue" value="Toxic effect of tobacco cigarettes, undetermined, sequela"/>
                          <values xsi:type="EM:ListValue">
                            <values xsi:type="EM:CustomValue" hideDisplay="true">
                              <customValue xsi:type="EM:StringValue" value="&#xA;T65.224S&#xA;ICD-10-CM&#xA;ICD10-CM!T65.224S&#xA;&#xA;"/>
                            </values>
                          </values>
                        </values>
                        <values xsi:type="EM:ListValue">
                          <values xsi:type="EM:CustomValue" hideDisplay="true">
                            <customValue xsi:type="EM:StringValue" value="13316421.00NOMEN:ICD10-CM!T65.291A"/>
                          </values>
                          <values xsi:type="EM:StringValue" value="Toxic effect of other tobacco and nicotine, accidental (unintentional), initial encounter"/>
                          <values xsi:type="EM:ListValue">
                            <values xsi:type="EM:CustomValue" hideDisplay="true">
                              <customValue xsi:type="EM:StringValue" value="&#xA;T65.291A&#xA;ICD-10-CM&#xA;ICD10-CM!T65.291A&#xA;&#xA;"/>
                            </values>
                          </values>
                        </values>
                        <values xsi:type="EM:ListValue">
                          <values xsi:type="EM:CustomValue" hideDisplay="true">
                            <customValue xsi:type="EM:StringValue" value="13316422.00NOMEN:ICD10-CM!T65.291D"/>
                          </values>
                          <values xsi:type="EM:StringValue" value="Toxic effect of other tobacco and nicotine, accidental (unintentional), subsequent encounter"/>
                          <values xsi:type="EM:ListValue">
                            <values xsi:type="EM:CustomValue" hideDisplay="true">
                              <customValue xsi:type="EM:StringValue" value="&#xA;T65.291D&#xA;ICD-10-CM&#xA;ICD10-CM!T65.291D&#xA;&#xA;"/>
                            </values>
                          </values>
                        </values>
                        <values xsi:type="EM:ListValue">
                          <values xsi:type="EM:CustomValue" hideDisplay="true">
                            <customValue xsi:type="EM:StringValue" value="13316423.00NOMEN:ICD10-CM!T65.291S"/>
                          </values>
                          <values xsi:type="EM:StringValue" value="Toxic effect of other tobacco and nicotine, accidental (unintentional), sequela"/>
                          <values xsi:type="EM:ListValue">
                            <values xsi:type="EM:CustomValue" hideDisplay="true">
                              <customValue xsi:type="EM:StringValue" value="&#xA;T65.291S&#xA;ICD-10-CM&#xA;ICD10-CM!T65.291S&#xA;&#xA;"/>
                            </values>
                          </values>
                        </values>
                        <values xsi:type="EM:ListValue">
                          <values xsi:type="EM:CustomValue" hideDisplay="true">
                            <customValue xsi:type="EM:StringValue" value="13316424.00NOMEN:ICD10-CM!T65.292A"/>
                          </values>
                          <values xsi:type="EM:StringValue" value="Toxic effect of other tobacco and nicotine, intentional self-harm, initial encounter"/>
                          <values xsi:type="EM:ListValue">
                            <values xsi:type="EM:CustomValue" hideDisplay="true">
                              <customValue xsi:type="EM:StringValue" value="&#xA;T65.292A&#xA;ICD-10-CM&#xA;ICD10-CM!T65.292A&#xA;&#xA;"/>
                            </values>
                          </values>
                        </values>
                        <values xsi:type="EM:ListValue">
                          <values xsi:type="EM:CustomValue" hideDisplay="true">
                            <customValue xsi:type="EM:StringValue" value="13316425.00NOMEN:ICD10-CM!T65.292D"/>
                          </values>
                          <values xsi:type="EM:StringValue" value="Toxic effect of other tobacco and nicotine, intentional self-harm, subsequent encounter"/>
                          <values xsi:type="EM:ListValue">
                            <values xsi:type="EM:CustomValue" hideDisplay="true">
                              <customValue xsi:type="EM:StringValue" value="&#xA;T65.292D&#xA;ICD-10-CM&#xA;ICD10-CM!T65.292D&#xA;&#xA;"/>
                            </values>
                          </values>
                        </values>
                        <values xsi:type="EM:ListValue">
                          <values xsi:type="EM:CustomValue" hideDisplay="true">
                            <customValue xsi:type="EM:StringValue" value="13316426.00NOMEN:ICD10-CM!T65.292S"/>
                          </values>
                          <values xsi:type="EM:StringValue" value="Toxic effect of other tobacco and nicotine, intentional self-harm, sequela"/>
                          <values xsi:type="EM:ListValue">
                            <values xsi:type="EM:CustomValue" hideDisplay="true">
                              <customValue xsi:type="EM:StringValue" value="&#xA;T65.292S&#xA;ICD-10-CM&#xA;ICD10-CM!T65.292S&#xA;&#xA;"/>
                            </values>
                          </values>
                        </values>
                        <values xsi:type="EM:ListValue">
                          <values xsi:type="EM:CustomValue" hideDisplay="true">
                            <customValue xsi:type="EM:StringValue" value="13316427.00NOMEN:ICD10-CM!T65.293A"/>
                          </values>
                          <values xsi:type="EM:StringValue" value="Toxic effect of other tobacco and nicotine, assault, initial encounter"/>
                          <values xsi:type="EM:ListValue">
                            <values xsi:type="EM:CustomValue" hideDisplay="true">
                              <customValue xsi:type="EM:StringValue" value="&#xA;T65.293A&#xA;ICD-10-CM&#xA;ICD10-CM!T65.293A&#xA;&#xA;"/>
                            </values>
                          </values>
                        </values>
                        <values xsi:type="EM:ListValue">
                          <values xsi:type="EM:CustomValue" hideDisplay="true">
                            <customValue xsi:type="EM:StringValue" value="13316428.00NOMEN:ICD10-CM!T65.293D"/>
                          </values>
                          <values xsi:type="EM:StringValue" value="Toxic effect of other tobacco and nicotine, assault, subsequent encounter"/>
                          <values xsi:type="EM:ListValue">
                            <values xsi:type="EM:CustomValue" hideDisplay="true">
                              <customValue xsi:type="EM:StringValue" value="&#xA;T65.293D&#xA;ICD-10-CM&#xA;ICD10-CM!T65.293D&#xA;&#xA;"/>
                            </values>
                          </values>
                        </values>
                        <values xsi:type="EM:ListValue">
                          <values xsi:type="EM:CustomValue" hideDisplay="true">
                            <customValue xsi:type="EM:StringValue" value="13316429.00NOMEN:ICD10-CM!T65.293S"/>
                          </values>
                          <values xsi:type="EM:StringValue" value="Toxic effect of other tobacco and nicotine, assault, sequela"/>
                          <values xsi:type="EM:ListValue">
                            <values xsi:type="EM:CustomValue" hideDisplay="true">
                              <customValue xsi:type="EM:StringValue" value="&#xA;T65.293S&#xA;ICD-10-CM&#xA;ICD10-CM!T65.293S&#xA;&#xA;"/>
                            </values>
                          </values>
                        </values>
                        <values xsi:type="EM:ListValue">
                          <values xsi:type="EM:CustomValue" hideDisplay="true">
                            <customValue xsi:type="EM:StringValue" value="13316430.00NOMEN:ICD10-CM!T65.294A"/>
                          </values>
                          <values xsi:type="EM:StringValue" value="Toxic effect of other tobacco and nicotine, undetermined, initial encounter"/>
                          <values xsi:type="EM:ListValue">
                            <values xsi:type="EM:CustomValue" hideDisplay="true">
                              <customValue xsi:type="EM:StringValue" value="&#xA;T65.294A&#xA;ICD-10-CM&#xA;ICD10-CM!T65.294A&#xA;&#xA;"/>
                            </values>
                          </values>
                        </values>
                        <values xsi:type="EM:ListValue">
                          <values xsi:type="EM:CustomValue" hideDisplay="true">
                            <customValue xsi:type="EM:StringValue" value="13316431.00NOMEN:ICD10-CM!T65.294D"/>
                          </values>
                          <values xsi:type="EM:StringValue" value="Toxic effect of other tobacco and nicotine, undetermined, subsequent encounter"/>
                          <values xsi:type="EM:ListValue">
                            <values xsi:type="EM:CustomValue" hideDisplay="true">
                              <customValue xsi:type="EM:StringValue" value="&#xA;T65.294D&#xA;ICD-10-CM&#xA;ICD10-CM!T65.294D&#xA;&#xA;"/>
                            </values>
                          </values>
                        </values>
                        <values xsi:type="EM:ListValue">
                          <values xsi:type="EM:CustomValue" hideDisplay="true">
                            <customValue xsi:type="EM:StringValue" value="13316432.00NOMEN:ICD10-CM!T65.294S"/>
                          </values>
                          <values xsi:type="EM:StringValue" value="Toxic effect of other tobacco and nicotine, undetermined, sequela"/>
                          <values xsi:type="EM:ListValue">
                            <values xsi:type="EM:CustomValue" hideDisplay="true">
                              <customValue xsi:type="EM:StringValue" value="&#xA;T65.294S&#xA;ICD-10-CM&#xA;ICD10-CM!T65.294S&#xA;&#xA;"/>
                            </values>
                          </values>
                        </values>
                        <values xsi:type="EM:ListValue">
                          <values xsi:type="EM:CustomValue" hideDisplay="true">
                            <customValue xsi:type="EM:StringValue" value="13323248.00NOMEN:ICD10-CM!Z77.22"/>
                          </values>
                          <values xsi:type="EM:StringValue" value="Contact with and (suspected) exposure to environmental tobacco smoke (acute) (chronic)"/>
                          <values xsi:type="EM:ListValue">
                            <values xsi:type="EM:CustomValue" hideDisplay="true">
                              <customValue xsi:type="EM:StringValue" value="&#xA;Z77.22&#xA;ICD-10-CM&#xA;ICD10-CM!Z77.22&#xA;&#xA;"/>
                            </values>
                          </values>
                        </values>
                        <values xsi:type="EM:ListValue">
                          <values xsi:type="EM:CustomValue" hideDisplay="true">
                            <customValue xsi:type="EM:StringValue" value="13321995.00NOMEN:ICD10-CM!Z71.6"/>
                          </values>
                          <values xsi:type="EM:StringValue" value="Tobacco abuse counseling"/>
                          <values xsi:type="EM:ListValue">
                            <values xsi:type="EM:CustomValue" hideDisplay="true">
                              <customValue xsi:type="EM:StringValue" value="&#xA;Z71.6&#xA;ICD-10-CM&#xA;ICD10-CM!Z71.6&#xA;&#xA;"/>
                            </values>
                          </values>
                        </values>
                        <values xsi:type="EM:ListValue">
                          <values xsi:type="EM:CustomValue" hideDisplay="true">
                            <customValue xsi:type="EM:StringValue" value="12024619.00NOMEN:ICD10CA!Z71.6"/>
                          </values>
                          <values xsi:type="EM:StringValue" value="Tobacco abuse counselling"/>
                          <values xsi:type="EM:ListValue">
                            <values xsi:type="EM:CustomValue" hideDisplay="true">
                              <customValue xsi:type="EM:StringValue" value="Factors influencing health status and co&#xA;Z71.6&#xA;ICD-10-CA&#xA;ICD10CA!Z71.6&#xA;&#xA;"/>
                            </values>
                          </values>
                        </values>
                        <values xsi:type="EM:ListValue">
                          <values xsi:type="EM:CustomValue" hideDisplay="true">
                            <customValue xsi:type="EM:StringValue" value="12024255.00NOMEN:ICD10CA!Z57.3"/>
                          </values>
                          <values xsi:type="EM:StringValue" value="Occupational exposure to other air contaminants"/>
                          <values xsi:type="EM:ListValue">
                            <values xsi:type="EM:CustomValue" hideDisplay="true">
                              <customValue xsi:type="EM:StringValue" value="Factors influencing health status and co&#xA;Z57.3&#xA;ICD-10-CA&#xA;ICD10CA!Z57.3&#xA;&#xA;"/>
                            </values>
                          </values>
                        </values>
                        <values xsi:type="EM:ListValue">
                          <values xsi:type="EM:CustomValue" hideDisplay="true">
                            <customValue xsi:type="EM:StringValue" value="12024883.00NOMEN:ICD10CA!Z81.2"/>
                          </values>
                          <values xsi:type="EM:StringValue" value="Family history of tobacco abuse"/>
                          <values xsi:type="EM:ListValue">
                            <values xsi:type="EM:CustomValue" hideDisplay="true">
                              <customValue xsi:type="EM:StringValue" value="Factors influencing health status and co&#xA;Z81.2&#xA;ICD-10-CA&#xA;ICD10CA!Z81.2&#xA;&#xA;"/>
                            </values>
                          </values>
                        </values>
                        <values xsi:type="EM:ListValue">
                          <values xsi:type="EM:CustomValue" hideDisplay="true">
                            <customValue xsi:type="EM:StringValue" value="13323687.00NOMEN:ICD10-CM!Z81.2"/>
                          </values>
                          <values xsi:type="EM:StringValue" value="Family history of tobacco abuse and dependence"/>
                          <values xsi:type="EM:ListValue">
                            <values xsi:type="EM:CustomValue" hideDisplay="true">
                              <customValue xsi:type="EM:StringValue" value="&#xA;Z81.2&#xA;ICD-10-CM&#xA;ICD10-CM!Z81.2&#xA;&#xA;"/>
                            </values>
                          </values>
                        </values>
                        <values xsi:type="EM:ListValue">
                          <values xsi:type="EM:CustomValue" hideDisplay="true">
                            <customValue xsi:type="EM:StringValue" value="13320284.00NOMEN:ICD10-CM!Z57.31"/>
                          </values>
                          <values xsi:type="EM:StringValue" value="Occupational exposure to environmental tobacco smoke"/>
                          <values xsi:type="EM:ListValue">
                            <values xsi:type="EM:CustomValue" hideDisplay="true">
                              <customValue xsi:type="EM:StringValue" value="&#xA;Z57.31&#xA;ICD-10-CM&#xA;ICD10-CM!Z57.31&#xA;&#xA;"/>
                            </values>
                          </values>
                        </values>
                        <values xsi:type="EM:ListValue">
                          <values xsi:type="EM:CustomValue" hideDisplay="true">
                            <customValue xsi:type="EM:StringValue" value="13320285.00NOMEN:ICD10-CM!Z57.39"/>
                          </values>
                          <values xsi:type="EM:StringValue" value="Occupational exposure to other air contaminants"/>
                          <values xsi:type="EM:ListValue">
                            <values xsi:type="EM:CustomValue" hideDisplay="true">
                              <customValue xsi:type="EM:StringValue" value="&#xA;Z57.39&#xA;ICD-10-CM&#xA;ICD10-CM!Z57.39&#xA;&#xA;"/>
                            </values>
                          </values>
                        </values>
                        <values xsi:type="EM:ListValue">
                          <values xsi:type="EM:CustomValue" hideDisplay="true">
                            <customValue xsi:type="EM:StringValue" value="13322002.00NOMEN:ICD10-CM!Z72.0"/>
                          </values>
                          <values xsi:type="EM:StringValue" value="Tobacco use"/>
                          <values xsi:type="EM:ListValue">
                            <values xsi:type="EM:CustomValue" hideDisplay="true">
                              <customValue xsi:type="EM:StringValue" value="&#xA;Z72.0&#xA;ICD-10-CM&#xA;ICD10-CM!Z72.0&#xA;&#xA;"/>
                            </values>
                          </values>
                        </values>
                      </value>
                    </facts>
                    <facts argument="OPT_QUALIFIER">
                      <value xsi:type="EM:StringValue"/>
                    </facts>
                    <facts argument="OPT_CONFIRMATION">
                      <value xsi:type="EM:StringValue"/>
                    </facts>
                    <facts argument="OPT_CLASSIFICATION">
                      <value xsi:type="EM:StringValue"/>
                    </facts>
                    <facts argument="OPT_LIFE_CYCLE_STATUS">
                      <value xsi:type="EM:ListValue">
                        <values xsi:type="EM:ListValue">
                          <values xsi:type="EM:CustomValue" hideDisplay="true">
                            <customValue xsi:type="EM:StringValue" value="CDF12030:ACTIVE"/>
                          </values>
                          <values xsi:type="EM:StringValue" value="Active"/>
                        </values>
                      </value>
                    </facts>
                    <facts argument="OPT_SEVERITY_CLASS">
                      <value xsi:type="EM:StringValue"/>
                    </facts>
                    <facts argument="OPT_SEVERITY">
                      <value xsi:type="EM:StringValue"/>
                    </facts>
                    <facts argument="OPT_COURSE">
                      <value xsi:type="EM:StringValue"/>
                    </facts>
                    <facts argument="LINK">
                      <value xsi:type="EM:AntecedentReference" antecedent="//@ruleDefinition/@logicSection/@logicExpression/@rightExpression/@rightExpression/@leftExpression"/>
                    </facts>
                    <facts argument="OPT_CROSS_VOCABS">
                      <value xsi:type="EM:StringValue"/>
                    </facts>
                    <facts argument="OPT_PERSON_ACTIVITY">
                      <value xsi:type="EM:StringValue" value="Including"/>
                    </facts>
                    <facts argument="OPT_VOCAB_HIERARCHY">
                      <value xsi:type="EM:StringValue" value="Include"/>
                    </facts>
                    <facts argument="OPT_IGNORE_CONCEPTS">
                      <value xsi:type="EM:StringValue" value="NO"/>
                    </facts>
                    <facts argument="OPT_MATCH_ALL">
                      <value xsi:type="EM:StringValue" value="YES"/>
                    </facts>
                  </expression>
                </rightExpression>
              </rightExpression>
            </rightExpression>
          </rightExpression>
        </rightExpression>
      </logicExpression>
    </logicSection>
    <actionSection>
      <action xsi:type="EM:ActionExpression">
        <logicExpression xsi:type="EM:Antecedent" id="A1" template="EKS_PROBLEMS_ADD_A">
          <facts argument="PROBLEMS">
            <value xsi:type="EM:ListValue">
              <values xsi:type="EM:ListValue">
                <values xsi:type="EM:CustomValue" hideDisplay="true">
                  <customValue xsi:type="EM:StringValue" value="22058869.00NOMEN:SNOMED!110483000"/>
                </values>
                <values xsi:type="EM:StringValue" value="Tobacco use"/>
                <values xsi:type="EM:ListValue">
                  <values xsi:type="EM:CustomValue" hideDisplay="true">
                    <customValue xsi:type="EM:StringValue" value="Finding&#xA;2923440014&#xA;SNOMED CT&#xA;SNOMED!110483000&#xA;&#xA;"/>
                  </values>
                </values>
              </values>
            </value>
          </facts>
          <facts argument="OPT_QUALIFIER">
            <value xsi:type="EM:StringValue"/>
          </facts>
          <facts argument="CONFIRMATION">
            <value xsi:type="EM:ListValue">
              <values xsi:type="EM:ListValue">
                <values xsi:type="EM:CustomValue" hideDisplay="true">
                  <customValue xsi:type="EM:StringValue" value="3305"/>
                </values>
                <values xsi:type="EM:StringValue" value="Confirmed"/>
              </values>
            </value>
          </facts>
          <facts argument="CLASSIFICATION">
            <value xsi:type="EM:ListValue">
              <values xsi:type="EM:ListValue">
                <values xsi:type="EM:CustomValue" hideDisplay="true">
                  <customValue xsi:type="EM:StringValue" value="19117450"/>
                </values>
                <values xsi:type="EM:StringValue" value="Patient Stated"/>
              </values>
            </value>
          </facts>
          <facts argument="LIFE_CYCLE_STATUS">
            <value xsi:type="EM:ListValue">
              <values xsi:type="EM:ListValue">
                <values xsi:type="EM:CustomValue" hideDisplay="true">
                  <customValue xsi:type="EM:StringValue" value="3301"/>
                </values>
                <values xsi:type="EM:StringValue" value="Active"/>
              </values>
            </value>
          </facts>
          <facts argument="OPT_SEVERITY_CLASS">
            <value xsi:type="EM:StringValue"/>
          </facts>
          <facts argument="OPT_SEVERITY">
            <value xsi:type="EM:StringValue"/>
          </facts>
          <facts argument="OPT_COURSE">
            <value xsi:type="EM:StringValue"/>
          </facts>
          <facts argument="OPT_COMMENT">
            <value xsi:type="EM:StringValue"/>
          </facts>
          <facts argument="LINK">
            <value xsi:type="EM:AntecedentReference" antecedent="//@ruleDefinition/@logicSection/@logicExpression/@rightExpression/@leftExpression"/>
          </facts>
        </logicExpression>
      </action>
    </actionSection>
  </ruleDefinition>
</EM:ExpertModule>
