<?xml version="1.0" encoding="ASCII"?>
<EM:ExpertModule xmi:version="2.0" xmlns:xmi="http://www.omg.org/XMI" xmlns:xsi="http://www.w3.org/2001/XMLSchema-instance" xmlns:EM="http:///com.cerner.expert/expertmodule/1.0.0" moduleName="LH_TOB_DISCH_MED_14">
  <information>
    <runtimeInformation externalFileName="LH_TOB_DISCH_MED_14" lastUpdated="2021-05-12T08:32:10.000-0400" validtionType="PRODUCTION" priorityLevel="100" title="LH_TOB_DISCH_MED_14" reconcileFlag="1" reconcileDate="2021-05-12T08:32:10.000-0400">
      <duration start="2017-08-08T01:00:00.000-0400" end="2030-05-01T23:59:59.000-0400"/>
      <updateUser userName="SHIRLEY, KIMBERLY"/>
    </runtimeInformation>
    <documentation author=" Anup R" institution="KNOWLEDGE &amp; DISCOVERY" specialist="" purpose="The purpose of this rule is to determine whether a tobacco cessation prescription/discharge order has been placed or if a reason for not giving a tobacco cessation medication at discharge has been documented, and alert the clinician if not." explanation="If a tobacco cessation medication has not been prescribed and a reason for not giving a tobacco cessation medication has not been documented upon patient discharge order, a message will display to the user with the option to either prescribe a tobacco cessation medication or document a reason for not giving it.&#xD;&#xA;Bedrock filters must be configured for the rule to function, however clients only need to define the Bedrock filters that apply to their workflow, not all filters."/>
  </information>
  <expertTemplates>
    <events>
      <event name=""/>
      <event name="ADDPROBLEM"/>
      <event name="ADDTOSCRATCHPAD"/>
      <event name="ALLERGY_EVENT"/>
      <event name="AP_ORDER_EVENT"/>
      <event name="BB_RESULT_EVENT"/>
      <event name="CBTFLEXORDERS"/>
      <event name="CHART_SERVER_EVENT"/>
      <event name="CLINICALTRIALSCREEN"/>
      <event name="CLINICAL_EVENT"/>
      <event name="CLOSECHART"/>
      <event name="COLLECTION_EVENT"/>
      <event name="DCP_CN_TASK_UPD"/>
      <event name="DCP_MODTASK_EVENT"/>
      <event name="DCP_PW_COND"/>
      <event name="DCP_PW_OUTCOME_EVENT"/>
      <event name="DIAGNOSIS_EVENT"/>
      <event name="EKS_FORMAT"/>
      <event name="EKS_SYNC_TEST01"/>
      <event name="EKS_TEST_02"/>
      <event name="EKS_TEST_EVENT"/>
      <event name="EKS_TEST_EVENT01"/>
      <event name="ENSURE_EVENT"/>
      <event name="EXPERT_EVENT"/>
      <event name="HEALTHE_EVENT"/>
      <event name="HEALTH_MAINT_QUAL_EVENT"/>
      <event name="HIM_ADD_REQUEST"/>
      <event name="HIM_ADMIT_EVENT"/>
      <event name="HIM_PATIENT_INFO_REQUEST"/>
      <event name="HIM_TEST_EVENT"/>
      <event name="HL7_EVENT"/>
      <event name="MB_EXPEDITE"/>
      <event name="MB_RESULT_EVENT"/>
      <event name="MB_SCRIPTED_WORKUPS"/>
      <event name="MB_SUSCEPTIBILITY"/>
      <event name="MDI_RESULT_EVENT"/>
      <event name="MEDCHARTACTIVATE"/>
      <event name="MPI_ADT"/>
      <event name="OPENCHART"/>
      <event name="ORDER_EVENT"/>
      <event name="ORDER_PRO_TEST1"/>
      <event name="PATIENT_EVENT"/>
      <event name="PCA_EXPERT_EVENT"/>
      <event name="Person_Transaction"/>
      <event name="PFT_Add_Account"/>
      <event name="PFT_ADJ_WO"/>
      <event name="PFT_CHARGE_EVENT"/>
      <event name="pft_check_amount"/>
      <event name="PFT_VEHICLE"/>
      <event name="PNTFLEXREFRANGE"/>
      <event name="POWERPLANFLEX"/>
      <event name="PROBLEM_EVENT"/>
      <event name="PROFIT_1450_CLAIM_EVENT"/>
      <event name="PROFIT_1500_CLAIM_EVENT"/>
      <event name="PROVIDER_CHG_EVENT"/>
      <event name="PROVIDE_EVENT"/>
      <event name="PWRCHRT_ADD_ORDER"/>
      <event name="RESULT_EVENT"/>
      <event name="RESULT_EVENT_CSM"/>
      <event name="RESULT_EVENT_TEST"/>
      <event name="SCH_ACTION_EVENT"/>
      <event name="SIGNORDER"/>
      <event name="SN New Pref Card Created"/>
      <event name="SN_CASE_CHECK_IN_EVENT"/>
      <event name="SN_CASE_EVENT"/>
      <event name="SN_CASE_SCHEDULE_EVENT"/>
      <event name="SN_DOCUMENT_OPEN"/>
      <event name="SN_DOCUMENT_STATE"/>
      <event name="SN_FINALIZE_DOC_EVENT"/>
      <event name="SN_PROCEDURE_SCHEDULE"/>
      <event name="SN_SAVE_PROCEDURE"/>
      <event name="SN_TEST_EVENT"/>
      <event name="SOCIAL_HISTORY_ADD"/>
      <event name="SYNCHEVENT"/>
      <event name="TOCFLEX"/>
      <event name="TOUCHOPENCHART"/>
    </events>
    <evokeTemplates>
      <templateDefinitions xsi:type="EM:ExpertTemplate" name="EKS_ORDER_E" definition="the triggering request contains an order ORD_METHOD OPT_ORDERS whose ordering physician OPT_QUALIFIER in OPT_ORDDOC" description="Orderable, ordering physician" eventDependency="//@expertTemplates/@events/@event.1 //@expertTemplates/@events/@event.2 //@expertTemplates/@events/@event.10 //@expertTemplates/@events/@event.36 //@expertTemplates/@events/@event.38 //@expertTemplates/@events/@event.55 //@expertTemplates/@events/@event.61 //@expertTemplates/@events/@event.73 //@expertTemplates/@events/@event.75" optimizable="true" reconcilable="true">
        <keywords>ORDER</keywords>
        <arguments xsi:type="EM:ReferentialArgument" name="ORD_METHOD" dataType="CHARACTER" controlType="REFERENTIAL" validationType="READ_ONLY" required="true" reconcileScript="N/A">
          <statements dependency="ORD_METHOD" statement="execute eks_t_db_ref_help &quot;HELPNEWORDMETHOD^&quot; go"/>
        </arguments>
        <arguments xsi:type="EM:ReferentialArgument" name="OPT_ORDERS" dataType="CHARACTER" controlType="LISTBOX" validationType="READ_ONLY" dependency="ORD_METHOD" optimizable="true" reconcileScript="eks_p_ord_method_orders" keyFieldIndex="2">
          <statements dependency="OPT_ORDERS" statement="execute eks_t_db_ref_help ConCat(&quot;HELPCATALOGTYPE^&quot;, PAR1) go"/>
          <statements dependency="OPT_ORDERS" statement="execute eks_t_db_ref_help ConCat(&quot;HELPORDALPHA^&quot;, PAR1) go"/>
          <statements dependency="OPT_ORDERS" statement="execute eks_t_db_ref_help ConCat(&quot;HELPORDERS^&quot;, PAR1) go"/>
        </arguments>
        <arguments xsi:type="EM:FixedListArgument" name="OPT_QUALIFIER" dataType="CHARACTER" validationType="READ_ONLY" reconcileScript="N/A">
          <stringTable>
            <column value="is"/>
            <column value="is"/>
          </stringTable>
          <stringTable>
            <column value="is not"/>
            <column value="is not"/>
          </stringTable>
        </arguments>
        <arguments xsi:type="EM:ReferentialArgument" name="OPT_ORDDOC" dataType="CHARACTER" controlType="LISTBOX" validationType="READ_ONLY" reconcileScript="eks_p_orddoc" keyFieldIndex="2">
          <statements dependency="OPT_ORDDOC" statement="EKS_ABC_REFHELP &quot; &quot; go"/>
          <statements dependency="OPT_ORDDOC" statement="select &#xD;&#xA; if (par1 =&quot;OTHER&quot;)&#xD;&#xA; from prsnl pl where pl.name_full_formatted != &quot; &quot; and &#xD;&#xA;      pl.name_full_formatted not between &quot;0*&quot; and &quot;Z*&quot; and&#xD;&#xA;      pl.active_ind = 1 and  pl.physician_ind = 1&#xD;&#xA; elseif (par1=&quot;ALL&quot;)&#xD;&#xA;  from prsnl pl where pl.name_full_formatted != &quot; &quot;  and &#xD;&#xA;      pl.active_ind=1 and  pl.physician_ind = 1&#xD;&#xA; else&#xD;&#xA;  from prsnl pl where pl.physician_ind = 1 and pl.active_ind=1&#xD;&#xA;      and cnvtupper(pl.name_full_formatted)=patstring(concat(substring(1,1,par1),&quot;*&quot;))&#xD;&#xA; endif&#xD;&#xA;  pl.name_full_formatted,&#xD;&#xA;  _hidden=pl.person_id&#xD;&#xA; order name_full_formatted"/>
        </arguments>
      </templateDefinitions>
      <templateDefinitions xsi:type="EM:ExpertTemplate" name="EKS_AGE_EVAL_E" definition="Person's age is EVALUATION AGE1 UNIT1 OPT_AGE2 OPT_UNIT2" description="Age" eventDependency="//@expertTemplates/@events/@event.2 //@expertTemplates/@events/@event.10 //@expertTemplates/@events/@event.36 //@expertTemplates/@events/@event.38 //@expertTemplates/@events/@event.41 //@expertTemplates/@events/@event.55 //@expertTemplates/@events/@event.61 //@expertTemplates/@events/@event.73 //@expertTemplates/@events/@event.75" reconcilable="true">
        <keywords>PERSON</keywords>
        <arguments xsi:type="EM:FixedListArgument" name="EVALUATION" dataType="CHARACTER" validationType="READ_ONLY" required="true" reconcileScript="N/A">
          <stringTable>
            <column value="greater than"/>
            <column value="greater than"/>
          </stringTable>
          <stringTable>
            <column value="less than"/>
            <column value="less than"/>
          </stringTable>
          <stringTable>
            <column value="between"/>
            <column value="between"/>
          </stringTable>
          <stringTable>
            <column value="outside"/>
            <column value="outside"/>
          </stringTable>
        </arguments>
        <arguments name="AGE1" required="true" reconcileScript="N/A"/>
        <arguments xsi:type="EM:FixedListArgument" name="UNIT1" dataType="CHARACTER" validationType="READ_ONLY" required="true" reconcileScript="N/A">
          <stringTable>
            <column value="minutes"/>
            <column value="minutes"/>
          </stringTable>
          <stringTable>
            <column value="hours"/>
            <column value="hours"/>
          </stringTable>
          <stringTable>
            <column value="days"/>
            <column value="days"/>
          </stringTable>
          <stringTable>
            <column value="weeks"/>
            <column value="weeks"/>
          </stringTable>
          <stringTable>
            <column value="months"/>
            <column value="months"/>
          </stringTable>
          <stringTable>
            <column value="years"/>
            <column value="years"/>
          </stringTable>
        </arguments>
        <arguments name="OPT_AGE2" reconcileScript="N/A"/>
        <arguments xsi:type="EM:FixedListArgument" name="OPT_UNIT2" dataType="CHARACTER" validationType="READ_ONLY" reconcileScript="N/A">
          <stringTable>
            <column value="minutes"/>
            <column value="minutes"/>
          </stringTable>
          <stringTable>
            <column value="hours"/>
            <column value="hours"/>
          </stringTable>
          <stringTable>
            <column value="days"/>
            <column value="days"/>
          </stringTable>
          <stringTable>
            <column value="weeks"/>
            <column value="weeks"/>
          </stringTable>
          <stringTable>
            <column value="months"/>
            <column value="months"/>
          </stringTable>
          <stringTable>
            <column value="years"/>
            <column value="years"/>
          </stringTable>
        </arguments>
      </templateDefinitions>
    </evokeTemplates>
    <logicTemplates>
      <templateDefinitions xsi:type="EM:ExpertTemplate" name="EKS_STOP_LOGIC_L" definition="the following templates are false, MODE logic evaluation" description="Used to control efficiency of Action Group rules" eventDependency="//@expertTemplates/@events/@event.1 //@expertTemplates/@events/@event.2 //@expertTemplates/@events/@event.3 //@expertTemplates/@events/@event.5 //@expertTemplates/@events/@event.8 //@expertTemplates/@events/@event.9 //@expertTemplates/@events/@event.10 //@expertTemplates/@events/@event.11 //@expertTemplates/@events/@event.13 //@expertTemplates/@events/@event.16 //@expertTemplates/@events/@event.23 //@expertTemplates/@events/@event.32 //@expertTemplates/@events/@event.36 //@expertTemplates/@events/@event.38 //@expertTemplates/@events/@event.39 //@expertTemplates/@events/@event.41 //@expertTemplates/@events/@event.42 //@expertTemplates/@events/@event.49 //@expertTemplates/@events/@event.50 //@expertTemplates/@events/@event.51 //@expertTemplates/@events/@event.55 //@expertTemplates/@events/@event.57 //@expertTemplates/@events/@event.58 //@expertTemplates/@events/@event.61 //@expertTemplates/@events/@event.72 //@expertTemplates/@events/@event.73 //@expertTemplates/@events/@event.74 //@expertTemplates/@events/@event.75" reconcilable="true" alwaysTrue="true">
        <keywords>UTILITY</keywords>
        <arguments xsi:type="EM:FixedListArgument" name="MODE" dataType="CHARACTER" validationType="READ_ONLY" reconcileScript="N/A">
          <defaultValue xsi:type="EM:StringValue" value="STOP"/>
          <stringTable>
            <column value="STOP"/>
            <column value=" "/>
          </stringTable>
          <stringTable>
            <column value="CONTINUE"/>
            <column value=" "/>
          </stringTable>
        </arguments>
      </templateDefinitions>
      <templateDefinitions xsi:type="EM:ExpertTemplate" name="EKS_ORDER_INCOMING_L" definition="the triggering request contains an order ORD_METHOD OPT_ORDERS whose ordering physician OPT_QUALIFIER in OPT_ORDDOC and OPT_ORDER_DETAIL OPT_DETAIL_QUALIFIER OPT_LIST" description="Incoming orderable, attributes" eventDependency="//@expertTemplates/@events/@event.1 //@expertTemplates/@events/@event.2 //@expertTemplates/@events/@event.10 //@expertTemplates/@events/@event.36 //@expertTemplates/@events/@event.38 //@expertTemplates/@events/@event.55 //@expertTemplates/@events/@event.61 //@expertTemplates/@events/@event.73 //@expertTemplates/@events/@event.75" optimizable="true" reconcilable="true">
        <keywords>ORDER</keywords>
        <arguments xsi:type="EM:ReferentialArgument" name="ORD_METHOD" dataType="CHARACTER" controlType="REFERENTIAL" validationType="READ_ONLY" required="true" reconcileScript="N/A">
          <statements dependency="ORD_METHOD" statement="execute eks_t_db_ref_help &quot;HELPNEWORDMETHOD^&quot; go"/>
        </arguments>
        <arguments xsi:type="EM:ReferentialArgument" name="OPT_ORDERS" dataType="CHARACTER" controlType="LISTBOX" validationType="READ_ONLY" dependency="ORD_METHOD" optimizable="true" reconcileScript="eks_p_ord_method_orders" keyFieldIndex="2">
          <statements dependency="OPT_ORDERS" statement="execute eks_t_db_ref_help ConCat(&quot;HELPCATALOGTYPE^&quot;, PAR1) go&#xD;&#xA;"/>
          <statements dependency="OPT_ORDERS" statement="execute eks_t_db_ref_help ConCat(&quot;HELPORDALPHA^&quot;, PAR1) go&#xD;&#xA;"/>
          <statements dependency="OPT_ORDERS" statement="execute eks_t_db_ref_help ConCat(&quot;HELPORDERS^&quot;, PAR1) go"/>
        </arguments>
        <arguments xsi:type="EM:FixedListArgument" name="OPT_QUALIFIER" dataType="CHARACTER" validationType="READ_ONLY" reconcileScript="N/A">
          <stringTable>
            <column value="is"/>
            <column value="is"/>
          </stringTable>
          <stringTable>
            <column value="is not"/>
            <column value="is not"/>
          </stringTable>
        </arguments>
        <arguments xsi:type="EM:ReferentialArgument" name="OPT_ORDDOC" dataType="CHARACTER" controlType="LISTBOX" validationType="READ_ONLY" reconcileScript="eks_p_orddoc" keyFieldIndex="2">
          <statements dependency="OPT_ORDDOC" statement="EKS_ABC_REFHELP &quot; &quot; go"/>
          <statements dependency="OPT_ORDDOC" statement="select &#xD;&#xA; if (par1 =&quot;OTHER&quot;)&#xD;&#xA; from prsnl pl where pl.name_full_formatted != &quot; &quot; and &#xD;&#xA;      pl.name_full_formatted not between &quot;0*&quot; and &quot;Z*&quot; and&#xD;&#xA;      pl.active_ind = 1 and  pl.physician_ind = 1&#xD;&#xA; elseif (par1=&quot;ALL&quot;)&#xD;&#xA;  from prsnl pl where pl.name_full_formatted != &quot; &quot;  and &#xD;&#xA;      pl.active_ind=1 and  pl.physician_ind = 1&#xD;&#xA; else&#xD;&#xA;  from prsnl pl where pl.physician_ind = 1 and pl.active_ind=1&#xD;&#xA;      and cnvtupper(pl.name_full_formatted)=patstring(concat(substring(1,1,par1),&quot;*&quot;))&#xD;&#xA; endif&#xD;&#xA;  pl.name_full_formatted,&#xD;&#xA;  _hidden=pl.person_id&#xD;&#xA; order name_full_formatted"/>
        </arguments>
        <arguments xsi:type="EM:ReferentialArgument" name="OPT_ORDER_DETAIL" dataType="CHARACTER" controlType="REFERENTIAL" validationType="READ_ONLY" reconcileScript="N/A">
          <defaultValue xsi:type="EM:StringValue" value="FUTURE USE"/>
          <statements dependency="OPT_ORDER_DETAIL" statement=""/>
        </arguments>
        <arguments xsi:type="EM:FixedListArgument" name="OPT_DETAIL_QUALIFIER" dataType="CHARACTER" reconcileScript="N/A">
          <defaultValue xsi:type="EM:StringValue" value="FUTURE USE"/>
        </arguments>
        <arguments xsi:type="EM:ReferentialArgument" name="OPT_LIST" dataType="CHARACTER" controlType="LISTBOX" validationType="READ_ONLY" dependency="OPT_ORDER_DETAIL" reconcileScript="N/A" keyFieldIndex="2">
          <statements dependency="OPT_LIST" statement="execute eks_t_db_ref_help ConCat(&quot;HELPCATALOGTYPE^&quot;, PAR1) go"/>
        </arguments>
      </templateDefinitions>
      <templateDefinitions xsi:type="EM:ExpertTemplate" name="EKS_ORDERS_FIND_L" definition="orders exist ORD_METHOD OPT_ORDERS with order status of OPT_ORDER_STATUS on OPT_SCOPE OPT_LINK whose date criteria is OPT_QUAL OPT_TIME_NUM OPT_TIME_UNIT from the anchor OPT_ANCHOR_DT_TM." description="Orderable, status, attributes" recommeded="CAUTION" eventDependency="//@expertTemplates/@events/@event.1 //@expertTemplates/@events/@event.2 //@expertTemplates/@events/@event.3 //@expertTemplates/@events/@event.4 //@expertTemplates/@events/@event.5 //@expertTemplates/@events/@event.8 //@expertTemplates/@events/@event.9 //@expertTemplates/@events/@event.10 //@expertTemplates/@events/@event.11 //@expertTemplates/@events/@event.13 //@expertTemplates/@events/@event.16 //@expertTemplates/@events/@event.23 //@expertTemplates/@events/@event.36 //@expertTemplates/@events/@event.38 //@expertTemplates/@events/@event.39 //@expertTemplates/@events/@event.41 //@expertTemplates/@events/@event.42 //@expertTemplates/@events/@event.49 //@expertTemplates/@events/@event.50 //@expertTemplates/@events/@event.51 //@expertTemplates/@events/@event.55 //@expertTemplates/@events/@event.57 //@expertTemplates/@events/@event.61 //@expertTemplates/@events/@event.72 //@expertTemplates/@events/@event.73 //@expertTemplates/@events/@event.74 //@expertTemplates/@events/@event.75" optimizable="true" reconcilable="true">
        <keywords>ORDER</keywords>
        <arguments xsi:type="EM:ReferentialArgument" name="ORD_METHOD" dataType="CHARACTER" controlType="REFERENTIAL" validationType="READ_ONLY" required="true" reconcileScript="N/A">
          <statements dependency="ORD_METHOD" statement="execute eks_t_db_ref_help &quot;HELPNEWORDMETHOD^&quot; go"/>
        </arguments>
        <arguments xsi:type="EM:ReferentialArgument" name="OPT_ORDERS" dataType="CHARACTER" controlType="LISTBOX" validationType="READ_ONLY" dependency="ORD_METHOD" optimizable="true" reconcileScript="eks_p_ord_method_orders" keyFieldIndex="2">
          <statements dependency="OPT_ORDERS" statement="execute eks_t_db_ref_help ConCat(&quot;HELPCATALOGTYPE^&quot;, PAR1) go&#xD;&#xA;"/>
          <statements dependency="OPT_ORDERS" statement="execute eks_t_db_ref_help ConCat(&quot;HELPORDALPHA^&quot;, PAR1) go&#xD;&#xA;"/>
          <statements dependency="OPT_ORDERS" statement="execute eks_t_db_ref_help ConCat(&quot;HELPORDERS^&quot;, PAR1) go"/>
        </arguments>
        <arguments xsi:type="EM:ReferentialArgument" name="OPT_ORDER_STATUS" dataType="CHARACTER" controlType="LISTBOX" validationType="READ_ONLY" optimizable="true" reconcileScript="eks_p_codeset_cki_refhelp  &quot;6004&quot;,&quot;CKI&quot;,&quot;*ANY_STATUS&quot;" keyFieldIndex="2">
          <statements dependency="OPT_ORDER_STATUS" statement="eks_codeset_cki_refhelp &quot;6004&quot;,&quot;CKI&quot;,&quot;*ANY_STATUS&quot; go"/>
        </arguments>
        <arguments xsi:type="EM:FixedListArgument" name="OPT_SCOPE" dataType="CHARACTER" validationType="READ_ONLY" reconcileScript="N/A">
          <stringTable>
            <column value="the same accession as "/>
            <column value="link to other template by the same accession_id"/>
          </stringTable>
          <stringTable>
            <column value="the same encounter as "/>
            <column value="link to other template by the same encounter_id"/>
          </stringTable>
        </arguments>
        <arguments name="OPT_LINK" dataType="LINK" controlType="TEMPLATE_REFERENCE" reconcileScript="N/A"/>
        <arguments xsi:type="EM:FixedListArgument" name="OPT_QUAL" dataType="CHARACTER" validationType="READ_ONLY" reconcileScript="N/A">
          <stringTable>
            <column value="greater than"/>
            <column value="greater than"/>
          </stringTable>
          <stringTable>
            <column value="less than"/>
            <column value="less than"/>
          </stringTable>
          <stringTable>
            <column value="within"/>
            <column value="within"/>
          </stringTable>
          <stringTable>
            <column value="outside"/>
            <column value="outside"/>
          </stringTable>
        </arguments>
        <arguments name="OPT_TIME_NUM" dataType="CHARACTER" reconcileScript="N/A"/>
        <arguments xsi:type="EM:FixedListArgument" name="OPT_TIME_UNIT" dataType="CHARACTER" validationType="READ_ONLY" reconcileScript="N/A">
          <stringTable>
            <column value="minutes"/>
            <column value="minutes"/>
          </stringTable>
          <stringTable>
            <column value="hours"/>
            <column value="hours"/>
          </stringTable>
          <stringTable>
            <column value="days"/>
            <column value="days"/>
          </stringTable>
        </arguments>
        <arguments xsi:type="EM:FixedListArgument" name="OPT_ANCHOR_DT_TM" dataType="CHARACTER" validationType="READ_ONLY" reconcileScript="N/A">
          <stringTable>
            <column value="collection date &amp; time"/>
            <column value="collection date &amp; time"/>
          </stringTable>
          <stringTable>
            <column value="current start date &amp; time"/>
            <column value="current start date &amp; time"/>
          </stringTable>
          <stringTable>
            <column value="original order date &amp; time"/>
            <column value="original order date &amp; time"/>
          </stringTable>
          <stringTable>
            <column value="projected stop date &amp; time"/>
            <column value="projected stop date &amp; time"/>
          </stringTable>
        </arguments>
      </templateDefinitions>
      <templateDefinitions xsi:type="EM:ExpertTemplate" name="EKS_ENCOUNTER_DETAIL_L" definition="the patient's ENC_DETAIL QUAL DETAIL_VALUE for the same encounter as OPT_LINK" description="Encounter attributes" eventDependency="//@expertTemplates/@events/@event.1 //@expertTemplates/@events/@event.2 //@expertTemplates/@events/@event.3 //@expertTemplates/@events/@event.4 //@expertTemplates/@events/@event.8 //@expertTemplates/@events/@event.9 //@expertTemplates/@events/@event.10 //@expertTemplates/@events/@event.11 //@expertTemplates/@events/@event.13 //@expertTemplates/@events/@event.16 //@expertTemplates/@events/@event.23 //@expertTemplates/@events/@event.34 //@expertTemplates/@events/@event.36 //@expertTemplates/@events/@event.38 //@expertTemplates/@events/@event.39 //@expertTemplates/@events/@event.41 //@expertTemplates/@events/@event.42 //@expertTemplates/@events/@event.49 //@expertTemplates/@events/@event.50 //@expertTemplates/@events/@event.51 //@expertTemplates/@events/@event.55 //@expertTemplates/@events/@event.57 //@expertTemplates/@events/@event.61 //@expertTemplates/@events/@event.72 //@expertTemplates/@events/@event.73 //@expertTemplates/@events/@event.74 //@expertTemplates/@events/@event.75" optimizable="true" reconcilable="true">
        <keywords>ENCOUNTER</keywords>
        <arguments xsi:type="EM:ReferentialArgument" name="ENC_DETAIL" dataType="CHARACTER" controlType="REFERENTIAL" validationType="READ_ONLY" required="true" reconcileScript="N/A" keyFieldIndex="2">
          <statements dependency="ENC_DETAIL" statement="execute EKS_T_ENC_DETAIL_REFHELP &quot;HELP&quot; go"/>
        </arguments>
        <arguments xsi:type="EM:ReferentialArgument" name="QUAL" dataType="CHARACTER" controlType="REFERENTIAL" validationType="READ_ONLY" required="true" dependency="ENC_DETAIL" reconcileScript="N/A" keyFieldIndex="2">
          <statements dependency="QUAL" statement="execute EKS_T_ENC_DETAIL_REFHELP concat(&quot;QUAL&quot;, PAR1) go"/>
        </arguments>
        <arguments xsi:type="EM:ReferentialArgument" name="DETAIL_VALUE" dataType="CHARACTER" controlType="LISTBOX" validationType="READ_ONLY" required="true" dependency="ENC_DETAIL" optimizable="true" reconcileScript="eks_p_encDetail" keyFieldIndex="2">
          <statements dependency="DETAIL_VALUE" statement="execute EKS_T_ENC_DETAIL_REFHELP concat(&quot;VALUE&quot;, PAR1) go"/>
        </arguments>
        <arguments name="OPT_LINK" dataType="LINK" controlType="TEMPLATE_REFERENCE" reconcileScript="N/A"/>
      </templateDefinitions>
      <templateDefinitions xsi:type="EM:ExpertTemplate" name="EKS_EXEC_CCL_L" definition="Execute PROGRAM_NAME with parameters OPT_PARAM and link to OPT_LINK" description="Execute CCL program" eventDependency="//@expertTemplates/@events/@event.1 //@expertTemplates/@events/@event.2 //@expertTemplates/@events/@event.3 //@expertTemplates/@events/@event.4 //@expertTemplates/@events/@event.5 //@expertTemplates/@events/@event.8 //@expertTemplates/@events/@event.9 //@expertTemplates/@events/@event.10 //@expertTemplates/@events/@event.11 //@expertTemplates/@events/@event.13 //@expertTemplates/@events/@event.16 //@expertTemplates/@events/@event.23 //@expertTemplates/@events/@event.32 //@expertTemplates/@events/@event.34 //@expertTemplates/@events/@event.36 //@expertTemplates/@events/@event.38 //@expertTemplates/@events/@event.39 //@expertTemplates/@events/@event.41 //@expertTemplates/@events/@event.42 //@expertTemplates/@events/@event.49 //@expertTemplates/@events/@event.50 //@expertTemplates/@events/@event.51 //@expertTemplates/@events/@event.55 //@expertTemplates/@events/@event.56 //@expertTemplates/@events/@event.57 //@expertTemplates/@events/@event.58 //@expertTemplates/@events/@event.60 //@expertTemplates/@events/@event.61 //@expertTemplates/@events/@event.72 //@expertTemplates/@events/@event.73 //@expertTemplates/@events/@event.74 //@expertTemplates/@events/@event.75" reconcilable="true">
        <keywords>UTILITY</keywords>
        <arguments name="PROGRAM_NAME" dataType="CHARACTER" required="true" reconcileScript="eks_p_checkprg"/>
        <arguments name="OPT_PARAM" dataType="CHARACTER" reconcileScript="N/A"/>
        <arguments name="OPT_LINK" dataType="LINK" controlType="TEMPLATE_REFERENCE" reconcileScript="N/A"/>
      </templateDefinitions>
      <templateDefinitions xsi:type="EM:ExpertTemplate" name="EKS_EVAL_L" definition="EXPRESSION" description="Freetext CCL evaluation" eventDependency="//@expertTemplates/@events/@event.1 //@expertTemplates/@events/@event.2 //@expertTemplates/@events/@event.3 //@expertTemplates/@events/@event.5 //@expertTemplates/@events/@event.8 //@expertTemplates/@events/@event.9 //@expertTemplates/@events/@event.10 //@expertTemplates/@events/@event.11 //@expertTemplates/@events/@event.13 //@expertTemplates/@events/@event.16 //@expertTemplates/@events/@event.23 //@expertTemplates/@events/@event.24 //@expertTemplates/@events/@event.36 //@expertTemplates/@events/@event.38 //@expertTemplates/@events/@event.39 //@expertTemplates/@events/@event.41 //@expertTemplates/@events/@event.42 //@expertTemplates/@events/@event.49 //@expertTemplates/@events/@event.50 //@expertTemplates/@events/@event.51 //@expertTemplates/@events/@event.55 //@expertTemplates/@events/@event.57 //@expertTemplates/@events/@event.58 //@expertTemplates/@events/@event.61 //@expertTemplates/@events/@event.72 //@expertTemplates/@events/@event.73 //@expertTemplates/@events/@event.74 //@expertTemplates/@events/@event.75" reconcilable="true">
        <keywords>UTILITY</keywords>
        <arguments name="EXPRESSION" dataType="CHARACTER" controlType="TEXT_MULTI_LINE" required="true" reconcileScript="N/A"/>
      </templateDefinitions>
      <templateDefinitions xsi:type="EM:ExpertTemplate" name="EKS_BUILD_MESSAGE_L" definition="ACTION a message named MSGNAME with text of MSGTEXT preceded by OPT_DELIMITER" description="Create or add to a text message to be used by subsequent templates" eventDependency="//@expertTemplates/@events/@event.1 //@expertTemplates/@events/@event.2 //@expertTemplates/@events/@event.3 //@expertTemplates/@events/@event.8 //@expertTemplates/@events/@event.9 //@expertTemplates/@events/@event.10 //@expertTemplates/@events/@event.11 //@expertTemplates/@events/@event.13 //@expertTemplates/@events/@event.16 //@expertTemplates/@events/@event.23 //@expertTemplates/@events/@event.32 //@expertTemplates/@events/@event.34 //@expertTemplates/@events/@event.36 //@expertTemplates/@events/@event.38 //@expertTemplates/@events/@event.39 //@expertTemplates/@events/@event.41 //@expertTemplates/@events/@event.42 //@expertTemplates/@events/@event.49 //@expertTemplates/@events/@event.50 //@expertTemplates/@events/@event.51 //@expertTemplates/@events/@event.55 //@expertTemplates/@events/@event.57 //@expertTemplates/@events/@event.58 //@expertTemplates/@events/@event.61 //@expertTemplates/@events/@event.72 //@expertTemplates/@events/@event.73 //@expertTemplates/@events/@event.74 //@expertTemplates/@events/@event.75" reconcilable="true" alwaysTrue="true">
        <keywords>UTILITY</keywords>
        <arguments xsi:type="EM:ReferentialArgument" name="ACTION" dataType="CHARACTER" controlType="REFERENTIAL" validationType="READ_ONLY" required="true" reconcileScript="N/A" keyFieldIndex="2">
          <statements dependency="ACTION" statement="select action = if (d.seq =  1) &quot;Create&quot;&#xD;&#xA;         elseif (d.seq =  2) &quot;Append To&quot;&#xD;&#xA;         ENDIF,&#xD;&#xA;         _hidden = if (d.seq =  1) &quot;1&quot;&#xD;&#xA;         elseif (d.seq =  2) &quot;2&quot;&#xD;&#xA;         ENDIF&#xD;&#xA;&#xD;&#xA;FROM (DUMMYT D WITH SEQ = VALUE(2))"/>
        </arguments>
        <arguments name="MSGNAME" dataType="CHARACTER" required="true" reconcileScript="N/A"/>
        <arguments name="MSGTEXT" dataType="CHARACTER" required="true" reconcileScript="N/A"/>
        <arguments name="OPT_DELIMITER" dataType="CHARACTER" reconcileScript="N/A"/>
      </templateDefinitions>
    </logicTemplates>
    <actionTemplates>
      <templateDefinitions xsi:type="EM:ExpertTemplate" name="EKS_ALERT_HTML_A" definition="Send alert with title OPT_TITLE from html file HTML_FILE with parameters OPT_OVERRIDE_REASON, OPT_OVERRIDE_DEFAULT, OPT_PROBLEMS, OPT_DEFAULT_FIRST_PROBLEM, OPT_PROB_CONFIRMATION, OPT_PROB_CLASSIFICATION, OPT_FREETEXT_PARAM, OPT_OK_BUTTON_NAME, OPT_LINK." description="Interactive display of HTML file." eventDependency="//@expertTemplates/@events/@event.2 //@expertTemplates/@events/@event.10 //@expertTemplates/@events/@event.38 //@expertTemplates/@events/@event.61 //@expertTemplates/@events/@event.73 //@expertTemplates/@events/@event.75" optimizable="true" reconcilable="true">
        <keywords>ALERT</keywords>
        <arguments name="OPT_TITLE" dataType="CHARACTER" reconcileScript="N/A"/>
        <arguments name="HTML_FILE" dataType="CHARACTER" required="true" reconcileScript="eks_p_findfile"/>
        <arguments xsi:type="EM:ReferentialArgument" name="OPT_OVERRIDE_REASON" dataType="CHARACTER" controlType="LISTBOX" validationType="READ_ONLY" optimizable="true" reconcileScript="eks_p_codeset_cki_refhelp &quot;800&quot;,&quot;CKI&quot;,&quot;*ALL,*NONE&quot;" keyFieldIndex="2">
          <statements dependency="OPT_OVERRIDE_REASON" statement="eks_codeset_cki_refhelp &quot;800&quot;,&quot;CKI&quot;,&quot;*ALL,*NONE&quot; go"/>
        </arguments>
        <arguments xsi:type="EM:FixedListArgument" name="OPT_OVERRIDE_DEFAULT" dataType="CHARACTER" validationType="READ_ONLY" reconcileScript="N/A">
          <stringTable>
            <column value="NONE"/>
            <column value="None"/>
          </stringTable>
          <stringTable>
            <column value="FIRST"/>
            <column value="First override reason on list"/>
          </stringTable>
          <stringTable>
            <column value="FREETEXT"/>
            <column value="Default to free text reason"/>
          </stringTable>
        </arguments>
        <arguments xsi:type="EM:ReferentialArgument" name="OPT_PROBLEMS" dataType="CHARACTER" controlType="NOMENCLATURE" reconcileScript="eks_p_nomen_recon 0"/>
        <arguments xsi:type="EM:FixedListArgument" name="OPT_DEFAULT_FIRST_PROBLEM" dataType="CHARACTER" validationType="READ_ONLY" reconcileScript="N/A">
          <defaultValue xsi:type="EM:StringValue" value="DISABLED"/>
          <stringTable>
            <column value="ENABLED"/>
            <column value="ENABLED"/>
          </stringTable>
          <stringTable>
            <column value="DISABLED"/>
            <column value="DISABLED"/>
          </stringTable>
        </arguments>
        <arguments xsi:type="EM:ReferentialArgument" name="OPT_PROB_CONFIRMATION" dataType="CHARACTER" controlType="REFERENTIAL" validationType="REFERENTIAL" optimizable="true" reconcileScript="eks_p_codeset_cki_refhelp &quot;12031&quot;,&quot;CDF&quot;,&quot;&quot;" keyFieldIndex="2">
          <statements dependency="OPT_PROB_CONFIRMATION" statement="eks_codeset_cki_refhelp &quot;12031&quot;,&quot;CDF&quot;,&quot;&quot; go"/>
        </arguments>
        <arguments xsi:type="EM:ReferentialArgument" name="OPT_PROB_CLASSIFICATION" dataType="CHARACTER" controlType="REFERENTIAL" validationType="REFERENTIAL" optimizable="true" reconcileScript="eks_p_codeset_cki_refhelp &quot;12033&quot;,&quot;CDF&quot;,&quot;&quot;" keyFieldIndex="2">
          <statements dependency="OPT_PROB_CLASSIFICATION" statement="eks_codeset_cki_refhelp &quot;12033&quot;,&quot;CDF&quot;,&quot;&quot; go"/>
        </arguments>
        <arguments name="OPT_FREETEXT_PARAM" dataType="CHARACTER" reconcileScript="N/A"/>
        <arguments name="OPT_OK_BUTTON_NAME" dataType="CHARACTER" reconcileScript="N/A"/>
        <arguments name="OPT_LINK" dataType="LINK" controlType="TEMPLATE_REFERENCE" reconcileScript="N/A"/>
      </templateDefinitions>
    </actionTemplates>
  </expertTemplates>
  <ruleDefinition>
    <evokeSection>
      <evokes evokeEvent="//@expertTemplates/@events/@event.61">
        <logicExpression xsi:type="EM:InfixExpression">
          <leftExpression xsi:type="EM:Antecedent" id="E1" template="EKS_ORDER_E">
            <facts argument="ORD_METHOD">
              <value xsi:type="EM:StringValue" value="whose primary mnemonic is"/>
            </facts>
            <facts argument="OPT_ORDERS">
              <value xsi:type="EM:ListValue">
                <values xsi:type="EM:ListValue">
                  <values xsi:type="EM:CustomValue" hideDisplay="true">
                    <customValue xsi:type="EM:StringValue" value="CCK200:CERNER!AEBiWAEAguYNJIABn4waeg"/>
                  </values>
                  <values xsi:type="EM:StringValue" value="Discharge Patient"/>
                  <values xsi:type="EM:ListValue">
                    <values xsi:type="EM:CustomValue" hideDisplay="true">
                      <customValue xsi:type="EM:StringValue" value="636727.0|whose primary mnemonic is"/>
                    </values>
                    <values xsi:type="EM:CustomValue" hideDisplay="true">
                      <customValue xsi:type="EM:StringValue" value="D|636727.0|whose primary mnemonic is"/>
                    </values>
                  </values>
                </values>
              </value>
            </facts>
            <facts argument="OPT_QUALIFIER">
              <value xsi:type="EM:StringValue"/>
            </facts>
            <facts argument="OPT_ORDDOC">
              <value xsi:type="EM:StringValue"/>
            </facts>
          </leftExpression>
          <rightExpression xsi:type="EM:Antecedent" id="E2" template="EKS_AGE_EVAL_E">
            <facts argument="EVALUATION">
              <value xsi:type="EM:StringValue" value="greater than"/>
            </facts>
            <facts argument="AGE1">
              <value xsi:type="EM:IntegerValue" intValue="18"/>
            </facts>
            <facts argument="UNIT1">
              <value xsi:type="EM:StringValue" value="years"/>
            </facts>
            <facts argument="OPT_AGE2"/>
            <facts argument="OPT_UNIT2">
              <value xsi:type="EM:StringValue"/>
            </facts>
          </rightExpression>
        </logicExpression>
      </evokes>
    </evokeSection>
    <logicSection>
      <logicExpression xsi:type="EM:InfixExpression">
        <leftExpression xsi:type="EM:Antecedent" id="L1" template="EKS_STOP_LOGIC_L">
          <facts argument="MODE">
            <value xsi:type="EM:StringValue" value="STOP"/>
          </facts>
        </leftExpression>
        <rightExpression xsi:type="EM:InfixExpression">
          <leftExpression xsi:type="EM:Antecedent" alias="Incoming" id="L2" template="EKS_ORDER_INCOMING_L">
            <facts argument="ORD_METHOD">
              <value xsi:type="EM:StringValue" value="whose primary mnemonic is"/>
            </facts>
            <facts argument="OPT_ORDERS">
              <value xsi:type="EM:ListValue">
                <values xsi:type="EM:ListValue">
                  <values xsi:type="EM:CustomValue" hideDisplay="true">
                    <customValue xsi:type="EM:StringValue" value="CCK200:CERNER!AEBiWAEAguYNJIABn4waeg"/>
                  </values>
                  <values xsi:type="EM:StringValue" value="Discharge Patient"/>
                  <values xsi:type="EM:ListValue">
                    <values xsi:type="EM:CustomValue" hideDisplay="true">
                      <customValue xsi:type="EM:StringValue" value="636727.0|whose primary mnemonic is"/>
                    </values>
                    <values xsi:type="EM:CustomValue" hideDisplay="true">
                      <customValue xsi:type="EM:StringValue" value="D|636727.0|whose primary mnemonic is"/>
                    </values>
                  </values>
                </values>
              </value>
            </facts>
            <facts argument="OPT_QUALIFIER">
              <value xsi:type="EM:StringValue"/>
            </facts>
            <facts argument="OPT_ORDDOC">
              <value xsi:type="EM:StringValue"/>
            </facts>
            <facts argument="OPT_ORDER_DETAIL">
              <value xsi:type="EM:StringValue" value="FUTURE USE"/>
            </facts>
            <facts argument="OPT_DETAIL_QUALIFIER">
              <value xsi:type="EM:StringValue" value="FUTURE USE"/>
            </facts>
            <facts argument="OPT_LIST">
              <value xsi:type="EM:StringValue"/>
            </facts>
          </leftExpression>
          <rightExpression xsi:type="EM:InfixExpression">
            <leftExpression xsi:type="EM:Antecedent" id="L3" template="EKS_ORDERS_FIND_L">
              <facts argument="ORD_METHOD">
                <value xsi:type="EM:StringValue" value="whose primary mnemonic is"/>
              </facts>
              <facts argument="OPT_ORDERS">
                <value xsi:type="EM:ListValue">
                  <values xsi:type="EM:ListValue">
                    <values xsi:type="EM:CustomValue" hideDisplay="true">
                      <customValue xsi:type="EM:StringValue" value="CCK200:CERNER!1C2EA0A0-4A10-452C-A3CB-F4A15DEB6FDC"/>
                    </values>
                    <values xsi:type="EM:StringValue" value="Tobacco Treatment Quality Measures"/>
                    <values xsi:type="EM:ListValue">
                      <values xsi:type="EM:CustomValue" hideDisplay="true">
                        <customValue xsi:type="EM:StringValue" value="2515.0|whose primary mnemonic is"/>
                      </values>
                      <values xsi:type="EM:CustomValue" hideDisplay="true">
                        <customValue xsi:type="EM:StringValue" value="T|2515.0|whose primary mnemonic is"/>
                      </values>
                    </values>
                  </values>
                </value>
              </facts>
              <facts argument="OPT_ORDER_STATUS">
                <value xsi:type="EM:ListValue">
                  <values xsi:type="EM:ListValue">
                    <values xsi:type="EM:CustomValue" hideDisplay="true">
                      <customValue xsi:type="EM:StringValue" value="CDF6004:COMPLETED"/>
                    </values>
                    <values xsi:type="EM:StringValue" value="Completed"/>
                  </values>
                  <values xsi:type="EM:ListValue">
                    <values xsi:type="EM:CustomValue" hideDisplay="true">
                      <customValue xsi:type="EM:StringValue" value="CDF6004:ORDERED"/>
                    </values>
                    <values xsi:type="EM:StringValue" value="Ordered"/>
                  </values>
                </value>
              </facts>
              <facts argument="OPT_SCOPE">
                <value xsi:type="EM:StringValue" value="the same encounter as "/>
              </facts>
              <facts argument="OPT_LINK">
                <value xsi:type="EM:AntecedentReference" antecedent="//@ruleDefinition/@logicSection/@logicExpression/@rightExpression/@leftExpression"/>
              </facts>
              <facts argument="OPT_QUAL">
                <value xsi:type="EM:StringValue"/>
              </facts>
              <facts argument="OPT_TIME_NUM">
                <value xsi:type="EM:StringValue"/>
              </facts>
              <facts argument="OPT_TIME_UNIT">
                <value xsi:type="EM:StringValue"/>
              </facts>
              <facts argument="OPT_ANCHOR_DT_TM">
                <value xsi:type="EM:StringValue"/>
              </facts>
            </leftExpression>
            <rightExpression xsi:type="EM:InfixExpression">
              <leftExpression xsi:type="EM:Antecedent" id="L4" template="EKS_ENCOUNTER_DETAIL_L">
                <facts argument="ENC_DETAIL">
                  <value xsi:type="EM:ListValue">
                    <values xsi:type="EM:ListValue">
                      <values xsi:type="EM:CustomValue" hideDisplay="true">
                        <customValue xsi:type="EM:StringValue" value="ENCNTR_TYPE_CD\71"/>
                      </values>
                      <values xsi:type="EM:StringValue" value="Encounter Type"/>
                    </values>
                  </value>
                </facts>
                <facts argument="QUAL">
                  <value xsi:type="EM:ListValue">
                    <values xsi:type="EM:ListValue">
                      <values xsi:type="EM:CustomValue" hideDisplay="true">
                        <customValue xsi:type="EM:StringValue" value="="/>
                      </values>
                      <values xsi:type="EM:StringValue" value="is listed"/>
                    </values>
                  </value>
                </facts>
                <facts argument="DETAIL_VALUE">
                  <value xsi:type="EM:ListValue">
                    <values xsi:type="EM:ListValue">
                      <values xsi:type="EM:CustomValue" hideDisplay="true">
                        <customValue xsi:type="EM:StringValue" value="CKI.CODEVALUE!3958"/>
                      </values>
                      <values xsi:type="EM:StringValue" value="INPATIENT"/>
                    </values>
                  </value>
                </facts>
                <facts argument="OPT_LINK">
                  <value xsi:type="EM:AntecedentReference" antecedent="//@ruleDefinition/@logicSection/@logicExpression/@rightExpression/@leftExpression"/>
                </facts>
              </leftExpression>
              <rightExpression xsi:type="EM:InfixExpression">
                <leftExpression xsi:type="EM:GroupExpression">
                  <expression xsi:type="EM:InfixExpression" operator="OR">
                    <leftExpression xsi:type="EM:Antecedent" id="L5" template="EKS_EXEC_CCL_L">
                      <facts argument="PROGRAM_NAME">
                        <value xsi:type="EM:StringValue" value="lhc_nhiqm_disch_med"/>
                      </facts>
                      <facts argument="OPT_PARAM">
                        <value xsi:type="EM:StringValue" value="&quot;TOB_V59&quot;,&quot;EVENT_NOMEN&quot;,&quot;TOB_USE_EVERYDAY&quot;"/>
                      </facts>
                      <facts argument="OPT_LINK">
                        <value xsi:type="EM:AntecedentReference" antecedent="//@ruleDefinition/@logicSection/@logicExpression/@rightExpression/@leftExpression"/>
                      </facts>
                    </leftExpression>
                    <rightExpression xsi:type="EM:Antecedent" id="L6" template="EKS_EXEC_CCL_L">
                      <facts argument="PROGRAM_NAME">
                        <value xsi:type="EM:StringValue" value="lhc_nhiqm_disch_med_shx"/>
                      </facts>
                      <facts argument="OPT_PARAM">
                        <value xsi:type="EM:StringValue" value="&quot;TOB_V59&quot;,&quot;DTA_NOMEN&quot;,&quot;SHX_DETAIL_TOB_USE_EVERYDAY&quot;,1"/>
                      </facts>
                      <facts argument="OPT_LINK">
                        <value xsi:type="EM:AntecedentReference" antecedent="//@ruleDefinition/@logicSection/@logicExpression/@rightExpression/@leftExpression"/>
                      </facts>
                    </rightExpression>
                  </expression>
                </leftExpression>
                <rightExpression xsi:type="EM:InfixExpression">
                  <leftExpression xsi:type="EM:PrefixExpression">
                    <expression xsi:type="EM:GroupExpression">
                      <expression xsi:type="EM:InfixExpression" operator="OR">
                        <leftExpression xsi:type="EM:Antecedent" alias="TOBRX" id="L7" template="EKS_EXEC_CCL_L">
                          <facts argument="PROGRAM_NAME">
                            <value xsi:type="EM:StringValue" value="lhc_nhiqm_disch_med"/>
                          </facts>
                          <facts argument="OPT_PARAM">
                            <value xsi:type="EM:StringValue" value="&quot;TOB_V59&quot;,&quot;ORDER&quot;,&quot;TOBTXMED_ORDER&quot;,3,1,0,0,0,0.0,0,0,0,1,0,&quot;SYNONYM&quot;,&quot;TOBTXMED_ORDER_SYNONYM&quot;"/>
                          </facts>
                          <facts argument="OPT_LINK">
                            <value xsi:type="EM:AntecedentReference" antecedent="//@ruleDefinition/@logicSection/@logicExpression/@rightExpression/@leftExpression"/>
                          </facts>
                        </leftExpression>
                        <rightExpression xsi:type="EM:Antecedent" id="L8" template="EKS_EVAL_L">
                          <facts argument="EXPRESSION">
                            <value xsi:type="EM:StringValue" value="&quot;@MISC:{TOBRX}&quot; = &quot;No Bedrock data found.&quot;"/>
                          </facts>
                        </rightExpression>
                      </expression>
                    </expression>
                  </leftExpression>
                  <rightExpression xsi:type="EM:InfixExpression">
                    <leftExpression xsi:type="EM:PrefixExpression">
                      <expression xsi:type="EM:Antecedent" id="L9" template="EKS_EXEC_CCL_L">
                        <facts argument="PROGRAM_NAME">
                          <value xsi:type="EM:StringValue" value="lhc_nhiqm_disch_med"/>
                        </facts>
                        <facts argument="OPT_PARAM">
                          <value xsi:type="EM:StringValue" value="&quot;TOB_v59&quot;,&quot;EVENT_NOMEN&quot;,&quot;RSN_NO_TOB_CESS_MED_DC_NOMEN&quot;,0,0,0,0,0,0,0,0,0,0,0,&quot;EVENT&quot;,&quot;RSN_NO_TOB_CESS_MED_DC&quot;"/>
                        </facts>
                        <facts argument="OPT_LINK">
                          <value xsi:type="EM:AntecedentReference" antecedent="//@ruleDefinition/@logicSection/@logicExpression/@rightExpression/@leftExpression"/>
                        </facts>
                      </expression>
                    </leftExpression>
                    <rightExpression xsi:type="EM:InfixExpression">
                      <leftExpression xsi:type="EM:PrefixExpression">
                        <expression xsi:type="EM:Antecedent" id="L10" template="EKS_EXEC_CCL_L">
                          <facts argument="PROGRAM_NAME">
                            <value xsi:type="EM:StringValue" value="lhc_nhiqm_disch_med"/>
                          </facts>
                          <facts argument="OPT_PARAM">
                            <value xsi:type="EM:StringValue" value="&quot;TOB_V59&quot;,&quot;EVENT_NOMEN&quot;,&quot;TOB_COG_IMPAIR_NOM&quot;,0,0,0,0,0,0,0,1,1,0,1,&quot;EVENT&quot;,&quot;TOB_COG_IMPAIR&quot;"/>
                          </facts>
                          <facts argument="OPT_LINK">
                            <value xsi:type="EM:AntecedentReference" antecedent="//@ruleDefinition/@logicSection/@logicExpression/@rightExpression/@leftExpression"/>
                          </facts>
                        </expression>
                      </leftExpression>
                      <rightExpression xsi:type="EM:InfixExpression">
                        <leftExpression xsi:type="EM:PrefixExpression">
                          <expression xsi:type="EM:Antecedent" id="L11" template="EKS_EXEC_CCL_L">
                            <facts argument="PROGRAM_NAME">
                              <value xsi:type="EM:StringValue" value="lhc_nhiqm_disch_med"/>
                            </facts>
                            <facts argument="OPT_PARAM">
                              <value xsi:type="EM:StringValue" value="&quot;TOB_v59&quot;,&quot;EVENT_NOMEN&quot;,&quot;COMFORTMX_EVENT_NOMEN&quot;,0,0,0,0,0,0,0,0,0,0,0,&quot;EVENT&quot;,&quot;COMFORTMX_EVENT&quot;"/>
                            </facts>
                            <facts argument="OPT_LINK">
                              <value xsi:type="EM:AntecedentReference" antecedent="//@ruleDefinition/@logicSection/@logicExpression/@rightExpression/@leftExpression"/>
                            </facts>
                          </expression>
                        </leftExpression>
                        <rightExpression xsi:type="EM:InfixExpression">
                          <leftExpression xsi:type="EM:PrefixExpression">
                            <expression xsi:type="EM:Antecedent" id="L12" template="EKS_EXEC_CCL_L">
                              <facts argument="PROGRAM_NAME">
                                <value xsi:type="EM:StringValue" value="lhc_nhiqm_disch_med"/>
                              </facts>
                              <facts argument="OPT_PARAM">
                                <value xsi:type="EM:StringValue" value="&quot;TOB_v59&quot;,&quot;ORDER&quot;,&quot;COMFORTMX_ORDER&quot;,3"/>
                              </facts>
                              <facts argument="OPT_LINK">
                                <value xsi:type="EM:AntecedentReference" antecedent="//@ruleDefinition/@logicSection/@logicExpression/@rightExpression/@leftExpression"/>
                              </facts>
                            </expression>
                          </leftExpression>
                          <rightExpression xsi:type="EM:InfixExpression">
                            <leftExpression xsi:type="EM:Antecedent" alias="Powerform" id="L13" template="EKS_EXEC_CCL_L">
                              <facts argument="PROGRAM_NAME">
                                <value xsi:type="EM:StringValue" value="lhc_nhiqm_br_powerform"/>
                              </facts>
                              <facts argument="OPT_PARAM">
                                <value xsi:type="EM:StringValue" value="&quot;MP_QM_TOB_2&quot;,&quot;PF_SINGLE_SELECT&quot;,&quot;TOB_3_CONTRA_DOC_PF&quot;"/>
                              </facts>
                              <facts argument="OPT_LINK">
                                <value xsi:type="EM:AntecedentReference"/>
                              </facts>
                            </leftExpression>
                            <rightExpression xsi:type="EM:InfixExpression">
                              <leftExpression xsi:type="EM:Antecedent" id="L14" template="EKS_BUILD_MESSAGE_L">
                                <facts argument="ACTION">
                                  <value xsi:type="EM:ListValue">
                                    <values xsi:type="EM:ListValue">
                                      <values xsi:type="EM:CustomValue" hideDisplay="true">
                                        <customValue xsi:type="EM:StringValue" value="1"/>
                                      </values>
                                      <values xsi:type="EM:StringValue" value="Create"/>
                                    </values>
                                  </value>
                                </facts>
                                <facts argument="MSGNAME">
                                  <value xsi:type="EM:StringValue" value="FORM_ID"/>
                                </facts>
                                <facts argument="MSGTEXT">
                                  <value xsi:type="EM:StringValue" value="@MISC:{Powerform}"/>
                                </facts>
                                <facts argument="OPT_DELIMITER">
                                  <value xsi:type="EM:StringValue"/>
                                </facts>
                              </leftExpression>
                              <rightExpression xsi:type="EM:Antecedent" id="L15" template="EKS_BUILD_MESSAGE_L">
                                <facts argument="ACTION">
                                  <value xsi:type="EM:ListValue">
                                    <values xsi:type="EM:ListValue">
                                      <values xsi:type="EM:CustomValue" hideDisplay="true">
                                        <customValue xsi:type="EM:StringValue" value="1"/>
                                      </values>
                                      <values xsi:type="EM:StringValue" value="Create"/>
                                    </values>
                                  </value>
                                </facts>
                                <facts argument="MSGNAME">
                                  <value xsi:type="EM:StringValue" value="PATIENTDATA"/>
                                </facts>
                                <facts argument="MSGTEXT">
                                  <value xsi:type="EM:StringValue" value="@PATIENTID:{Incoming}|@ENCOUNTERID:{Incoming}|@PATIENT:{Incoming}|@PTNURSENC:{Incoming}|@PTROOMENC:{Incoming}|@MEDICALNUMBER:{Incoming}|@AGE:{Incoming}|@PTFACENC:{Incoming}|@BIRTHDATE:{Incoming}|@CURDATETIME"/>
                                </facts>
                                <facts argument="OPT_DELIMITER">
                                  <value xsi:type="EM:StringValue"/>
                                </facts>
                              </rightExpression>
                            </rightExpression>
                          </rightExpression>
                        </rightExpression>
                      </rightExpression>
                    </rightExpression>
                  </rightExpression>
                </rightExpression>
              </rightExpression>
            </rightExpression>
          </rightExpression>
        </rightExpression>
      </logicExpression>
    </logicSection>
    <actionSection>
      <action xsi:type="EM:ActionExpression">
        <logicExpression xsi:type="EM:Antecedent" id="A1" template="EKS_ALERT_HTML_A">
          <facts argument="OPT_TITLE">
            <value xsi:type="EM:StringValue" value="Tobacco Cessation Meds at Discharge"/>
          </facts>
          <facts argument="HTML_FILE">
            <value xsi:type="EM:StringValue" value="cer_install:rule_tob_disch_med.html"/>
          </facts>
          <facts argument="OPT_OVERRIDE_REASON">
            <value xsi:type="EM:StringValue"/>
          </facts>
          <facts argument="OPT_OVERRIDE_DEFAULT">
            <value xsi:type="EM:StringValue"/>
          </facts>
          <facts argument="OPT_PROBLEMS">
            <value xsi:type="EM:StringValue"/>
          </facts>
          <facts argument="OPT_DEFAULT_FIRST_PROBLEM">
            <value xsi:type="EM:StringValue" value="DISABLED"/>
          </facts>
          <facts argument="OPT_PROB_CONFIRMATION">
            <value xsi:type="EM:StringValue"/>
          </facts>
          <facts argument="OPT_PROB_CLASSIFICATION">
            <value xsi:type="EM:StringValue"/>
          </facts>
          <facts argument="OPT_FREETEXT_PARAM">
            <value xsi:type="EM:StringValue"/>
          </facts>
          <facts argument="OPT_OK_BUTTON_NAME">
            <value xsi:type="EM:StringValue" value="OK"/>
          </facts>
          <facts argument="OPT_LINK">
            <value xsi:type="EM:AntecedentReference"/>
          </facts>
        </logicExpression>
      </action>
    </actionSection>
  </ruleDefinition>
</EM:ExpertModule>
