<CCLREC name="RLOG">
 <BATCH_SELECTION type="STRING" length="26"><![CDATA[cust_script:tocops_inp_chs]]></BATCH_SELECTION>
 <OPS_JOB_LAST_RUN type="STRING" value=""/>
 <MESSAGES type="LIST" memberCount="3">
 <ITEM>
  <TEXT type="STRING" length="23"><![CDATA[dTaskTypeCd:2678.000000]]></TEXT>
 </ITEM>
 <ITEM>
  <TEXT type="STRING" length="23"><![CDATA[dPriorityCd:1396.000000]]></TEXT>
 </ITEM>
 <ITEM>
  <TEXT type="STRING" length="28"><![CDATA[FNComplete ->         440 ms]]></TEXT>
 </ITEM>
 </MESSAGES>
 <FINAL_LIST type="LIST" memberCount="0">
 </FINAL_LIST>
</CCLREC>
<CCLREC name="REPLY">
 <OPS_EVENT type="STRING" length="50"><![CDATA[cust_script:tocops_inp_chs.dat file does not exist]]></OPS_EVENT>
 <STATUS_DATA type="GROUP">
  <STATUS type="STRING" length="1"><![CDATA[F]]></STATUS>
  <SUBEVENTSTATUS type="LIST" memberCount="1">
  <ITEM>
   <OPERATIONNAME type="STRING" length="25"><![CDATA[FNComplete               ]]></OPERATIONNAME>
   <OPERATIONSTATUS type="STRING" length="1"><![CDATA[T]]></OPERATIONSTATUS>
   <TARGETOBJECTNAME type="STRING" length="25"><![CDATA[Elapsed Time in Script   ]]></TARGETOBJECTNAME>
   <TARGETOBJECTVALUE type="STRING" length="15"><![CDATA[         440 ms]]></TARGETOBJECTVALUE>
  </ITEM>
  </SUBEVENTSTATUS>
 </STATUS_DATA>
</CCLREC>
