<?xml version="1.0" encoding="ASCII"?>
<EM:ExpertModule xmi:version="2.0" xmlns:xmi="http://www.omg.org/XMI" xmlns:xsi="http://www.w3.org/2001/XMLSchema-instance" xmlns:EM="http:///com.cerner.expert/expertmodule/1.0.0" moduleName="COV_CHG_OC_TASKING">
  <information>
    <runtimeInformation versionString="001.003" externalFileName="COV_CHG_OC_TASKING" lastUpdated="2021-06-09T15:32:04.000-0400" validtionType="PRODUCTION" title="COV_CHG_OC_TASKING" reconcileFlag="2" reconcileDate="2021-06-09T15:32:04.000-0400">
      <duration start="2021-06-07T00:00:00.000-0400" end="2100-12-31T23:59:59.000-0500"/>
      <updateUser userName="PARAMASIVAM, GEETHA"/>
    </runtimeInformation>
    <documentation author="GEETHA PARAMASIVAM" institution="COVENANT HEALTH" specialist=""/>
  </information>
  <expertTemplates>
    <events>
      <event name=""/>
      <event name="ADDPROBLEM"/>
      <event name="ADDTOSCRATCHPAD"/>
      <event name="ALLERGY_EVENT"/>
      <event name="AP_ORDER_EVENT"/>
      <event name="BB_RESULT_EVENT"/>
      <event name="CBTFLEXORDERS"/>
      <event name="CHART_SERVER_EVENT"/>
      <event name="CLINICALTRIALSCREEN"/>
      <event name="CLINICAL_EVENT"/>
      <event name="CLOSECHART"/>
      <event name="COLLECTION_EVENT"/>
      <event name="DCP_CN_TASK_UPD"/>
      <event name="DCP_MODTASK_EVENT"/>
      <event name="DCP_PW_COND"/>
      <event name="DCP_PW_OUTCOME_EVENT"/>
      <event name="DIAGNOSIS_EVENT"/>
      <event name="EKS_FORMAT"/>
      <event name="EKS_SYNC_TEST01"/>
      <event name="EKS_TEST_02"/>
      <event name="EKS_TEST_EVENT"/>
      <event name="EKS_TEST_EVENT01"/>
      <event name="ENSURE_EVENT"/>
      <event name="EXPERT_EVENT"/>
      <event name="HEALTHE_EVENT"/>
      <event name="HEALTH_MAINT_QUAL_EVENT"/>
      <event name="HIM_ADD_REQUEST"/>
      <event name="HIM_ADMIT_EVENT"/>
      <event name="HIM_PATIENT_INFO_REQUEST"/>
      <event name="HIM_TEST_EVENT"/>
      <event name="HL7_EVENT"/>
      <event name="MB_EXPEDITE"/>
      <event name="MB_RESULT_EVENT"/>
      <event name="MB_SCRIPTED_WORKUPS"/>
      <event name="MB_SUSCEPTIBILITY"/>
      <event name="MDI_RESULT_EVENT"/>
      <event name="MEDCHARTACTIVATE"/>
      <event name="MPI_ADT"/>
      <event name="OPENCHART"/>
      <event name="ORDER_EVENT"/>
      <event name="ORDER_PRO_TEST1"/>
      <event name="PATIENT_EVENT"/>
      <event name="PCA_EXPERT_EVENT"/>
      <event name="Person_Transaction"/>
      <event name="PFT_Add_Account"/>
      <event name="PFT_ADJ_WO"/>
      <event name="PFT_CHARGE_EVENT"/>
      <event name="pft_check_amount"/>
      <event name="PFT_VEHICLE"/>
      <event name="PNTFLEXREFRANGE"/>
      <event name="POWERPLANFLEX"/>
      <event name="PROBLEM_EVENT"/>
      <event name="PROFIT_1450_CLAIM_EVENT"/>
      <event name="PROFIT_1500_CLAIM_EVENT"/>
      <event name="PROVIDER_CHG_EVENT"/>
      <event name="PROVIDE_EVENT"/>
      <event name="PWRCHRT_ADD_ORDER"/>
      <event name="RESULT_EVENT"/>
      <event name="RESULT_EVENT_CSM"/>
      <event name="RESULT_EVENT_TEST"/>
      <event name="SCH_ACTION_EVENT"/>
      <event name="SIGNORDER"/>
      <event name="SN New Pref Card Created"/>
      <event name="SN_CASE_CHECK_IN_EVENT"/>
      <event name="SN_CASE_EVENT"/>
      <event name="SN_CASE_SCHEDULE_EVENT"/>
      <event name="SN_DOCUMENT_OPEN"/>
      <event name="SN_DOCUMENT_STATE"/>
      <event name="SN_FINALIZE_DOC_EVENT"/>
      <event name="SN_PROCEDURE_SCHEDULE"/>
      <event name="SN_SAVE_PROCEDURE"/>
      <event name="SN_TEST_EVENT"/>
      <event name="SOCIAL_HISTORY_ADD"/>
      <event name="SYNCHEVENT"/>
      <event name="TOCFLEX"/>
      <event name="TOUCHOPENCHART"/>
    </events>
    <evokeTemplates>
      <templateDefinitions xsi:type="EM:ExpertTemplate" name="EKS_APPLICATION_E" definition="The application being used QUALIFIER APPLICATION" description="Application that generated the evoking event" eventDependency="//@expertTemplates/@events/@event.1 //@expertTemplates/@events/@event.2 //@expertTemplates/@events/@event.3 //@expertTemplates/@events/@event.8 //@expertTemplates/@events/@event.10 //@expertTemplates/@events/@event.13 //@expertTemplates/@events/@event.16 //@expertTemplates/@events/@event.36 //@expertTemplates/@events/@event.38 //@expertTemplates/@events/@event.39 //@expertTemplates/@events/@event.49 //@expertTemplates/@events/@event.51 //@expertTemplates/@events/@event.55 //@expertTemplates/@events/@event.57 //@expertTemplates/@events/@event.61 //@expertTemplates/@events/@event.73 //@expertTemplates/@events/@event.74 //@expertTemplates/@events/@event.75" reconcilable="true">
        <keywords>UTILITY</keywords>
        <arguments xsi:type="EM:FixedListArgument" name="QUALIFIER" dataType="CHARACTER" validationType="READ_ONLY" required="true" reconcileScript="N/A">
          <stringTable>
            <column value="is listed in"/>
            <column value="is listed in"/>
          </stringTable>
          <stringTable>
            <column value="is not listed in"/>
            <column value="is not listed in"/>
          </stringTable>
        </arguments>
        <arguments xsi:type="EM:ReferentialArgument" name="APPLICATION" dataType="CHARACTER" controlType="LISTBOX" validationType="READ_ONLY" required="true" reconcileScript="eks_p_app" keyFieldIndex="2">
          <statements dependency="APPLICATION" statement="select &#xD;&#xA;  Application_Name = ap.description,&#xD;&#xA;  _hidden = ap.application_number&#xD;&#xA;from application ap&#xD;&#xA;where ap.active_ind = 1&#xD;&#xA;  /*and (ap.direct_access_ind = 1 or ap.application_number in (961000,600005,380000)) */&#xD;&#xA;  and ap.application_number > 0&#xD;&#xA;  and ap.description > &quot; &quot;&#xD;&#xA;order application_name"/>
        </arguments>
      </templateDefinitions>
      <templateDefinitions xsi:type="EM:ExpertTemplate" name="EKS_CURRENT_INFO_E" definition="The current DATA_TYPE QUALIFIER DATA_VALUE" description="Evaluates current information" eventDependency="//@expertTemplates/@events/@event.1 //@expertTemplates/@events/@event.2 //@expertTemplates/@events/@event.3 //@expertTemplates/@events/@event.4 //@expertTemplates/@events/@event.8 //@expertTemplates/@events/@event.9 //@expertTemplates/@events/@event.10 //@expertTemplates/@events/@event.11 //@expertTemplates/@events/@event.13 //@expertTemplates/@events/@event.16 //@expertTemplates/@events/@event.23 //@expertTemplates/@events/@event.24 //@expertTemplates/@events/@event.32 //@expertTemplates/@events/@event.35 //@expertTemplates/@events/@event.36 //@expertTemplates/@events/@event.38 //@expertTemplates/@events/@event.39 //@expertTemplates/@events/@event.41 //@expertTemplates/@events/@event.42 //@expertTemplates/@events/@event.49 //@expertTemplates/@events/@event.50 //@expertTemplates/@events/@event.51 //@expertTemplates/@events/@event.55 //@expertTemplates/@events/@event.57 //@expertTemplates/@events/@event.58 //@expertTemplates/@events/@event.60 //@expertTemplates/@events/@event.61 //@expertTemplates/@events/@event.72 //@expertTemplates/@events/@event.73 //@expertTemplates/@events/@event.74 //@expertTemplates/@events/@event.75" reconcilable="true">
        <keywords>UTILITY</keywords>
        <arguments xsi:type="EM:ReferentialArgument" name="DATA_TYPE" dataType="CHARACTER" controlType="REFERENTIAL" validationType="READ_ONLY" required="true" reconcileScript="N/A" keyFieldIndex="2">
          <statements dependency="DATA_TYPE" statement="eks_t_current_info_refhelp &quot;DATA_TYPE_E&quot; GO"/>
        </arguments>
        <arguments xsi:type="EM:ReferentialArgument" name="QUALIFIER" dataType="CHARACTER" controlType="REFERENTIAL" validationType="READ_ONLY" required="true" reconcileScript="N/A" keyFieldIndex="2">
          <statements dependency="QUALIFIER" statement="eks_t_current_info_refhelp &quot;QUALIFIER&quot; GO"/>
        </arguments>
        <arguments xsi:type="EM:ReferentialArgument" name="DATA_VALUE" dataType="CHARACTER" controlType="LISTBOX" validationType="READ_ONLY" required="true" dependency="DATA_TYPE" reconcileScript="eks_p_current_info" keyFieldIndex="2">
          <statements dependency="DATA_VALUE" statement="eks_t_current_info_refhelp concat(&quot;DATA_VALUE_1^&quot;, par1) go"/>
          <statements dependency="DATA_VALUE" statement="eks_t_current_info_refhelp concat(&quot;DATA_VALUE_2^&quot;, par1) go"/>
        </arguments>
      </templateDefinitions>
      <templateDefinitions xsi:type="EM:ExpertTemplate" name="EKS_DEBUGEKM_E" definition="Turn debug messaging DEBUG_STATUS" description="Turn debug messaging on or off" eventDependency="//@expertTemplates/@events/@event.1 //@expertTemplates/@events/@event.2 //@expertTemplates/@events/@event.3 //@expertTemplates/@events/@event.4 //@expertTemplates/@events/@event.5 //@expertTemplates/@events/@event.8 //@expertTemplates/@events/@event.9 //@expertTemplates/@events/@event.10 //@expertTemplates/@events/@event.11 //@expertTemplates/@events/@event.13 //@expertTemplates/@events/@event.16 //@expertTemplates/@events/@event.23 //@expertTemplates/@events/@event.26 //@expertTemplates/@events/@event.27 //@expertTemplates/@events/@event.28 //@expertTemplates/@events/@event.31 //@expertTemplates/@events/@event.32 //@expertTemplates/@events/@event.33 //@expertTemplates/@events/@event.34 //@expertTemplates/@events/@event.36 //@expertTemplates/@events/@event.38 //@expertTemplates/@events/@event.39 //@expertTemplates/@events/@event.41 //@expertTemplates/@events/@event.42 //@expertTemplates/@events/@event.45 //@expertTemplates/@events/@event.44 //@expertTemplates/@events/@event.48 //@expertTemplates/@events/@event.49 //@expertTemplates/@events/@event.50 //@expertTemplates/@events/@event.51 //@expertTemplates/@events/@event.55 //@expertTemplates/@events/@event.57 //@expertTemplates/@events/@event.58 //@expertTemplates/@events/@event.61 //@expertTemplates/@events/@event.62 //@expertTemplates/@events/@event.63 //@expertTemplates/@events/@event.64 //@expertTemplates/@events/@event.65 //@expertTemplates/@events/@event.66 //@expertTemplates/@events/@event.67 //@expertTemplates/@events/@event.68 //@expertTemplates/@events/@event.69 //@expertTemplates/@events/@event.70 //@expertTemplates/@events/@event.72 //@expertTemplates/@events/@event.73 //@expertTemplates/@events/@event.74 //@expertTemplates/@events/@event.75 //@expertTemplates/@events/@event.47" reconcilable="true" alwaysTrue="true">
        <keywords>UTILITY</keywords>
        <arguments xsi:type="EM:ReferentialArgument" name="DEBUG_STATUS" dataType="CHARACTER" controlType="REFERENTIAL" validationType="READ_ONLY" required="true" reconcileScript="N/A" keyFieldIndex="2">
          <statements dependency="DEBUG_STATUS" statement="select debug_status = if (d.seq =  1) &quot;On for subsequent Evoke Templates&quot;&#xD;&#xA; elseif (d.seq = 2) &quot;Off for subsequent Evoke Templates&quot;&#xD;&#xA; elseif (d.seq = 3) &quot;On for all Logic Templates&quot;&#xD;&#xA; elseif (d.seq = 4) &quot;On for all Action Templates&quot;&#xD;&#xA; elseif (d.seq = 5) &quot;On for all Logic and Action Templates&quot;&#xD;&#xA; elseif (d.seq = 6) &quot;To FullAudit for this module only&quot;&#xD;&#xA; elseif (d.seq = 7) &quot;Additional EKSDATA logging&quot;&#xD;&#xA;ENDIF,&#xD;&#xA;_hidden = if (d.seq = 1) 1&#xD;&#xA; elseif (d.seq=2) 0&#xD;&#xA; elseif (d.seq=3) 2&#xD;&#xA; elseif (d.seq=4) 3&#xD;&#xA; elseif (d.seq=5) 4&#xD;&#xA; elseif (d.seq=6) 5&#xD;&#xA; elseif (d.seq=7) 6&#xD;&#xA;endif&#xD;&#xA;&#xD;&#xA;FROM (DUMMYT D WITH SEQ = VALUE(7))"/>
        </arguments>
      </templateDefinitions>
    </evokeTemplates>
    <logicTemplates>
      <templateDefinitions xsi:type="EM:ExpertTemplate" name="EKS_STOP_LOGIC_L" definition="the following templates are false, MODE logic evaluation" description="Used to control efficiency of Action Group rules" eventDependency="//@expertTemplates/@events/@event.1 //@expertTemplates/@events/@event.2 //@expertTemplates/@events/@event.3 //@expertTemplates/@events/@event.5 //@expertTemplates/@events/@event.8 //@expertTemplates/@events/@event.9 //@expertTemplates/@events/@event.10 //@expertTemplates/@events/@event.11 //@expertTemplates/@events/@event.13 //@expertTemplates/@events/@event.16 //@expertTemplates/@events/@event.23 //@expertTemplates/@events/@event.32 //@expertTemplates/@events/@event.36 //@expertTemplates/@events/@event.38 //@expertTemplates/@events/@event.39 //@expertTemplates/@events/@event.41 //@expertTemplates/@events/@event.42 //@expertTemplates/@events/@event.49 //@expertTemplates/@events/@event.50 //@expertTemplates/@events/@event.51 //@expertTemplates/@events/@event.55 //@expertTemplates/@events/@event.57 //@expertTemplates/@events/@event.58 //@expertTemplates/@events/@event.61 //@expertTemplates/@events/@event.72 //@expertTemplates/@events/@event.73 //@expertTemplates/@events/@event.74 //@expertTemplates/@events/@event.75" reconcilable="true" alwaysTrue="true">
        <keywords>UTILITY</keywords>
        <arguments xsi:type="EM:FixedListArgument" name="MODE" dataType="CHARACTER" validationType="READ_ONLY" reconcileScript="N/A">
          <defaultValue xsi:type="EM:StringValue" value="STOP"/>
          <stringTable>
            <column value="STOP"/>
            <column value=" "/>
          </stringTable>
          <stringTable>
            <column value="CONTINUE"/>
            <column value=" "/>
          </stringTable>
        </arguments>
      </templateDefinitions>
      <templateDefinitions xsi:type="EM:ExpertTemplate" name="EKS_LOGIC_TRUE" definition="LOGIC is true" description="Always true" eventDependency="//@expertTemplates/@events/@event.1 //@expertTemplates/@events/@event.2 //@expertTemplates/@events/@event.3 //@expertTemplates/@events/@event.8 //@expertTemplates/@events/@event.9 //@expertTemplates/@events/@event.10 //@expertTemplates/@events/@event.11 //@expertTemplates/@events/@event.13 //@expertTemplates/@events/@event.16 //@expertTemplates/@events/@event.23 //@expertTemplates/@events/@event.24 //@expertTemplates/@events/@event.36 //@expertTemplates/@events/@event.38 //@expertTemplates/@events/@event.39 //@expertTemplates/@events/@event.41 //@expertTemplates/@events/@event.42 //@expertTemplates/@events/@event.49 //@expertTemplates/@events/@event.50 //@expertTemplates/@events/@event.51 //@expertTemplates/@events/@event.55 //@expertTemplates/@events/@event.57 //@expertTemplates/@events/@event.58 //@expertTemplates/@events/@event.60 //@expertTemplates/@events/@event.61 //@expertTemplates/@events/@event.72 //@expertTemplates/@events/@event.73 //@expertTemplates/@events/@event.74 //@expertTemplates/@events/@event.75" reconcilable="true" alwaysTrue="true">
        <keywords>UTILITY</keywords>
        <arguments name="LOGIC" dataType="CHARACTER" reconcileScript="N/A">
          <defaultValue xsi:type="EM:StringValue" value="@quot;LOGIC@quot;"/>
        </arguments>
      </templateDefinitions>
      <templateDefinitions xsi:type="EM:ExpertTemplate" name="EKS_ENCOUNTER_DETAIL_L" definition="the patient's ENC_DETAIL QUAL DETAIL_VALUE for the same encounter as OPT_LINK" description="Encounter attributes" eventDependency="//@expertTemplates/@events/@event.1 //@expertTemplates/@events/@event.2 //@expertTemplates/@events/@event.3 //@expertTemplates/@events/@event.4 //@expertTemplates/@events/@event.8 //@expertTemplates/@events/@event.9 //@expertTemplates/@events/@event.10 //@expertTemplates/@events/@event.11 //@expertTemplates/@events/@event.13 //@expertTemplates/@events/@event.16 //@expertTemplates/@events/@event.23 //@expertTemplates/@events/@event.34 //@expertTemplates/@events/@event.36 //@expertTemplates/@events/@event.38 //@expertTemplates/@events/@event.39 //@expertTemplates/@events/@event.41 //@expertTemplates/@events/@event.42 //@expertTemplates/@events/@event.49 //@expertTemplates/@events/@event.50 //@expertTemplates/@events/@event.51 //@expertTemplates/@events/@event.55 //@expertTemplates/@events/@event.57 //@expertTemplates/@events/@event.61 //@expertTemplates/@events/@event.72 //@expertTemplates/@events/@event.73 //@expertTemplates/@events/@event.74 //@expertTemplates/@events/@event.75" optimizable="true" reconcilable="true">
        <keywords>ENCOUNTER</keywords>
        <arguments xsi:type="EM:ReferentialArgument" name="ENC_DETAIL" dataType="CHARACTER" controlType="REFERENTIAL" validationType="READ_ONLY" required="true" reconcileScript="N/A" keyFieldIndex="2">
          <statements dependency="ENC_DETAIL" statement="execute EKS_T_ENC_DETAIL_REFHELP &quot;HELP&quot; go"/>
        </arguments>
        <arguments xsi:type="EM:ReferentialArgument" name="QUAL" dataType="CHARACTER" controlType="REFERENTIAL" validationType="READ_ONLY" required="true" dependency="ENC_DETAIL" reconcileScript="N/A" keyFieldIndex="2">
          <statements dependency="QUAL" statement="execute EKS_T_ENC_DETAIL_REFHELP concat(&quot;QUAL&quot;, PAR1) go"/>
        </arguments>
        <arguments xsi:type="EM:ReferentialArgument" name="DETAIL_VALUE" dataType="CHARACTER" controlType="LISTBOX" validationType="READ_ONLY" required="true" dependency="ENC_DETAIL" optimizable="true" reconcileScript="eks_p_encDetail" keyFieldIndex="2">
          <statements dependency="DETAIL_VALUE" statement="execute EKS_T_ENC_DETAIL_REFHELP concat(&quot;VALUE&quot;, PAR1) go"/>
        </arguments>
        <arguments name="OPT_LINK" dataType="LINK" controlType="TEMPLATE_REFERENCE" reconcileScript="N/A"/>
      </templateDefinitions>
      <templateDefinitions xsi:type="EM:ExpertTemplate" name="EKS_CALC_SAVE_L" definition="EXPRESSION" description="Create a value to be used by subsequent templates" eventDependency="//@expertTemplates/@events/@event.1 //@expertTemplates/@events/@event.2 //@expertTemplates/@events/@event.3 //@expertTemplates/@events/@event.5 //@expertTemplates/@events/@event.8 //@expertTemplates/@events/@event.9 //@expertTemplates/@events/@event.10 //@expertTemplates/@events/@event.11 //@expertTemplates/@events/@event.13 //@expertTemplates/@events/@event.16 //@expertTemplates/@events/@event.23 //@expertTemplates/@events/@event.36 //@expertTemplates/@events/@event.38 //@expertTemplates/@events/@event.39 //@expertTemplates/@events/@event.41 //@expertTemplates/@events/@event.42 //@expertTemplates/@events/@event.49 //@expertTemplates/@events/@event.50 //@expertTemplates/@events/@event.51 //@expertTemplates/@events/@event.55 //@expertTemplates/@events/@event.57 //@expertTemplates/@events/@event.58 //@expertTemplates/@events/@event.61 //@expertTemplates/@events/@event.72 //@expertTemplates/@events/@event.73 //@expertTemplates/@events/@event.74 //@expertTemplates/@events/@event.75" reconcilable="true">
        <keywords>UTILITY, LOG_RETVAL</keywords>
        <arguments name="EXPRESSION" dataType="CHARACTER" controlType="TEXT_MULTI_LINE" required="true" reconcileScript="N/A"/>
      </templateDefinitions>
      <templateDefinitions xsi:type="EM:ExpertTemplate" name="EKS_ALLERGY_FIND_L" definition="An allergy exists that ALLERGY_QUAL OPT_ALLERGY for OPT_CATEGORY category with reaction OPT_REACTION_QUAL OPT_REACTION and OPT_REACTION_TYPE, OPT_REACTION_STATUS, OPT_SEVERITY, OPT_INFO_SOURCE, OPT_CANCEL_REASON. Optionally narrow allergy matching by limiting cross-mapping to OPT_CROSS_VOCABS vocabularies OPT_PERSON_ACTIVITY concepts on patient&#x2019;s profile and/or OPT_VOCAB_HIERARCHY hierarchy or ignoring concepts altogether OPT_IGNORE_CONCEPTS. Find all matches OPT_MATCH_ALL." description="Allergy attributes" eventDependency="//@expertTemplates/@events/@event.1 //@expertTemplates/@events/@event.2 //@expertTemplates/@events/@event.3 //@expertTemplates/@events/@event.8 //@expertTemplates/@events/@event.9 //@expertTemplates/@events/@event.10 //@expertTemplates/@events/@event.11 //@expertTemplates/@events/@event.13 //@expertTemplates/@events/@event.16 //@expertTemplates/@events/@event.17 //@expertTemplates/@events/@event.22 //@expertTemplates/@events/@event.23 //@expertTemplates/@events/@event.25 //@expertTemplates/@events/@event.36 //@expertTemplates/@events/@event.38 //@expertTemplates/@events/@event.39 //@expertTemplates/@events/@event.41 //@expertTemplates/@events/@event.42 //@expertTemplates/@events/@event.49 //@expertTemplates/@events/@event.50 //@expertTemplates/@events/@event.51 //@expertTemplates/@events/@event.55 //@expertTemplates/@events/@event.57 //@expertTemplates/@events/@event.61 //@expertTemplates/@events/@event.72 //@expertTemplates/@events/@event.73 //@expertTemplates/@events/@event.74 //@expertTemplates/@events/@event.75" optimizable="true" reconcilable="true">
        <keywords>PERSON</keywords>
        <arguments xsi:type="EM:ReferentialArgument" name="ALLERGY_QUAL" dataType="CHARACTER" controlType="REFERENTIAL" validationType="READ_ONLY" required="true" reconcileScript="N/A" keyFieldIndex="2">
          <statements dependency="ALLERGY_QUAL" statement="eks_t_allergy_ref_help  &quot;ALLERGY_QUAL^&quot; GO"/>
        </arguments>
        <arguments xsi:type="EM:ReferentialArgument" name="OPT_ALLERGY" dataType="CHARACTER" controlType="NOMENCLATURE" validationType="MAX_LENGTH" reconcileScript="eks_p_nomen_recon 14" keyFieldIndex="2"/>
        <arguments xsi:type="EM:ReferentialArgument" name="OPT_CATEGORY" dataType="CHARACTER" controlType="LISTBOX" validationType="READ_ONLY" optimizable="true" reconcileScript="eks_p_codeset_cki_refhelp &quot;12020&quot;,&quot;CDF&quot;,&quot;&quot;" keyFieldIndex="2">
          <statements dependency="OPT_CATEGORY" statement="eks_codeset_cki_refhelp &quot;12020&quot;,&quot;CDF&quot;,&quot;&quot; go"/>
        </arguments>
        <arguments xsi:type="EM:ReferentialArgument" name="OPT_REACTION_QUAL" dataType="CHARACTER" controlType="REFERENTIAL" validationType="REFERENTIAL" reconcileScript="N/A" keyFieldIndex="2">
          <statements dependency="OPT_REACTION_QUAL" statement="eks_t_allergy_ref_help &quot;REACTION_QUAL^&quot; GO"/>
        </arguments>
        <arguments xsi:type="EM:ReferentialArgument" name="OPT_REACTION" dataType="CHARACTER" controlType="NOMENCLATURE" validationType="MAX_LENGTH" reconcileScript="eks_p_nomen_recon 14" keyFieldIndex="2"/>
        <arguments xsi:type="EM:ReferentialArgument" name="OPT_REACTION_TYPE" dataType="CHARACTER" controlType="LISTBOX" validationType="READ_ONLY" optimizable="true" reconcileScript="eks_p_codeset_cki_refhelp &quot;12021&quot;,&quot;CDF&quot;,&quot;&quot;" keyFieldIndex="2">
          <statements dependency="OPT_REACTION_TYPE" statement="eks_codeset_cki_refhelp &quot;12021&quot;,&quot;CDF&quot;,&quot;&quot; go"/>
        </arguments>
        <arguments xsi:type="EM:ReferentialArgument" name="OPT_REACTION_STATUS" dataType="CHARACTER" controlType="LISTBOX" validationType="READ_ONLY" optimizable="true" reconcileScript="eks_p_codeset_cki_refhelp &quot;12025&quot;,&quot;CDF&quot;,&quot;&quot;" keyFieldIndex="2">
          <statements dependency="OPT_REACTION_STATUS" statement="eks_codeset_cki_refhelp &quot;12025&quot;,&quot;CDF&quot;,&quot;&quot; go"/>
        </arguments>
        <arguments xsi:type="EM:ReferentialArgument" name="OPT_SEVERITY" dataType="CHARACTER" controlType="LISTBOX" validationType="READ_ONLY" optimizable="true" reconcileScript="eks_p_codeset_cki_refhelp &quot;12022&quot;,&quot;CDF&quot;,&quot;&quot;" keyFieldIndex="2">
          <statements dependency="OPT_SEVERITY" statement="eks_codeset_cki_refhelp &quot;12022&quot;,&quot;CDF&quot;,&quot;&quot; go"/>
        </arguments>
        <arguments xsi:type="EM:ReferentialArgument" name="OPT_INFO_SOURCE" dataType="CHARACTER" controlType="LISTBOX" validationType="READ_ONLY" optimizable="true" reconcileScript="eks_p_codeset_cki_refhelp &quot;12023&quot;,&quot;CDF&quot;,&quot;&quot;" keyFieldIndex="2">
          <statements dependency="OPT_INFO_SOURCE" statement="eks_codeset_cki_refhelp &quot;12023&quot;,&quot;CDF&quot;,&quot;&quot; go"/>
        </arguments>
        <arguments xsi:type="EM:ReferentialArgument" name="OPT_CANCEL_REASON" dataType="CHARACTER" controlType="LISTBOX" validationType="READ_ONLY" optimizable="true" reconcileScript="eks_p_codeset_cki_refhelp &quot;14004&quot;,&quot;CDF&quot;,&quot;&quot;" keyFieldIndex="2">
          <statements dependency="OPT_CANCEL_REASON" statement="eks_codeset_cki_refhelp &quot;14004&quot;,&quot;CDF&quot;,&quot;&quot; go"/>
        </arguments>
        <arguments xsi:type="EM:ReferentialArgument" name="OPT_CROSS_VOCABS" dataType="CHARACTER" controlType="LISTBOX" validationType="READ_ONLY" optimizable="true" reconcileScript="eks_p_codeset_cki_refhelp &quot;400&quot;,&quot;CDF&quot;,&quot;*ALL,*NONE&quot;" keyFieldIndex="2">
          <statements dependency="OPT_CROSS_VOCABS" statement="eks_codeset_cki_refhelp &quot;400&quot;,&quot;CKI&quot;,&quot;*ALL,*NONE&quot; go"/>
        </arguments>
        <arguments xsi:type="EM:FixedListArgument" name="OPT_PERSON_ACTIVITY" dataType="CHARACTER" validationType="READ_ONLY" reconcileScript="N/A">
          <defaultValue xsi:type="EM:StringValue" value="Including"/>
          <stringTable>
            <column value="Including"/>
            <column value="Including cross map patient activity data"/>
          </stringTable>
          <stringTable>
            <column value="Excluding"/>
            <column value="Excluding cross map patient activity data"/>
          </stringTable>
        </arguments>
        <arguments xsi:type="EM:FixedListArgument" name="OPT_VOCAB_HIERARCHY" dataType="CHARACTER" validationType="READ_ONLY" reconcileScript="N/A">
          <defaultValue xsi:type="EM:StringValue" value="Include"/>
          <stringTable>
            <column value="Include"/>
            <column value="Include Hierarchy "/>
          </stringTable>
          <stringTable>
            <column value="Exclude"/>
            <column value="Exclude Hierarchy"/>
          </stringTable>
        </arguments>
        <arguments xsi:type="EM:FixedListArgument" name="OPT_IGNORE_CONCEPTS" dataType="CHARACTER" validationType="READ_ONLY" reconcileScript="N/A">
          <defaultValue xsi:type="EM:StringValue" value="NO"/>
          <stringTable>
            <column value="YES"/>
            <column value="ignore mapping Concept_CKI"/>
          </stringTable>
          <stringTable>
            <column value="NO"/>
            <column value="mapping Concept_CKI"/>
          </stringTable>
        </arguments>
        <arguments xsi:type="EM:FixedListArgument" name="OPT_MATCH_ALL" dataType="CHARACTER" validationType="READ_ONLY" reconcileScript="N/A">
          <defaultValue xsi:type="EM:StringValue" value="YES"/>
          <stringTable>
            <column value="YES"/>
            <column value="find ALL matched problem(s)"/>
          </stringTable>
          <stringTable>
            <column value="NO"/>
            <column value="find ONE matched problem"/>
          </stringTable>
        </arguments>
      </templateDefinitions>
    </logicTemplates>
    <actionTemplates>
      <templateDefinitions xsi:type="EM:ExpertTemplate" name="EKS_ADD_ONE_TIME_TASK_A" definition="Add a TASK_PRIORITY TASK_CLASS one time task of TASK_DESCRIPTION with task date/time equal to ANCHOR_DT offset by OPT_OFFSET_DAY days, OPT_OFFSET_HOUR hours and OPT_OFFSET_MIN minutes to encounter LINK." description="Add a TASK_PRIORITY TASK_CLASS one time task of TASK_DESCRIPTION with task date/time equal to ANCHOR_DT offset by OPT_OFFSET_DAY days, OPT_OFFSET_HOUR hours and OPT_OFFSET_MIN minutes to encounter LINK." eventDependency="//@expertTemplates/@events/@event.1 //@expertTemplates/@events/@event.2 //@expertTemplates/@events/@event.3 //@expertTemplates/@events/@event.8 //@expertTemplates/@events/@event.9 //@expertTemplates/@events/@event.10 //@expertTemplates/@events/@event.11 //@expertTemplates/@events/@event.13 //@expertTemplates/@events/@event.16 //@expertTemplates/@events/@event.23 //@expertTemplates/@events/@event.36 //@expertTemplates/@events/@event.38 //@expertTemplates/@events/@event.39 //@expertTemplates/@events/@event.41 //@expertTemplates/@events/@event.42 //@expertTemplates/@events/@event.51 //@expertTemplates/@events/@event.55 //@expertTemplates/@events/@event.56 //@expertTemplates/@events/@event.57 //@expertTemplates/@events/@event.61 //@expertTemplates/@events/@event.72 //@expertTemplates/@events/@event.73 //@expertTemplates/@events/@event.75" optimizable="true" reconcilable="true">
        <keywords>TASK</keywords>
        <arguments xsi:type="EM:FixedListArgument" name="TASK_PRIORITY" dataType="CHARACTER" validationType="READ_ONLY" required="true" reconcileScript="N/A">
          <defaultValue xsi:type="EM:StringValue" value="Routine"/>
          <stringTable>
            <column value="Routine"/>
            <column value="Routine"/>
          </stringTable>
          <stringTable>
            <column value="Stat"/>
            <column value="Stat"/>
          </stringTable>
        </arguments>
        <arguments xsi:type="EM:ReferentialArgument" name="TASK_CLASS" dataType="CHARACTER" controlType="REFERENTIAL" validationType="READ_ONLY" required="true" optimizable="true" reconcileScript="eks_p_codeset_cki_refhelp &quot;6025&quot;,&quot;CDF&quot;, &quot;&quot;" keyFieldIndex="2">
          <statements dependency="TASK_CLASS" statement="eks_codeset_cki_refhelp &quot;6025&quot;,&quot;CDF&quot;,&quot;&quot; go"/>
        </arguments>
        <arguments xsi:type="EM:ReferentialArgument" name="TASK_DESCRIPTION" dataType="CHARACTER" controlType="REFERENTIAL" validationType="READ_ONLY" required="true" reconcileScript="eks_p_task_desc &quot;0&quot;" keyFieldIndex="2">
          <statements dependency="TASK_DESCRIPTION" statement="EKS_ABC_REFHELP &quot;&quot; GO"/>
          <statements dependency="TASK_DESCRIPTION" statement="eks_t_task_refhelp PAR1 go"/>
        </arguments>
        <arguments xsi:type="EM:ReferentialArgument" name="ANCHOR_DT" dataType="CHARACTER" controlType="REFERENTIAL" validationType="REFERENTIAL" required="true" reconcileScript="N/A">
          <defaultValue xsi:type="EM:StringValue" value="@CURDATETIME"/>
          <statements dependency="ANCHOR_DT" statement="execute eks_t_anchor_refhelp go"/>
        </arguments>
        <arguments name="OPT_OFFSET_DAY" dataType="CHARACTER" reconcileScript="N/A"/>
        <arguments name="OPT_OFFSET_HOUR" dataType="CHARACTER" reconcileScript="N/A"/>
        <arguments name="OPT_OFFSET_MIN" dataType="CHARACTER" reconcileScript="N/A"/>
        <arguments name="LINK" dataType="LINK" controlType="TEMPLATE_REFERENCE" required="true" reconcileScript="N/A"/>
      </templateDefinitions>
      <templateDefinitions xsi:type="EM:ExpertTemplate" name="EKS_TIMER_SET_A" definition="Set timer TIMER_NAME with description DESCRIPTION to expire TIME_INTERVAL TIME_UNIT DIRECTION ANCHOR_DT_TM. LINK" description="Set timer" eventDependency="//@expertTemplates/@events/@event.1 //@expertTemplates/@events/@event.2 //@expertTemplates/@events/@event.3 //@expertTemplates/@events/@event.8 //@expertTemplates/@events/@event.9 //@expertTemplates/@events/@event.10 //@expertTemplates/@events/@event.13 //@expertTemplates/@events/@event.16 //@expertTemplates/@events/@event.23 //@expertTemplates/@events/@event.36 //@expertTemplates/@events/@event.38 //@expertTemplates/@events/@event.39 //@expertTemplates/@events/@event.41 //@expertTemplates/@events/@event.42 //@expertTemplates/@events/@event.51 //@expertTemplates/@events/@event.55 //@expertTemplates/@events/@event.56 //@expertTemplates/@events/@event.57 //@expertTemplates/@events/@event.61 //@expertTemplates/@events/@event.72 //@expertTemplates/@events/@event.73 //@expertTemplates/@events/@event.75" reconcilable="true">
        <keywords>UTILITY</keywords>
        <arguments name="TIMER_NAME" dataType="CHARACTER" validationType="MAX_LENGTH" required="true" reconcileScript="N/A"/>
        <arguments name="DESCRIPTION" dataType="CHARACTER" controlType="TEXT_MULTI_LINE" required="true" reconcileScript="N/A"/>
        <arguments name="TIME_INTERVAL" dataType="CHARACTER" required="true" reconcileScript="N/A"/>
        <arguments xsi:type="EM:FixedListArgument" name="TIME_UNIT" dataType="CHARACTER" validationType="READ_ONLY" required="true" reconcileScript="N/A">
          <stringTable>
            <column value="minutes"/>
            <column value="minutes"/>
          </stringTable>
          <stringTable>
            <column value="hours"/>
            <column value="hours"/>
          </stringTable>
          <stringTable>
            <column value="days"/>
            <column value="days"/>
          </stringTable>
        </arguments>
        <arguments xsi:type="EM:FixedListArgument" name="DIRECTION" dataType="CHARACTER" validationType="READ_ONLY" required="true" reconcileScript="N/A">
          <defaultValue xsi:type="EM:StringValue" value="after"/>
          <stringTable>
            <column value="after"/>
            <column value="after"/>
          </stringTable>
          <stringTable>
            <column value="before"/>
            <column value="before"/>
          </stringTable>
        </arguments>
        <arguments xsi:type="EM:ReferentialArgument" name="ANCHOR_DT_TM" dataType="CHARACTER" controlType="REFERENTIAL" validationType="REFERENTIAL" required="true" reconcileScript="N/A">
          <defaultValue xsi:type="EM:StringValue" value="@CURDATETIME"/>
          <statements dependency="ANCHOR_DT_TM" statement="execute eks_t_anchor_refhelp go"/>
        </arguments>
        <arguments name="LINK" dataType="LINK" controlType="TEMPLATE_REFERENCE" required="true" reconcileScript="N/A"/>
      </templateDefinitions>
    </actionTemplates>
  </expertTemplates>
  <ruleDefinition>
    <evokeSection>
      <evokes evokeEvent="//@expertTemplates/@events/@event.38">
        <logicExpression xsi:type="EM:InfixExpression">
          <leftExpression xsi:type="EM:Antecedent" id="E1" template="EKS_APPLICATION_E">
            <facts argument="QUALIFIER">
              <value xsi:type="EM:StringValue" value="is listed in"/>
            </facts>
            <facts argument="APPLICATION">
              <value xsi:type="EM:ListValue">
                <values xsi:type="EM:ListValue">
                  <values xsi:type="EM:CustomValue" hideDisplay="true">
                    <customValue xsi:type="EM:StringValue" value="600005"/>
                  </values>
                  <values xsi:type="EM:StringValue" value="HNA: Powerchart"/>
                </values>
              </value>
            </facts>
          </leftExpression>
          <rightExpression xsi:type="EM:InfixExpression">
            <leftExpression xsi:type="EM:GroupExpression">
              <expression xsi:type="EM:Antecedent" id="E2" template="EKS_CURRENT_INFO_E">
                <facts argument="DATA_TYPE">
                  <value xsi:type="EM:ListValue">
                    <values xsi:type="EM:ListValue">
                      <values xsi:type="EM:CustomValue" hideDisplay="true">
                        <customValue xsi:type="EM:StringValue" value="4"/>
                      </values>
                      <values xsi:type="EM:StringValue" value="user"/>
                    </values>
                  </value>
                </facts>
                <facts argument="QUALIFIER">
                  <value xsi:type="EM:ListValue">
                    <values xsi:type="EM:ListValue">
                      <values xsi:type="EM:CustomValue" hideDisplay="true">
                        <customValue xsi:type="EM:StringValue" value="="/>
                      </values>
                      <values xsi:type="EM:StringValue" value="is listed in"/>
                    </values>
                  </value>
                </facts>
                <facts argument="DATA_VALUE">
                  <value xsi:type="EM:ListValue">
                    <values xsi:type="EM:ListValue">
                      <values xsi:type="EM:CustomValue" hideDisplay="true">
                        <customValue xsi:type="EM:StringValue" value="12428721.00"/>
                      </values>
                      <values xsi:type="EM:StringValue" value="PARAMASIVAM, GEETHA"/>
                      <values xsi:type="EM:ListValue">
                        <values xsi:type="EM:CustomValue" hideDisplay="true">
                          <customValue xsi:type="EM:StringValue" value="P|4"/>
                        </values>
                      </values>
                    </values>
                    <values xsi:type="EM:ListValue">
                      <values xsi:type="EM:CustomValue" hideDisplay="true">
                        <customValue xsi:type="EM:StringValue" value="12735933.00"/>
                      </values>
                      <values xsi:type="EM:StringValue" value="MYERS, LORI"/>
                      <values xsi:type="EM:ListValue">
                        <values xsi:type="EM:CustomValue" hideDisplay="true">
                          <customValue xsi:type="EM:StringValue" value="M|4"/>
                        </values>
                      </values>
                    </values>
                  </value>
                </facts>
              </expression>
            </leftExpression>
            <rightExpression xsi:type="EM:Antecedent" id="E3" template="EKS_DEBUGEKM_E">
              <facts argument="DEBUG_STATUS">
                <value xsi:type="EM:ListValue">
                  <values xsi:type="EM:ListValue">
                    <values xsi:type="EM:CustomValue" hideDisplay="true">
                      <customValue xsi:type="EM:StringValue" value="5"/>
                    </values>
                    <values xsi:type="EM:StringValue" value="To FullAudit for this module only"/>
                  </values>
                </value>
              </facts>
            </rightExpression>
          </rightExpression>
        </logicExpression>
      </evokes>
    </evokeSection>
    <logicSection>
      <logicExpression xsi:type="EM:InfixExpression">
        <leftExpression xsi:type="EM:Antecedent" id="L1" template="EKS_STOP_LOGIC_L">
          <facts argument="MODE">
            <value xsi:type="EM:StringValue" value="STOP"/>
          </facts>
        </leftExpression>
        <rightExpression xsi:type="EM:InfixExpression">
          <leftExpression xsi:type="EM:Antecedent" id="L2" template="EKS_LOGIC_TRUE">
            <facts argument="LOGIC">
              <value xsi:type="EM:StringValue" value="@quot;LOGIC@quot;"/>
            </facts>
          </leftExpression>
          <rightExpression xsi:type="EM:InfixExpression">
            <leftExpression xsi:type="EM:Antecedent" id="L3" template="EKS_ENCOUNTER_DETAIL_L">
              <facts argument="ENC_DETAIL">
                <value xsi:type="EM:ListValue">
                  <values xsi:type="EM:ListValue">
                    <values xsi:type="EM:CustomValue" hideDisplay="true">
                      <customValue xsi:type="EM:StringValue" value="ENCNTR_STATUS_CD\261"/>
                    </values>
                    <values xsi:type="EM:StringValue" value="Encounter Status"/>
                  </values>
                </value>
              </facts>
              <facts argument="QUAL">
                <value xsi:type="EM:ListValue">
                  <values xsi:type="EM:ListValue">
                    <values xsi:type="EM:CustomValue" hideDisplay="true">
                      <customValue xsi:type="EM:StringValue" value="="/>
                    </values>
                    <values xsi:type="EM:StringValue" value="is listed"/>
                  </values>
                </value>
              </facts>
              <facts argument="DETAIL_VALUE">
                <value xsi:type="EM:ListValue">
                  <values xsi:type="EM:ListValue">
                    <values xsi:type="EM:CustomValue" hideDisplay="true">
                      <customValue xsi:type="EM:StringValue" value="CKI.CODEVALUE!3980"/>
                    </values>
                    <values xsi:type="EM:StringValue" value="ACTIVE"/>
                  </values>
                </value>
              </facts>
              <facts argument="OPT_LINK">
                <value xsi:type="EM:AntecedentReference" antecedent="//@ruleDefinition/@logicSection/@logicExpression/@rightExpression/@leftExpression"/>
              </facts>
            </leftExpression>
            <rightExpression xsi:type="EM:InfixExpression">
              <leftExpression xsi:type="EM:Antecedent" id="L4" template="EKS_ENCOUNTER_DETAIL_L">
                <facts argument="ENC_DETAIL">
                  <value xsi:type="EM:ListValue">
                    <values xsi:type="EM:ListValue">
                      <values xsi:type="EM:CustomValue" hideDisplay="true">
                        <customValue xsi:type="EM:StringValue" value="ENCNTR_TYPE_CD\71"/>
                      </values>
                      <values xsi:type="EM:StringValue" value="Encounter Type"/>
                    </values>
                  </value>
                </facts>
                <facts argument="QUAL">
                  <value xsi:type="EM:ListValue">
                    <values xsi:type="EM:ListValue">
                      <values xsi:type="EM:CustomValue" hideDisplay="true">
                        <customValue xsi:type="EM:StringValue" value="="/>
                      </values>
                      <values xsi:type="EM:StringValue" value="is listed"/>
                    </values>
                  </value>
                </facts>
                <facts argument="DETAIL_VALUE">
                  <value xsi:type="EM:ListValue">
                    <values xsi:type="EM:ListValue">
                      <values xsi:type="EM:CustomValue" hideDisplay="true">
                        <customValue xsi:type="EM:StringValue" value="CKI.CODEVALUE!3958"/>
                      </values>
                      <values xsi:type="EM:StringValue" value="INPATIENT"/>
                    </values>
                    <values xsi:type="EM:ListValue">
                      <values xsi:type="EM:CustomValue" hideDisplay="true">
                        <customValue xsi:type="EM:StringValue" value="CKI.CODEVALUE!17613"/>
                      </values>
                      <values xsi:type="EM:StringValue" value="OBSERVATION"/>
                    </values>
                    <values xsi:type="EM:ListValue">
                      <values xsi:type="EM:CustomValue" hideDisplay="true">
                        <customValue xsi:type="EM:StringValue" value="19962820"/>
                      </values>
                      <values xsi:type="EM:StringValue" value="OUTPATIENTINABED"/>
                    </values>
                  </value>
                </facts>
                <facts argument="OPT_LINK">
                  <value xsi:type="EM:AntecedentReference" antecedent="//@ruleDefinition/@logicSection/@logicExpression/@rightExpression/@leftExpression"/>
                </facts>
              </leftExpression>
              <rightExpression xsi:type="EM:InfixExpression">
                <leftExpression xsi:type="EM:PrefixExpression">
                  <expression xsi:type="EM:Antecedent" alias="Duplicate task?" id="L5" template="EKS_CALC_SAVE_L">
                    <facts argument="EXPRESSION">
                      <value xsi:type="EM:StringValue" value="select into &quot;nl:&quot;@NEWLINEfrom @NEWLINE&#x9;task_activity ta, order_task ot@NEWLINEplan  ta @NEWLINE&#x9;where ta.encntr_id =  @ENCOUNTERID:2@NEWLINE&#x9;and ta.active_ind = 1@NEWLINEjoin ot@NEWLINE&#x9;where ot.reference_task_id = ta.reference_task_id@NEWLINE&#x9;and ot.task_description = &quot;Perform Chlorhexidine Treatment&quot;@NEWLINE&#x9;and ot.active_ind = 1@NEWLINEhead report@NEWLINE&#x9;log_message = &quot;No Existing Task&quot;@NEWLINE&#x9;log_retval = 0@NEWLINEdetail@NEWLINE&#x9;log_message = &quot;Existing Task Found&quot;@NEWLINE&#x9;log_retval = 100@NEWLINEwith nocounter, nullreport go"/>
                    </facts>
                  </expression>
                </leftExpression>
                <rightExpression xsi:type="EM:InfixExpression">
                  <leftExpression xsi:type="EM:Antecedent" alias="Nurse Unit Assigned?" id="L6" template="EKS_CALC_SAVE_L">
                    <facts argument="EXPRESSION">
                      <value xsi:type="EM:StringValue" value="select into &quot;nl:&quot;@NEWLINEfrom encounter e, encntr_loc_hist elh@NEWLINEplan e where e.encntr_id = @ENCOUNTERID:2@NEWLINE&#x9;and e.reg_dt_tm between cnvtdatetime('01-JAN-2021 00:00:00') and cnvtdatetime('01-JUN-2021 11:30:00')@NEWLINE&#x9;and e.disch_dt_tm is null@NEWLINE&#x9;and e.active_ind = 1@NEWLINE@NEWLINEjoin elh where elh.encntr_id = e.encntr_id@NEWLINE&#x9;and elh.loc_nurse_unit_cd != null@NEWLINEhead report@NEWLINE&#x9;log_message = &quot;There is no assigned Nurse Unit OR admit before 2021&quot;@NEWLINE&#x9;log_retval = 0@NEWLINEdetail@NEWLINE&#x9;log_message = build2(&quot;Assigned Nurse Unit Found - Reg_dt = &quot;, e.reg_dt_tm)@NEWLINE&#x9;log_retval = 100@NEWLINEwith nocounter, nullreport go"/>
                    </facts>
                  </leftExpression>
                  <rightExpression xsi:type="EM:PrefixExpression">
                    <expression xsi:type="EM:GroupExpression">
                      <expression xsi:type="EM:InfixExpression" operator="OR">
                        <leftExpression xsi:type="EM:Antecedent" id="L7" template="EKS_ALLERGY_FIND_L">
                          <facts argument="ALLERGY_QUAL">
                            <value xsi:type="EM:ListValue">
                              <values xsi:type="EM:ListValue">
                                <values xsi:type="EM:CustomValue" hideDisplay="true">
                                  <customValue xsi:type="EM:StringValue" value="="/>
                                </values>
                                <values xsi:type="EM:StringValue" value="is listed in"/>
                              </values>
                            </value>
                          </facts>
                          <facts argument="OPT_ALLERGY">
                            <value xsi:type="EM:ListValue">
                              <values xsi:type="EM:ListValue">
                                <values xsi:type="EM:CustomValue" hideDisplay="true">
                                  <customValue xsi:type="EM:StringValue" value="10259800.00NOMEN:MUL.DRUG!d01231"/>
                                </values>
                                <values xsi:type="EM:StringValue" value="Chlorhexidine Gluconate"/>
                                <values xsi:type="EM:ListValue">
                                  <values xsi:type="EM:CustomValue" hideDisplay="true">
                                    <customValue xsi:type="EM:StringValue" value="&#xA;d01231&#xA;Multum Drug&#xA;MUL.DRUG!d01231&#xA;d01231&#xA;MUL.DRUG"/>
                                  </values>
                                </values>
                              </values>
                              <values xsi:type="EM:ListValue">
                                <values xsi:type="EM:CustomValue" hideDisplay="true">
                                  <customValue xsi:type="EM:StringValue" value="1838.00NOMEN:MUL.DRUG!d01231"/>
                                </values>
                                <values xsi:type="EM:StringValue" value="chlorhexidine topical"/>
                                <values xsi:type="EM:ListValue">
                                  <values xsi:type="EM:CustomValue" hideDisplay="true">
                                    <customValue xsi:type="EM:StringValue" value="&#xA;d01231&#xA;Multum Drug&#xA;MUL.DRUG!d01231&#xA;d01231&#xA;MUL.DRUG"/>
                                  </values>
                                </values>
                              </values>
                            </value>
                          </facts>
                          <facts argument="OPT_CATEGORY">
                            <value xsi:type="EM:StringValue"/>
                          </facts>
                          <facts argument="OPT_REACTION_QUAL">
                            <value xsi:type="EM:StringValue"/>
                          </facts>
                          <facts argument="OPT_REACTION">
                            <value xsi:type="EM:StringValue"/>
                          </facts>
                          <facts argument="OPT_REACTION_TYPE">
                            <value xsi:type="EM:StringValue"/>
                          </facts>
                          <facts argument="OPT_REACTION_STATUS">
                            <value xsi:type="EM:ListValue">
                              <values xsi:type="EM:ListValue">
                                <values xsi:type="EM:CustomValue" hideDisplay="true">
                                  <customValue xsi:type="EM:StringValue" value="CDF12025:ACTIVE"/>
                                </values>
                                <values xsi:type="EM:StringValue" value="Active"/>
                              </values>
                              <values xsi:type="EM:ListValue">
                                <values xsi:type="EM:CustomValue" hideDisplay="true">
                                  <customValue xsi:type="EM:StringValue" value="CDF12025:PROPOSED"/>
                                </values>
                                <values xsi:type="EM:StringValue" value="Proposed"/>
                              </values>
                            </value>
                          </facts>
                          <facts argument="OPT_SEVERITY">
                            <value xsi:type="EM:StringValue"/>
                          </facts>
                          <facts argument="OPT_INFO_SOURCE">
                            <value xsi:type="EM:StringValue"/>
                          </facts>
                          <facts argument="OPT_CANCEL_REASON">
                            <value xsi:type="EM:StringValue"/>
                          </facts>
                          <facts argument="OPT_CROSS_VOCABS">
                            <value xsi:type="EM:StringValue"/>
                          </facts>
                          <facts argument="OPT_PERSON_ACTIVITY">
                            <value xsi:type="EM:StringValue" value="Including"/>
                          </facts>
                          <facts argument="OPT_VOCAB_HIERARCHY">
                            <value xsi:type="EM:StringValue" value="Include"/>
                          </facts>
                          <facts argument="OPT_IGNORE_CONCEPTS">
                            <value xsi:type="EM:StringValue" value="NO"/>
                          </facts>
                          <facts argument="OPT_MATCH_ALL">
                            <value xsi:type="EM:StringValue" value="YES"/>
                          </facts>
                        </leftExpression>
                        <rightExpression xsi:type="EM:Antecedent" alias="Not Done" id="L8" template="EKS_CALC_SAVE_L">
                          <facts argument="EXPRESSION">
                            <value xsi:type="EM:StringValue" value="select into &quot;nl:&quot;@NEWLINEfrom clinical_event ce@NEWLINEplan ce where ce.encntr_id = @ENCOUNTERID:2@NEWLINE&#x9;and ce.event_cd = value(uar_get_code_by(&quot;DISPLAY&quot;, 72, &quot;Chlorhexidine treatment&quot;))@NEWLINE&#x9;and ce.result_status_cd in (34.00, 25.00, 35.00)@NEWLINE&#x9;and ce.valid_until_dt_tm = cnvtdatetime (&quot;31-DEC-2100 00:00:00&quot; )@NEWLINE&#x9;and ce.result_val in(&quot;Not done due to patient allergy, Patient refused&quot; , &quot;Not done due to patient allergy&quot; , &quot;Patient refused&quot;)@NEWLINE&#x9;and ce.event_id = (select max(ce1.event_id) from clinical_event ce1@NEWLINE&#x9;&#x9;&#x9;&#x9;&#x9;where ce1.encntr_id = ce.encntr_id@NEWLINE&#x9;&#x9;&#x9;&#x9;&#x9;and ce1.event_cd = ce.event_cd@NEWLINE&#x9;&#x9;&#x9;&#x9;&#x9;group by ce1.encntr_id, ce1.event_cd)@NEWLINEhead report@NEWLINE&#x9;log_message = &quot;Not-Done Reason Not Found&quot;@NEWLINE&#x9;log_retval = 0@NEWLINEdetail@NEWLINE&#x9;log_message = &quot;Not-Done Reason Found&quot;@NEWLINE&#x9;log_retval = 100@NEWLINEwith nocounter, nullreport go@NEWLINE"/>
                          </facts>
                        </rightExpression>
                      </expression>
                    </expression>
                  </rightExpression>
                </rightExpression>
              </rightExpression>
            </rightExpression>
          </rightExpression>
        </rightExpression>
      </logicExpression>
    </logicSection>
    <actionSection>
      <action xsi:type="EM:ActionExpression">
        <logicExpression xsi:type="EM:InfixExpression">
          <leftExpression xsi:type="EM:Antecedent" id="A1" template="EKS_ADD_ONE_TIME_TASK_A">
            <facts argument="TASK_PRIORITY">
              <value xsi:type="EM:StringValue" value="Routine"/>
            </facts>
            <facts argument="TASK_CLASS">
              <value xsi:type="EM:ListValue">
                <values xsi:type="EM:ListValue">
                  <values xsi:type="EM:CustomValue" hideDisplay="true">
                    <customValue xsi:type="EM:StringValue" value="CDF6025:SCH"/>
                  </values>
                  <values xsi:type="EM:StringValue" value="Scheduled"/>
                </values>
              </value>
            </facts>
            <facts argument="TASK_DESCRIPTION">
              <value xsi:type="EM:ListValue">
                <values xsi:type="EM:ListValue" reconciled="false">
                  <values xsi:type="EM:CustomValue" hideDisplay="true">
                    <customValue xsi:type="EM:StringValue" value="3156420759.0|2553019151.0|CHART RESULT"/>
                  </values>
                  <values xsi:type="EM:StringValue" value="Perform Chlorhexidine Treatment"/>
                </values>
              </value>
            </facts>
            <facts argument="ANCHOR_DT">
              <value xsi:type="EM:StringValue" value="@CURDATETIME"/>
            </facts>
            <facts argument="OPT_OFFSET_DAY">
              <value xsi:type="EM:StringValue"/>
            </facts>
            <facts argument="OPT_OFFSET_HOUR">
              <value xsi:type="EM:StringValue"/>
            </facts>
            <facts argument="OPT_OFFSET_MIN">
              <value xsi:type="EM:StringValue"/>
            </facts>
            <facts argument="LINK">
              <value xsi:type="EM:AntecedentReference" antecedent="//@ruleDefinition/@logicSection/@logicExpression/@rightExpression/@leftExpression"/>
            </facts>
          </leftExpression>
          <rightExpression xsi:type="EM:Antecedent" id="A2" template="EKS_TIMER_SET_A">
            <facts argument="TIMER_NAME">
              <value xsi:type="EM:StringValue" value="ChgTimer0601"/>
            </facts>
            <facts argument="DESCRIPTION">
              <value xsi:type="EM:StringValue" value="Chg Task Pat Admit before 06/01"/>
            </facts>
            <facts argument="TIME_INTERVAL">
              <value xsi:type="EM:StringValue" value="24"/>
            </facts>
            <facts argument="TIME_UNIT">
              <value xsi:type="EM:StringValue" value="hours"/>
            </facts>
            <facts argument="DIRECTION">
              <value xsi:type="EM:StringValue" value="after"/>
            </facts>
            <facts argument="ANCHOR_DT_TM">
              <value xsi:type="EM:StringValue" value="@CCLPROGRAM:[cov_ina_chg_rule]:2"/>
            </facts>
            <facts argument="LINK">
              <value xsi:type="EM:AntecedentReference" antecedent="//@ruleDefinition/@logicSection/@logicExpression/@rightExpression/@leftExpression"/>
            </facts>
          </rightExpression>
        </logicExpression>
      </action>
    </actionSection>
  </ruleDefinition>
</EM:ExpertModule>
