<?xml version="1.0" encoding="ASCII"?>
<EM:ExpertModule xmi:version="2.0" xmlns:xmi="http://www.omg.org/XMI" xmlns:xsi="http://www.w3.org/2001/XMLSchema-instance" xmlns:EM="http:///com.cerner.expert/expertmodule/1.0.0" moduleName="COV_SZ_CODE_BLUE_ALERT">
  <information>
    <runtimeInformation versionString="001.045" externalFileName="COV_SZ_CODE_BLUE_ALERT" lastUpdated="2022-08-29T09:30:00.000-0400" validtionType="EXPIRED" title="COV_SZ_CODE_BLUE_ALERT" reconcileFlag="3" reconcileDate="2022-08-29T09:30:00.000-0400">
      <duration start="2022-06-28T00:00:00.000-0400" end="2100-01-12T23:59:59.000-0500"/>
      <updateUser userName="PARAMASIVAM, GEETHA"/>
    </runtimeInformation>
    <documentation author="Geetha Paramasivam" institution="Covenant Health" specialist=""/>
  </information>
  <expertTemplates>
    <events>
      <event name=""/>
      <event name="ADDPROBLEM"/>
      <event name="ADDTOSCRATCHPAD"/>
      <event name="ALLERGY_EVENT"/>
      <event name="AP_ORDER_EVENT"/>
      <event name="BB_RESULT_EVENT"/>
      <event name="CBTFLEXORDERS"/>
      <event name="CHART_SERVER_EVENT"/>
      <event name="CLINICALTRIALSCREEN"/>
      <event name="CLINICAL_EVENT"/>
      <event name="CLOSECHART"/>
      <event name="COLLECTION_EVENT"/>
      <event name="DCP_CN_TASK_UPD"/>
      <event name="DCP_MODTASK_EVENT"/>
      <event name="DCP_PW_COND"/>
      <event name="DCP_PW_OUTCOME_EVENT"/>
      <event name="DIAGNOSIS_EVENT"/>
      <event name="EKS_FORMAT"/>
      <event name="EKS_SYNC_TEST01"/>
      <event name="EKS_TEST_02"/>
      <event name="EKS_TEST_EVENT"/>
      <event name="EKS_TEST_EVENT01"/>
      <event name="ENSURE_EVENT"/>
      <event name="EXPERT_EVENT"/>
      <event name="HEALTHE_EVENT"/>
      <event name="HEALTH_MAINT_QUAL_EVENT"/>
      <event name="HIM_ADD_REQUEST"/>
      <event name="HIM_ADMIT_EVENT"/>
      <event name="HIM_PATIENT_INFO_REQUEST"/>
      <event name="HIM_TEST_EVENT"/>
      <event name="HL7_EVENT"/>
      <event name="MB_EXPEDITE"/>
      <event name="MB_RESULT_EVENT"/>
      <event name="MB_SCRIPTED_WORKUPS"/>
      <event name="MB_SUSCEPTIBILITY"/>
      <event name="MDI_RESULT_EVENT"/>
      <event name="MEDCHARTACTIVATE"/>
      <event name="MPI_ADT"/>
      <event name="OPENCHART"/>
      <event name="OPEN_CHART_ASYNC"/>
      <event name="ORDERDETAILSET"/>
      <event name="ORDER_EVENT"/>
      <event name="ORDER_PRO_TEST1"/>
      <event name="PATIENT_EVENT"/>
      <event name="PCA_EXPERT_EVENT"/>
      <event name="Person_Transaction"/>
      <event name="PFT_Add_Account"/>
      <event name="PFT_ADJ_WO"/>
      <event name="PFT_CHARGE_EVENT"/>
      <event name="pft_check_amount"/>
      <event name="PFT_VEHICLE"/>
      <event name="PNTFLEXREFRANGE"/>
      <event name="POWERPLANFLEX"/>
      <event name="PROBLEM_EVENT"/>
      <event name="PROFIT_1450_CLAIM_EVENT"/>
      <event name="PROFIT_1500_CLAIM_EVENT"/>
      <event name="PROVIDER_CHG_EVENT"/>
      <event name="PROVIDE_EVENT"/>
      <event name="PWRCHRT_ADD_ORDER"/>
      <event name="RESULT_EVENT"/>
      <event name="RESULT_EVENT_CSM"/>
      <event name="RESULT_EVENT_TEST"/>
      <event name="RXACLAIMSTATUS"/>
      <event name="RXADISPENSESTATUS"/>
      <event name="RXAPRODUCTSELECT"/>
      <event name="RXAWORKQUESTATUS"/>
      <event name="SAASADDTOSCRATCHPAD"/>
      <event name="SAASORDERDETAILSET"/>
      <event name="SAASSIGNORDER"/>
      <event name="SCH_ACTION_EVENT"/>
      <event name="SIGNORDER"/>
      <event name="SN New Pref Card Created"/>
      <event name="SN_CASE_CHECK_IN_EVENT"/>
      <event name="SN_CASE_EVENT"/>
      <event name="SN_CASE_SCHEDULE_EVENT"/>
      <event name="SN_DOCUMENT_OPEN"/>
      <event name="SN_DOCUMENT_STATE"/>
      <event name="SN_FINALIZE_DOC_EVENT"/>
      <event name="SN_PROCEDURE_SCHEDULE"/>
      <event name="SN_SAVE_PROCEDURE"/>
      <event name="SN_TEST_EVENT"/>
      <event name="SOCIAL_HISTORY_ADD"/>
      <event name="SYNCHEVENT"/>
      <event name="TOCFLEX"/>
      <event name="TOUCHOPENCHART"/>
    </events>
    <evokeTemplates>
      <templateDefinitions xsi:type="EM:ExpertTemplate" name="EKS_CE_RESULT_STATUS_E" definition="EVENT_SET_NAME is  in any of the statuses listed: STATUS" description="Result status" eventDependency="//@expertTemplates/@events/@event.9" optimizable="true" reconcilable="true">
        <keywords>CLINICALEVENT</keywords>
        <arguments xsi:type="EM:ReferentialArgument" name="EVENT_SET_NAME" dataType="CHARACTER" controlType="LISTBOX" validationType="READ_ONLY" required="true" optimizable="true" reconcileScript="eks_p_event_set_name" keyFieldIndex="2">
          <statements dependency="EVENT_SET_NAME" statement="EKS_ABC_REFHELP &quot;ANY&quot; GO"/>
          <statements dependency="EVENT_SET_NAME" statement="eks_event_set_name_refhelp PAR1, &quot;EVENT_SET&quot; go&#xD;&#xA;&#xD;&#xA;/* SELECT&#xD;&#xA;IF (PAR1=&quot;*ANY&quot;)&#xD;&#xA;   EVENT_SET_NAME=&quot;*ANY_EVENT_SET_NAME&quot;&#xD;&#xA; ELSEIF (PAR1=&quot;ALL&quot;)&#xD;&#xA;    EVENT_SET_NAME = V.EVENT_SET_NAME&#xD;&#xA;  FROM V500_EVENT_SET_CODE V&#xD;&#xA;  ORDER cnvtupper(V.EVENT_SET_NAME)&#xD;&#xA; ELSEIF (PAR1 != &quot;OTHER&quot;) &#xD;&#xA;    EVENT_SET_NAME = V.EVENT_SET_NAME&#xD;&#xA;  FROM V500_EVENT_SET_CODE V&#xD;&#xA;  WHERE CNVTUPPER(V.EVENT_SET_NAME) =PATSTRING(CONCAT(cnvtupper(PAR1),&quot;*&quot;))    &#xD;&#xA;  ORDER cnvtupper(V.EVENT_SET_NAME)&#xD;&#xA; ELSE&#xD;&#xA;  EVENT_SET_NAME= V.EVENT_SET_NAME&#xD;&#xA;  FROM V500_EVENT_SET_CODE V&#xD;&#xA;  WHERE CNVTUPPER(substring(1,1,V.EVENT_SET_NAME)) NOT BETWEEN &quot;0&quot; AND &quot;Z&quot;&#xD;&#xA;  ORDER cnvtupper(V.EVENT_SET_NAME)    &#xD;&#xA; ENDIF */"/>
        </arguments>
        <arguments xsi:type="EM:ReferentialArgument" name="STATUS" dataType="CHARACTER" controlType="LISTBOX" validationType="READ_ONLY" required="true" optimizable="true" reconcileScript="eks_p_codeset_cki_refhelp &quot;8&quot;,&quot;CKI&quot;,&quot;*ANY_STATUS&quot;" keyFieldIndex="2">
          <statements dependency="STATUS" statement="eks_codeset_cki_refhelp &quot;8&quot;,&quot;CKI&quot;,&quot;*ANY_STATUS&quot; go&#xD;&#xA;/*&#xD;&#xA;select distinct&#xD;&#xA;    Result_Status = if (t.seq = 1) &#xD;&#xA;              cv.description &#xD;&#xA;           else &#xD;&#xA;              &quot;*ANY_STATUS&quot;&#xD;&#xA;           endif,&#xD;&#xA; _hidden = if (t.seq = 1) &#xD;&#xA;              cv.code_value &#xD;&#xA;           else&#xD;&#xA;              0.0&#xD;&#xA;           endif&#xD;&#xA;from code_value cv, (dummyt t with seq=2)&#xD;&#xA;plan cv where cv.code_set = 8 and cv.active_ind = 1 and cv.cdf_meaning > &quot; &quot;&#xD;&#xA;join t&#xD;&#xA;order Result_Status */&#xD;&#xA;"/>
        </arguments>
      </templateDefinitions>
      <templateDefinitions xsi:type="EM:ExpertTemplate" name="EKS_DEBUGEKM_E" definition="Turn debug messaging DEBUG_STATUS" description="Turn debug messaging on or off" eventDependency="//@expertTemplates/@events/@event.1 //@expertTemplates/@events/@event.2 //@expertTemplates/@events/@event.3 //@expertTemplates/@events/@event.4 //@expertTemplates/@events/@event.5 //@expertTemplates/@events/@event.8 //@expertTemplates/@events/@event.9 //@expertTemplates/@events/@event.10 //@expertTemplates/@events/@event.11 //@expertTemplates/@events/@event.13 //@expertTemplates/@events/@event.16 //@expertTemplates/@events/@event.23 //@expertTemplates/@events/@event.26 //@expertTemplates/@events/@event.27 //@expertTemplates/@events/@event.28 //@expertTemplates/@events/@event.31 //@expertTemplates/@events/@event.32 //@expertTemplates/@events/@event.33 //@expertTemplates/@events/@event.34 //@expertTemplates/@events/@event.36 //@expertTemplates/@events/@event.38 //@expertTemplates/@events/@event.39 //@expertTemplates/@events/@event.40 //@expertTemplates/@events/@event.41 //@expertTemplates/@events/@event.43 //@expertTemplates/@events/@event.44 //@expertTemplates/@events/@event.47 //@expertTemplates/@events/@event.46 //@expertTemplates/@events/@event.50 //@expertTemplates/@events/@event.51 //@expertTemplates/@events/@event.52 //@expertTemplates/@events/@event.53 //@expertTemplates/@events/@event.57 //@expertTemplates/@events/@event.59 //@expertTemplates/@events/@event.60 //@expertTemplates/@events/@event.62 //@expertTemplates/@events/@event.63 //@expertTemplates/@events/@event.64 //@expertTemplates/@events/@event.65 //@expertTemplates/@events/@event.66 //@expertTemplates/@events/@event.67 //@expertTemplates/@events/@event.68 //@expertTemplates/@events/@event.70 //@expertTemplates/@events/@event.71 //@expertTemplates/@events/@event.72 //@expertTemplates/@events/@event.73 //@expertTemplates/@events/@event.74 //@expertTemplates/@events/@event.75 //@expertTemplates/@events/@event.76 //@expertTemplates/@events/@event.77 //@expertTemplates/@events/@event.78 //@expertTemplates/@events/@event.79 //@expertTemplates/@events/@event.81 //@expertTemplates/@events/@event.82 //@expertTemplates/@events/@event.83 //@expertTemplates/@events/@event.84 //@expertTemplates/@events/@event.49" reconcilable="true" alwaysTrue="true">
        <keywords>UTILITY</keywords>
        <arguments xsi:type="EM:ReferentialArgument" name="DEBUG_STATUS" dataType="CHARACTER" controlType="REFERENTIAL" validationType="READ_ONLY" required="true" reconcileScript="N/A" keyFieldIndex="2">
          <statements dependency="DEBUG_STATUS" statement="select debug_status = if (d.seq =  1) &quot;On for subsequent Evoke Templates&quot;&#xD;&#xA; elseif (d.seq = 2) &quot;Off for subsequent Evoke Templates&quot;&#xD;&#xA; elseif (d.seq = 3) &quot;On for all Logic Templates&quot;&#xD;&#xA; elseif (d.seq = 4) &quot;On for all Action Templates&quot;&#xD;&#xA; elseif (d.seq = 5) &quot;On for all Logic and Action Templates&quot;&#xD;&#xA; elseif (d.seq = 6) &quot;To FullAudit for this module only&quot;&#xD;&#xA; elseif (d.seq = 7) &quot;Additional EKSDATA logging&quot;&#xD;&#xA;ENDIF,&#xD;&#xA;_hidden = if (d.seq = 1) 1&#xD;&#xA; elseif (d.seq=2) 0&#xD;&#xA; elseif (d.seq=3) 2&#xD;&#xA; elseif (d.seq=4) 3&#xD;&#xA; elseif (d.seq=5) 4&#xD;&#xA; elseif (d.seq=6) 5&#xD;&#xA; elseif (d.seq=7) 6&#xD;&#xA;endif&#xD;&#xA;&#xD;&#xA;FROM (DUMMYT D WITH SEQ = VALUE(7))"/>
        </arguments>
      </templateDefinitions>
    </evokeTemplates>
    <logicTemplates>
      <templateDefinitions xsi:type="EM:ExpertTemplate" name="EKS_STOP_LOGIC_L" definition="the following templates are false, MODE logic evaluation" description="Used to control efficiency of Action Group rules" eventDependency="//@expertTemplates/@events/@event.1 //@expertTemplates/@events/@event.2 //@expertTemplates/@events/@event.3 //@expertTemplates/@events/@event.5 //@expertTemplates/@events/@event.8 //@expertTemplates/@events/@event.9 //@expertTemplates/@events/@event.10 //@expertTemplates/@events/@event.11 //@expertTemplates/@events/@event.13 //@expertTemplates/@events/@event.16 //@expertTemplates/@events/@event.23 //@expertTemplates/@events/@event.32 //@expertTemplates/@events/@event.36 //@expertTemplates/@events/@event.38 //@expertTemplates/@events/@event.40 //@expertTemplates/@events/@event.41 //@expertTemplates/@events/@event.43 //@expertTemplates/@events/@event.44 //@expertTemplates/@events/@event.51 //@expertTemplates/@events/@event.52 //@expertTemplates/@events/@event.53 //@expertTemplates/@events/@event.57 //@expertTemplates/@events/@event.59 //@expertTemplates/@events/@event.60 //@expertTemplates/@events/@event.62 //@expertTemplates/@events/@event.63 //@expertTemplates/@events/@event.64 //@expertTemplates/@events/@event.65 //@expertTemplates/@events/@event.66 //@expertTemplates/@events/@event.67 //@expertTemplates/@events/@event.68 //@expertTemplates/@events/@event.70 //@expertTemplates/@events/@event.81 //@expertTemplates/@events/@event.82 //@expertTemplates/@events/@event.83 //@expertTemplates/@events/@event.84" reconcilable="true" alwaysTrue="true">
        <keywords>UTILITY</keywords>
        <arguments xsi:type="EM:FixedListArgument" name="MODE" dataType="CHARACTER" validationType="READ_ONLY" reconcileScript="N/A">
          <defaultValue xsi:type="EM:StringValue" value="STOP"/>
          <stringTable>
            <column value="STOP"/>
            <column value=" "/>
          </stringTable>
          <stringTable>
            <column value="CONTINUE"/>
            <column value=" "/>
          </stringTable>
        </arguments>
      </templateDefinitions>
      <templateDefinitions xsi:type="EM:ExpertTemplate" name="EKS_LOGIC_TRUE" definition="LOGIC is true" description="Always true" eventDependency="//@expertTemplates/@events/@event.1 //@expertTemplates/@events/@event.2 //@expertTemplates/@events/@event.3 //@expertTemplates/@events/@event.8 //@expertTemplates/@events/@event.9 //@expertTemplates/@events/@event.10 //@expertTemplates/@events/@event.11 //@expertTemplates/@events/@event.13 //@expertTemplates/@events/@event.16 //@expertTemplates/@events/@event.23 //@expertTemplates/@events/@event.24 //@expertTemplates/@events/@event.36 //@expertTemplates/@events/@event.38 //@expertTemplates/@events/@event.40 //@expertTemplates/@events/@event.41 //@expertTemplates/@events/@event.43 //@expertTemplates/@events/@event.44 //@expertTemplates/@events/@event.51 //@expertTemplates/@events/@event.52 //@expertTemplates/@events/@event.53 //@expertTemplates/@events/@event.57 //@expertTemplates/@events/@event.59 //@expertTemplates/@events/@event.60 //@expertTemplates/@events/@event.62 //@expertTemplates/@events/@event.63 //@expertTemplates/@events/@event.64 //@expertTemplates/@events/@event.65 //@expertTemplates/@events/@event.66 //@expertTemplates/@events/@event.67 //@expertTemplates/@events/@event.68 //@expertTemplates/@events/@event.69 //@expertTemplates/@events/@event.70 //@expertTemplates/@events/@event.81 //@expertTemplates/@events/@event.82 //@expertTemplates/@events/@event.83 //@expertTemplates/@events/@event.84" reconcilable="true" alwaysTrue="true">
        <keywords>UTILITY</keywords>
        <arguments name="LOGIC" dataType="CHARACTER" reconcileScript="N/A">
          <defaultValue xsi:type="EM:StringValue" value="@quot;LOGIC@quot;"/>
        </arguments>
      </templateDefinitions>
      <templateDefinitions xsi:type="EM:ExpertTemplate" name="EKS_ENCOUNTER_LOC_DETAIL_L" definition="the patient's ENC_DETAIL that QUAL in DETAIL_VALUE for the same encounter as OPT_LINK" description="Encounter location attributes" eventDependency="//@expertTemplates/@events/@event.1 //@expertTemplates/@events/@event.2 //@expertTemplates/@events/@event.3 //@expertTemplates/@events/@event.4 //@expertTemplates/@events/@event.5 //@expertTemplates/@events/@event.8 //@expertTemplates/@events/@event.9 //@expertTemplates/@events/@event.10 //@expertTemplates/@events/@event.11 //@expertTemplates/@events/@event.13 //@expertTemplates/@events/@event.16 //@expertTemplates/@events/@event.23 //@expertTemplates/@events/@event.32 //@expertTemplates/@events/@event.34 //@expertTemplates/@events/@event.36 //@expertTemplates/@events/@event.38 //@expertTemplates/@events/@event.40 //@expertTemplates/@events/@event.41 //@expertTemplates/@events/@event.43 //@expertTemplates/@events/@event.44 //@expertTemplates/@events/@event.51 //@expertTemplates/@events/@event.52 //@expertTemplates/@events/@event.53 //@expertTemplates/@events/@event.57 //@expertTemplates/@events/@event.59 //@expertTemplates/@events/@event.62 //@expertTemplates/@events/@event.63 //@expertTemplates/@events/@event.64 //@expertTemplates/@events/@event.65 //@expertTemplates/@events/@event.66 //@expertTemplates/@events/@event.67 //@expertTemplates/@events/@event.68 //@expertTemplates/@events/@event.69 //@expertTemplates/@events/@event.70 //@expertTemplates/@events/@event.81 //@expertTemplates/@events/@event.82 //@expertTemplates/@events/@event.83 //@expertTemplates/@events/@event.84" reconcilable="true">
        <keywords>ENCOUNTER</keywords>
        <arguments xsi:type="EM:ReferentialArgument" name="ENC_DETAIL" dataType="CHARACTER" controlType="REFERENTIAL" validationType="READ_ONLY" required="true" reconcileScript="N/A" keyFieldIndex="2">
          <statements dependency="ENC_DETAIL" statement="execute EKS_T_ENC_DETAIL_REFHELP &quot;LOC&quot; go"/>
        </arguments>
        <arguments xsi:type="EM:ReferentialArgument" name="QUAL" dataType="CHARACTER" controlType="REFERENTIAL" validationType="READ_ONLY" required="true" dependency="ENC_DETAIL" reconcileScript="N/A" keyFieldIndex="2">
          <statements dependency="QUAL" statement="execute EKS_T_ENC_DETAIL_REFHELP concat(&quot;QUAL&quot;, PAR1) go"/>
        </arguments>
        <arguments xsi:type="EM:ReferentialArgument" name="DETAIL_VALUE" dataType="CHARACTER" controlType="LISTBOX" validationType="READ_ONLY" required="true" dependency="ENC_DETAIL" reconcileScript="eks_p_encDetail" keyFieldIndex="2">
          <statements dependency="DETAIL_VALUE" statement="execute EKS_T_DB_LOCATION_REFHELP &quot;0&quot; go"/>
          <statements dependency="DETAIL_VALUE" statement="execute EKS_T_DB_LOCATION_REFHELP ConCat(PAR1, &quot;^2&quot;) go"/>
          <statements dependency="DETAIL_VALUE" statement="execute EKS_T_DB_LOCATION_REFHELP ConCat(PAR1, &quot;^3&quot;) go"/>
          <statements dependency="DETAIL_VALUE" statement="execute EKS_T_DB_LOCATION_REFHELP ConCat(PAR1, &quot;^4&quot;) go"/>
          <statements dependency="DETAIL_VALUE" statement="execute EKS_T_DB_LOCATION_REFHELP ConCat(PAR1, &quot;^5&quot;) go"/>
        </arguments>
        <arguments name="OPT_LINK" dataType="LINK" controlType="TEMPLATE_REFERENCE" reconcileScript="N/A"/>
      </templateDefinitions>
      <templateDefinitions xsi:type="EM:ExpertTemplate" name="EKS_ENCOUNTER_DETAIL_L" definition="the patient's ENC_DETAIL QUAL DETAIL_VALUE for the same encounter as OPT_LINK" description="Encounter attributes" eventDependency="//@expertTemplates/@events/@event.1 //@expertTemplates/@events/@event.2 //@expertTemplates/@events/@event.3 //@expertTemplates/@events/@event.4 //@expertTemplates/@events/@event.8 //@expertTemplates/@events/@event.9 //@expertTemplates/@events/@event.10 //@expertTemplates/@events/@event.11 //@expertTemplates/@events/@event.13 //@expertTemplates/@events/@event.16 //@expertTemplates/@events/@event.23 //@expertTemplates/@events/@event.34 //@expertTemplates/@events/@event.36 //@expertTemplates/@events/@event.38 //@expertTemplates/@events/@event.40 //@expertTemplates/@events/@event.41 //@expertTemplates/@events/@event.43 //@expertTemplates/@events/@event.44 //@expertTemplates/@events/@event.51 //@expertTemplates/@events/@event.52 //@expertTemplates/@events/@event.53 //@expertTemplates/@events/@event.57 //@expertTemplates/@events/@event.59 //@expertTemplates/@events/@event.62 //@expertTemplates/@events/@event.63 //@expertTemplates/@events/@event.64 //@expertTemplates/@events/@event.65 //@expertTemplates/@events/@event.66 //@expertTemplates/@events/@event.67 //@expertTemplates/@events/@event.68 //@expertTemplates/@events/@event.70 //@expertTemplates/@events/@event.81 //@expertTemplates/@events/@event.82 //@expertTemplates/@events/@event.83 //@expertTemplates/@events/@event.84" optimizable="true" reconcilable="true">
        <keywords>ENCOUNTER</keywords>
        <arguments xsi:type="EM:ReferentialArgument" name="ENC_DETAIL" dataType="CHARACTER" controlType="REFERENTIAL" validationType="READ_ONLY" required="true" reconcileScript="N/A" keyFieldIndex="2">
          <statements dependency="ENC_DETAIL" statement="execute EKS_T_ENC_DETAIL_REFHELP &quot;HELP&quot; go"/>
        </arguments>
        <arguments xsi:type="EM:ReferentialArgument" name="QUAL" dataType="CHARACTER" controlType="REFERENTIAL" validationType="READ_ONLY" required="true" dependency="ENC_DETAIL" reconcileScript="N/A" keyFieldIndex="2">
          <statements dependency="QUAL" statement="execute EKS_T_ENC_DETAIL_REFHELP concat(&quot;QUAL&quot;, PAR1) go"/>
        </arguments>
        <arguments xsi:type="EM:ReferentialArgument" name="DETAIL_VALUE" dataType="CHARACTER" controlType="LISTBOX" validationType="READ_ONLY" required="true" dependency="ENC_DETAIL" optimizable="true" reconcileScript="eks_p_encDetail" keyFieldIndex="2">
          <statements dependency="DETAIL_VALUE" statement="execute EKS_T_ENC_DETAIL_REFHELP concat(&quot;VALUE&quot;, PAR1) go"/>
        </arguments>
        <arguments name="OPT_LINK" dataType="LINK" controlType="TEMPLATE_REFERENCE" reconcileScript="N/A"/>
      </templateDefinitions>
      <templateDefinitions xsi:type="EM:ExpertTemplate" name="EKS_CE_RESULTA_END_TIME_L" definition="a STATUS result exists for EVENT_SET_NAME that is OPT_EVALUATION, OPT_VALUE1 with an event end time within OPT_TIME_NUM, OPT_TIME_UNIT, OPT_DIRECTION, OPT_LINK's event end time." description="Alpha result value, status, event end time" recommeded="CAUTION" eventDependency="//@expertTemplates/@events/@event.1 //@expertTemplates/@events/@event.2 //@expertTemplates/@events/@event.3 //@expertTemplates/@events/@event.8 //@expertTemplates/@events/@event.9 //@expertTemplates/@events/@event.10 //@expertTemplates/@events/@event.13 //@expertTemplates/@events/@event.16 //@expertTemplates/@events/@event.23 //@expertTemplates/@events/@event.36 //@expertTemplates/@events/@event.38 //@expertTemplates/@events/@event.40 //@expertTemplates/@events/@event.41 //@expertTemplates/@events/@event.43 //@expertTemplates/@events/@event.44 //@expertTemplates/@events/@event.51 //@expertTemplates/@events/@event.52 //@expertTemplates/@events/@event.53 //@expertTemplates/@events/@event.57 //@expertTemplates/@events/@event.59 //@expertTemplates/@events/@event.62 //@expertTemplates/@events/@event.63 //@expertTemplates/@events/@event.64 //@expertTemplates/@events/@event.65 //@expertTemplates/@events/@event.66 //@expertTemplates/@events/@event.67 //@expertTemplates/@events/@event.68 //@expertTemplates/@events/@event.70 //@expertTemplates/@events/@event.81 //@expertTemplates/@events/@event.82 //@expertTemplates/@events/@event.83 //@expertTemplates/@events/@event.84" optimizable="true" reconcilable="true">
        <keywords>CLINICALEVENT</keywords>
        <arguments xsi:type="EM:ReferentialArgument" name="STATUS" dataType="CHARACTER" controlType="LISTBOX" validationType="READ_ONLY" required="true" optimizable="true" reconcileScript="eks_p_codeset_cki_refhelp &quot;8&quot;,&quot;CKI&quot;,&quot;*ANY_STATUS&quot;" keyFieldIndex="2">
          <statements dependency="STATUS" statement="eks_codeset_cki_refhelp &quot;8&quot;,&quot;CKI&quot;,&quot;*ANY_STATUS&quot; go"/>
        </arguments>
        <arguments xsi:type="EM:ReferentialArgument" name="EVENT_SET_NAME" dataType="CHARACTER" controlType="LISTBOX" validationType="READ_ONLY" required="true" optimizable="true" reconcileScript="eks_p_event_set_name" keyFieldIndex="2">
          <statements dependency="EVENT_SET_NAME" statement="EKS_abc_refhelp &quot;ANY&quot; go"/>
          <statements dependency="EVENT_SET_NAME" statement="eks_event_set_name_refhelp PAR1, &quot;EVENT_SET&quot; go"/>
        </arguments>
        <arguments xsi:type="EM:FixedListArgument" name="OPT_EVALUATION" dataType="CHARACTER" validationType="READ_ONLY" reconcileScript="N/A">
          <stringTable>
            <column value="equal to"/>
            <column value="alpha"/>
          </stringTable>
          <stringTable>
            <column value="not equal to "/>
            <column value="alpha"/>
          </stringTable>
        </arguments>
        <arguments xsi:type="EM:ReferentialArgument" name="OPT_VALUE1" dataType="CHARACTER" controlType="LISTBOX" validationType="READ_ONLY" reconcileScript="N/A">
          <statements dependency="OPT_VALUE1" statement="EKS_ABC_REFHELP &quot; &quot; GO"/>
          <statements dependency="OPT_VALUE1" statement="SELECT&#xD;&#xA; IF (PAR1=&quot;ALL&quot;)&#xD;&#xA;  from nomenclature n,code_value cv&#xD;&#xA;  plan cv where cv.code_set=401 and cv.cdf_meaning =&quot;ALPHA RESPON&quot;&#xD;&#xA;  join n where n.active_ind=1 and n.principle_type_cd=cv.code_value&#xD;&#xA;   and n.beg_effective_dt_tm &lt;= cnvtdatetime(curdate, curtime3)&#xD;&#xA;   and n.end_effective_dt_tm >= cnvtdatetime(curdate, curtime3)&#xD;&#xA;   and n.source_string != &quot; &quot;&#xD;&#xA; ELSEIF (PAR1 != &quot;OTHER&quot;) &#xD;&#xA;  from nomenclature n,code_value cv&#xD;&#xA;  plan cv where cv.code_set=401 and cv.cdf_meaning =&quot;ALPHA RESPON&quot;&#xD;&#xA;  join n where n.active_ind=1 and n.principle_type_cd=cv.code_value&#xD;&#xA;   and n.beg_effective_dt_tm &lt;= cnvtdatetime(curdate, curtime3)&#xD;&#xA;   and n.end_effective_dt_tm >= cnvtdatetime(curdate, curtime3)&#xD;&#xA;   and n.source_string != &quot; &quot;&#xD;&#xA;   and CNVTUPPER(n.source_string)=PATSTRING(CONCAT(cnvtupper(PAR1),&quot;*&quot;))    &#xD;&#xA; ELSE&#xD;&#xA;  from nomenclature n,code_value cv&#xD;&#xA;  plan cv where cv.code_set=401 and cv.cdf_meaning =&quot;ALPHA RESPON&quot;&#xD;&#xA;  join n where n.active_ind=1 and n.principle_type_cd=cv.code_value&#xD;&#xA;   and n.beg_effective_dt_tm &lt;= cnvtdatetime(curdate, curtime3)&#xD;&#xA;   and n.end_effective_dt_tm >= cnvtdatetime(curdate, curtime3)&#xD;&#xA;   and n.source_string != &quot; &quot;&#xD;&#xA;   and  CNVTUPPER(substring(1,1,n.source_string)) NOT BETWEEN &quot;0&quot; AND &quot;Z&quot;&#xD;&#xA; ENDIF&#xD;&#xA;STRING = n.source_string&#xD;&#xA;ORDER cnvtupper(n.source_string)"/>
        </arguments>
        <arguments name="OPT_TIME_NUM" dataType="CHARACTER" reconcileScript="N/A"/>
        <arguments xsi:type="EM:FixedListArgument" name="OPT_TIME_UNIT" dataType="CHARACTER" validationType="READ_ONLY" reconcileScript="N/A">
          <stringTable>
            <column value="minutes"/>
            <column value="minutes"/>
          </stringTable>
          <stringTable>
            <column value="hours"/>
            <column value="hours"/>
          </stringTable>
          <stringTable>
            <column value="days"/>
            <column value="days"/>
          </stringTable>
        </arguments>
        <arguments xsi:type="EM:FixedListArgument" name="OPT_DIRECTION" dataType="CHARACTER" validationType="READ_ONLY" reconcileScript="N/A">
          <stringTable>
            <column value="before"/>
            <column value="before"/>
          </stringTable>
          <stringTable>
            <column value="after"/>
            <column value="after"/>
          </stringTable>
          <stringTable>
            <column value="before or after"/>
            <column value="before or after"/>
          </stringTable>
        </arguments>
        <arguments name="OPT_LINK" dataType="LINK" controlType="TEMPLATE_REFERENCE" reconcileScript="N/A"/>
      </templateDefinitions>
      <templateDefinitions xsi:type="EM:ExpertTemplate" name="PHI_FIND_PASSIVE_ALERT" definition="Patient has Alert with text ALERT_TEXT, SEARCH_OPTION" description="Finds if a particular alert text for the patient exists" eventDependency="//@expertTemplates/@events/@event.3 //@expertTemplates/@events/@event.5 //@expertTemplates/@events/@event.9 //@expertTemplates/@events/@event.11 //@expertTemplates/@events/@event.16 //@expertTemplates/@events/@event.23 //@expertTemplates/@events/@event.41 //@expertTemplates/@events/@event.43 //@expertTemplates/@events/@event.53 //@expertTemplates/@events/@event.59 //@expertTemplates/@events/@event.81">
        <keywords></keywords>
        <arguments name="ALERT_TEXT" dataType="CHARACTER" validationType="MAX_LENGTH" required="true"/>
        <arguments xsi:type="EM:FixedListArgument" name="SEARCH_OPTION" dataType="CHARACTER" validationType="READ_ONLY">
          <defaultValue xsi:type="EM:StringValue" value="EXACT"/>
          <stringTable>
            <column value="EXACT"/>
            <column value="Alert text containing the exact text"/>
          </stringTable>
          <stringTable>
            <column value="STARTS_WITH"/>
            <column value="Alert text that starts with"/>
          </stringTable>
        </arguments>
      </templateDefinitions>
      <templateDefinitions xsi:type="EM:ExpertTemplate" name="EKS_EXEC_CCL_L" definition="Execute PROGRAM_NAME with parameters OPT_PARAM and link to OPT_LINK" description="Execute CCL program" eventDependency="//@expertTemplates/@events/@event.1 //@expertTemplates/@events/@event.2 //@expertTemplates/@events/@event.3 //@expertTemplates/@events/@event.4 //@expertTemplates/@events/@event.5 //@expertTemplates/@events/@event.8 //@expertTemplates/@events/@event.9 //@expertTemplates/@events/@event.10 //@expertTemplates/@events/@event.11 //@expertTemplates/@events/@event.13 //@expertTemplates/@events/@event.16 //@expertTemplates/@events/@event.23 //@expertTemplates/@events/@event.32 //@expertTemplates/@events/@event.34 //@expertTemplates/@events/@event.36 //@expertTemplates/@events/@event.38 //@expertTemplates/@events/@event.40 //@expertTemplates/@events/@event.41 //@expertTemplates/@events/@event.43 //@expertTemplates/@events/@event.44 //@expertTemplates/@events/@event.51 //@expertTemplates/@events/@event.52 //@expertTemplates/@events/@event.53 //@expertTemplates/@events/@event.57 //@expertTemplates/@events/@event.58 //@expertTemplates/@events/@event.59 //@expertTemplates/@events/@event.60 //@expertTemplates/@events/@event.62 //@expertTemplates/@events/@event.63 //@expertTemplates/@events/@event.64 //@expertTemplates/@events/@event.65 //@expertTemplates/@events/@event.66 //@expertTemplates/@events/@event.67 //@expertTemplates/@events/@event.68 //@expertTemplates/@events/@event.69 //@expertTemplates/@events/@event.70 //@expertTemplates/@events/@event.81 //@expertTemplates/@events/@event.82 //@expertTemplates/@events/@event.83 //@expertTemplates/@events/@event.84" reconcilable="true">
        <keywords>UTILITY</keywords>
        <arguments name="PROGRAM_NAME" dataType="CHARACTER" required="true" reconcileScript="eks_p_checkprg"/>
        <arguments name="OPT_PARAM" dataType="CHARACTER" reconcileScript="N/A"/>
        <arguments name="OPT_LINK" dataType="LINK" controlType="TEMPLATE_REFERENCE" reconcileScript="N/A"/>
      </templateDefinitions>
      <templateDefinitions xsi:type="EM:ExpertTemplate" name="EKS_BUILD_PARAM_L" definition="ACTION a dynamic parameter named PARAMNAME with a value of PARAMVALUE. And OPT_SUBSTITUTION resolve substitution value." description="Create or add to a dynamic parameter to be used by subsequent templates." eventDependency="//@expertTemplates/@events/@event.1 //@expertTemplates/@events/@event.2 //@expertTemplates/@events/@event.3 //@expertTemplates/@events/@event.8 //@expertTemplates/@events/@event.9 //@expertTemplates/@events/@event.10 //@expertTemplates/@events/@event.11 //@expertTemplates/@events/@event.13 //@expertTemplates/@events/@event.16 //@expertTemplates/@events/@event.23 //@expertTemplates/@events/@event.32 //@expertTemplates/@events/@event.34 //@expertTemplates/@events/@event.36 //@expertTemplates/@events/@event.38 //@expertTemplates/@events/@event.40 //@expertTemplates/@events/@event.41 //@expertTemplates/@events/@event.43 //@expertTemplates/@events/@event.44 //@expertTemplates/@events/@event.51 //@expertTemplates/@events/@event.52 //@expertTemplates/@events/@event.53 //@expertTemplates/@events/@event.57 //@expertTemplates/@events/@event.59 //@expertTemplates/@events/@event.60 //@expertTemplates/@events/@event.62 //@expertTemplates/@events/@event.63 //@expertTemplates/@events/@event.64 //@expertTemplates/@events/@event.65 //@expertTemplates/@events/@event.66 //@expertTemplates/@events/@event.67 //@expertTemplates/@events/@event.68 //@expertTemplates/@events/@event.70 //@expertTemplates/@events/@event.81 //@expertTemplates/@events/@event.82 //@expertTemplates/@events/@event.83 //@expertTemplates/@events/@event.84" reconcilable="true" alwaysTrue="true">
        <keywords>UTILITY</keywords>
        <arguments xsi:type="EM:ReferentialArgument" name="ACTION" dataType="CHARACTER" controlType="REFERENTIAL" validationType="READ_ONLY" required="true" reconcileScript="N/A" keyFieldIndex="2">
          <statements dependency="ACTION" statement="select action = if (d.seq =  1) &quot;Create&quot;&#xD;&#xA;         elseif (d.seq =  2) &quot;Append To&quot;&#xD;&#xA;         ENDIF,&#xD;&#xA;         _hidden = if (d.seq =  1) &quot;1&quot;&#xD;&#xA;         elseif (d.seq =  2) &quot;2&quot;&#xD;&#xA;         ENDIF&#xD;&#xA;&#xD;&#xA;FROM (DUMMYT D WITH SEQ = VALUE(2))"/>
        </arguments>
        <arguments name="PARAMNAME" dataType="CHARACTER" required="true" reconcileScript="N/A"/>
        <arguments xsi:type="EM:ReferentialArgument" name="PARAMVALUE" dataType="CHARACTER" controlType="LISTBOX" validationType="READ_ONLY" required="true" reconcileScript="N/A" keyFieldIndex="2">
          <statements dependency="PARAMVALUE" statement="select param_value =&quot;Double click in lower box to enter a freetext value, or right click and paste values that have been copied&quot;, _hidden = &quot; &quot; from (dummyt d with seq = 1)"/>
        </arguments>
        <arguments xsi:type="EM:FixedListArgument" name="OPT_SUBSTITUTION" dataType="CHARACTER" validationType="READ_ONLY" reconcileScript="N/A">
          <defaultValue xsi:type="EM:StringValue" value="do not"/>
          <stringTable>
            <column value="do"/>
            <column value="do"/>
          </stringTable>
          <stringTable>
            <column value="do not"/>
            <column value="do not"/>
          </stringTable>
        </arguments>
      </templateDefinitions>
    </logicTemplates>
    <actionTemplates>
      <templateDefinitions xsi:type="EM:ExpertTemplate" name="PHI_REMOVE_PASSIVE_ALERT" definition="Remove ALERT_TEXT for person LINK using SEARCH_OPTION match." description="Remove non time sensitive alerts from the SmartZone once they have been addressed." eventDependency="//@expertTemplates/@events/@event.3 //@expertTemplates/@events/@event.5 //@expertTemplates/@events/@event.9 //@expertTemplates/@events/@event.11 //@expertTemplates/@events/@event.16 //@expertTemplates/@events/@event.23 //@expertTemplates/@events/@event.41 //@expertTemplates/@events/@event.43 //@expertTemplates/@events/@event.53 //@expertTemplates/@events/@event.59 //@expertTemplates/@events/@event.81">
        <keywords></keywords>
        <arguments name="ALERT_TEXT" dataType="CHARACTER" validationType="MAX_LENGTH" required="true"/>
        <arguments name="LINK" dataType="LINK" controlType="TEMPLATE_REFERENCE" required="true"/>
        <arguments xsi:type="EM:FixedListArgument" name="SEARCH_OPTION" dataType="CHARACTER" validationType="READ_ONLY">
          <defaultValue xsi:type="EM:StringValue" value="EXACT"/>
          <stringTable>
            <column value="EXACT"/>
            <column value="Alert text containing the exact text"/>
          </stringTable>
          <stringTable>
            <column value="STARTS_WITH"/>
            <column value="Alert text that starts with"/>
          </stringTable>
        </arguments>
      </templateDefinitions>
      <templateDefinitions xsi:type="EM:ExpertTemplate" name="PHI_ADD_PASSIVE_ALERT" definition="Add ALERT_TEXT for person LINK with CATEGORY, POSITION, OPT_ACTION_TYPE, OPT_ACTION_PARAM, OPT_EXPIRE_VALUE, OPT_EXPIRE_UNIT, OPT_PATIENT_LEVEL, OPT_ALLOW_USER_DISMISS  " description="Divert non time sensitive alerts within clinical workflow to Smartzone so that they are passive, highly visible, intuitive and non-intrusive." eventDependency="//@expertTemplates/@events/@event.3 //@expertTemplates/@events/@event.5 //@expertTemplates/@events/@event.9 //@expertTemplates/@events/@event.11 //@expertTemplates/@events/@event.16 //@expertTemplates/@events/@event.23 //@expertTemplates/@events/@event.41 //@expertTemplates/@events/@event.43 //@expertTemplates/@events/@event.53 //@expertTemplates/@events/@event.59 //@expertTemplates/@events/@event.81">
        <keywords></keywords>
        <arguments name="ALERT_TEXT" dataType="CHARACTER" validationType="MAX_LENGTH" required="true"/>
        <arguments name="LINK" dataType="LINK" controlType="TEMPLATE_REFERENCE" required="true"/>
        <arguments xsi:type="EM:ReferentialArgument" name="CATEGORY" dataType="CHARACTER" controlType="REFERENTIAL" validationType="READ_ONLY" required="true" keyFieldIndex="2">
          <statements dependency="CATEGORY" statement="eks_codeset_cki_refhelp &quot;4132000&quot;,&quot;&quot;,&quot;&quot; go"/>
        </arguments>
        <arguments xsi:type="EM:ReferentialArgument" name="POSITION" dataType="CHARACTER" controlType="LISTBOX" validationType="READ_ONLY" required="true" keyFieldIndex="2">
          <statements dependency="POSITION" statement="eks_codeset_cki_refhelp &quot;88&quot;,&quot;CKI&quot;,&quot;*ALL&quot; go"/>
        </arguments>
        <arguments xsi:type="EM:ReferentialArgument" name="OPT_ACTION_TYPE" dataType="CHARACTER" controlType="REFERENTIAL" validationType="READ_ONLY">
          <statements dependency="OPT_ACTION_TYPE" statement="PHI_ACTION_TYPE_REFHELP &quot;&quot; GO"/>
        </arguments>
        <arguments name="OPT_ACTION_PARAM" dataType="CHARACTER"/>
        <arguments name="OPT_EXPIRE_VALUE"/>
        <arguments xsi:type="EM:ReferentialArgument" name="OPT_EXPIRE_UNIT" dataType="CHARACTER" controlType="REFERENTIAL" validationType="READ_ONLY">
          <statements dependency="OPT_EXPIRE_UNIT" statement="PHI_EXPIRE_UNIT_REFHELP &quot;&quot; GO"/>
        </arguments>
        <arguments xsi:type="EM:FixedListArgument" name="OPT_PATIENT_LEVEL" dataType="CHARACTER" validationType="READ_ONLY">
          <defaultValue xsi:type="EM:StringValue" value="NO"/>
          <stringTable>
            <column value="NO"/>
            <column value="Add alert at encounter level"/>
          </stringTable>
          <stringTable>
            <column value="YES"/>
            <column value="Add alert at patient level"/>
          </stringTable>
        </arguments>
        <arguments xsi:type="EM:FixedListArgument" name="OPT_ALLOW_USER_DISMISS" dataType="CHARACTER" validationType="READ_ONLY">
          <defaultValue xsi:type="EM:StringValue" value="NO"/>
          <stringTable>
            <column value="YES"/>
            <column value="Alert can be dismissed by the user within SmartZone"/>
          </stringTable>
          <stringTable>
            <column value="NO"/>
            <column value="Alert cannot be dismissed by the user within SmartZone"/>
          </stringTable>
        </arguments>
      </templateDefinitions>
      <templateDefinitions xsi:type="EM:ExpertTemplate" name="EKS_LOG_ACTION_A" definition="Log action with name ACTION_NAME" description="Log action with name ACTION_NAME" eventDependency="//@expertTemplates/@events/@event.2 //@expertTemplates/@events/@event.3 //@expertTemplates/@events/@event.9 //@expertTemplates/@events/@event.10 //@expertTemplates/@events/@event.11 //@expertTemplates/@events/@event.13 //@expertTemplates/@events/@event.16 //@expertTemplates/@events/@event.23 //@expertTemplates/@events/@event.36 //@expertTemplates/@events/@event.38 //@expertTemplates/@events/@event.40 //@expertTemplates/@events/@event.41 //@expertTemplates/@events/@event.43 //@expertTemplates/@events/@event.44 //@expertTemplates/@events/@event.53 //@expertTemplates/@events/@event.57 //@expertTemplates/@events/@event.59 //@expertTemplates/@events/@event.62 //@expertTemplates/@events/@event.63 //@expertTemplates/@events/@event.64 //@expertTemplates/@events/@event.65 //@expertTemplates/@events/@event.66 //@expertTemplates/@events/@event.67 //@expertTemplates/@events/@event.68 //@expertTemplates/@events/@event.70 //@expertTemplates/@events/@event.81 //@expertTemplates/@events/@event.82 //@expertTemplates/@events/@event.84" reconcilable="true" alwaysTrue="true">
        <keywords>UTILITY</keywords>
        <arguments xsi:type="EM:ReferentialArgument" name="ACTION_NAME" dataType="CHARACTER" controlType="LISTBOX" validationType="READ_ONLY" required="true" reconcileScript="eks_p_moduleName" keyFieldIndex="2">
          <statements dependency="ACTION_NAME" statement="execute eks_t_dlg_refhelp &quot;step0^&quot; go"/>
          <statements dependency="ACTION_NAME" statement="execute eks_t_dlg_refhelp concat(&quot;step1^&quot;, PAR1) go"/>
        </arguments>
      </templateDefinitions>
    </actionTemplates>
  </expertTemplates>
  <ruleDefinition>
    <evokeSection>
      <evokes evokeEvent="//@expertTemplates/@events/@event.9">
        <logicExpression xsi:type="EM:InfixExpression">
          <leftExpression xsi:type="EM:Antecedent" id="E1" template="EKS_CE_RESULT_STATUS_E">
            <facts argument="EVENT_SET_NAME">
              <value xsi:type="EM:ListValue">
                <values xsi:type="EM:ListValue">
                  <values xsi:type="EM:CustomValue" hideDisplay="true">
                    <customValue xsi:type="EM:StringValue" value="Date, Time of Cardiopulmonary Arrest"/>
                  </values>
                  <values xsi:type="EM:StringValue" value="Date, Time of Cardiopulmonary Arrest"/>
                  <values xsi:type="EM:ListValue">
                    <values xsi:type="EM:CustomValue" hideDisplay="true">
                      <customValue xsi:type="EM:StringValue" value="D"/>
                    </values>
                  </values>
                </values>
              </value>
            </facts>
            <facts argument="STATUS">
              <value xsi:type="EM:ListValue">
                <values xsi:type="EM:ListValue">
                  <values xsi:type="EM:CustomValue" hideDisplay="true">
                    <customValue xsi:type="EM:StringValue" value="CDF8:ACTIVE"/>
                  </values>
                  <values xsi:type="EM:StringValue" value="Active"/>
                </values>
                <values xsi:type="EM:ListValue">
                  <values xsi:type="EM:CustomValue" hideDisplay="true">
                    <customValue xsi:type="EM:StringValue" value="CDF8:AUTH"/>
                  </values>
                  <values xsi:type="EM:StringValue" value="Auth (Verified)"/>
                </values>
                <values xsi:type="EM:ListValue">
                  <values xsi:type="EM:CustomValue" hideDisplay="true">
                    <customValue xsi:type="EM:StringValue" value="CDF8:ALTERED"/>
                  </values>
                  <values xsi:type="EM:StringValue" value="Modified"/>
                </values>
                <values xsi:type="EM:ListValue">
                  <values xsi:type="EM:CustomValue" hideDisplay="true">
                    <customValue xsi:type="EM:StringValue" value="CDF8:MODIFIED"/>
                  </values>
                  <values xsi:type="EM:StringValue" value="Modified"/>
                </values>
              </value>
            </facts>
          </leftExpression>
          <rightExpression xsi:type="EM:Antecedent" id="E2" template="EKS_DEBUGEKM_E">
            <facts argument="DEBUG_STATUS">
              <value xsi:type="EM:ListValue">
                <values xsi:type="EM:ListValue">
                  <values xsi:type="EM:CustomValue" hideDisplay="true">
                    <customValue xsi:type="EM:StringValue" value="5"/>
                  </values>
                  <values xsi:type="EM:StringValue" value="To FullAudit for this module only"/>
                </values>
              </value>
            </facts>
          </rightExpression>
        </logicExpression>
      </evokes>
    </evokeSection>
    <logicSection>
      <logicExpression xsi:type="EM:InfixExpression">
        <leftExpression xsi:type="EM:Antecedent" id="L1" template="EKS_STOP_LOGIC_L">
          <facts argument="MODE">
            <value xsi:type="EM:StringValue" value="STOP"/>
          </facts>
        </leftExpression>
        <rightExpression xsi:type="EM:InfixExpression">
          <leftExpression xsi:type="EM:Antecedent" alias="PatientInfo" id="L2" template="EKS_LOGIC_TRUE">
            <facts argument="LOGIC">
              <value xsi:type="EM:StringValue" value="@quot;LOGIC@quot;"/>
            </facts>
          </leftExpression>
          <rightExpression xsi:type="EM:InfixExpression">
            <leftExpression xsi:type="EM:Antecedent" alias="Location" id="L3" template="EKS_ENCOUNTER_LOC_DETAIL_L">
              <facts argument="ENC_DETAIL">
                <value xsi:type="EM:ListValue">
                  <values xsi:type="EM:ListValue">
                    <values xsi:type="EM:CustomValue" hideDisplay="true">
                      <customValue xsi:type="EM:StringValue" value="LOC_FACILITY_CD\220"/>
                    </values>
                    <values xsi:type="EM:StringValue" value="Location Facility"/>
                  </values>
                </value>
              </facts>
              <facts argument="QUAL">
                <value xsi:type="EM:ListValue">
                  <values xsi:type="EM:ListValue">
                    <values xsi:type="EM:CustomValue" hideDisplay="true">
                      <customValue xsi:type="EM:StringValue" value="="/>
                    </values>
                    <values xsi:type="EM:StringValue" value="is listed"/>
                  </values>
                </value>
              </facts>
              <facts argument="DETAIL_VALUE">
                <value xsi:type="EM:ListValue">
                  <values xsi:type="EM:ListValue">
                    <values xsi:type="EM:CustomValue" hideDisplay="true">
                      <customValue xsi:type="EM:StringValue" value="21250403"/>
                    </values>
                    <values xsi:type="EM:StringValue" value="FSR"/>
                    <values xsi:type="EM:ListValue">
                      <values xsi:type="EM:CustomValue" hideDisplay="true">
                        <customValue xsi:type="EM:StringValue" value="21250403^FSR^1"/>
                      </values>
                      <values xsi:type="EM:CustomValue" hideDisplay="true">
                        <customValue xsi:type="EM:StringValue" value="21250403^FSR^1"/>
                      </values>
                      <values xsi:type="EM:CustomValue" hideDisplay="true">
                        <customValue xsi:type="EM:StringValue" value="21250403^FSR^1"/>
                      </values>
                      <values xsi:type="EM:CustomValue" hideDisplay="true">
                        <customValue xsi:type="EM:StringValue" value="21250403^FSR^1"/>
                      </values>
                    </values>
                  </values>
                  <values xsi:type="EM:ListValue">
                    <values xsi:type="EM:CustomValue" hideDisplay="true">
                      <customValue xsi:type="EM:StringValue" value="2552503645"/>
                    </values>
                    <values xsi:type="EM:StringValue" value="PW"/>
                    <values xsi:type="EM:ListValue">
                      <values xsi:type="EM:CustomValue" hideDisplay="true">
                        <customValue xsi:type="EM:StringValue" value="2552503645^PW^1"/>
                      </values>
                      <values xsi:type="EM:CustomValue" hideDisplay="true">
                        <customValue xsi:type="EM:StringValue" value="2552503645^PW^1"/>
                      </values>
                      <values xsi:type="EM:CustomValue" hideDisplay="true">
                        <customValue xsi:type="EM:StringValue" value="2552503645^PW^1"/>
                      </values>
                      <values xsi:type="EM:CustomValue" hideDisplay="true">
                        <customValue xsi:type="EM:StringValue" value="2552503645^PW^1"/>
                      </values>
                    </values>
                  </values>
                  <values xsi:type="EM:ListValue">
                    <values xsi:type="EM:CustomValue" hideDisplay="true">
                      <customValue xsi:type="EM:StringValue" value="2552503649"/>
                    </values>
                    <values xsi:type="EM:StringValue" value="RMC"/>
                    <values xsi:type="EM:ListValue">
                      <values xsi:type="EM:CustomValue" hideDisplay="true">
                        <customValue xsi:type="EM:StringValue" value="2552503649^RMC^1"/>
                      </values>
                      <values xsi:type="EM:CustomValue" hideDisplay="true">
                        <customValue xsi:type="EM:StringValue" value="2552503649^RMC^1"/>
                      </values>
                      <values xsi:type="EM:CustomValue" hideDisplay="true">
                        <customValue xsi:type="EM:StringValue" value="2552503649^RMC^1"/>
                      </values>
                      <values xsi:type="EM:CustomValue" hideDisplay="true">
                        <customValue xsi:type="EM:StringValue" value="2552503649^RMC^1"/>
                      </values>
                    </values>
                  </values>
                  <values xsi:type="EM:ListValue">
                    <values xsi:type="EM:CustomValue" hideDisplay="true">
                      <customValue xsi:type="EM:StringValue" value="2552503653"/>
                    </values>
                    <values xsi:type="EM:StringValue" value="LCMC"/>
                    <values xsi:type="EM:ListValue">
                      <values xsi:type="EM:CustomValue" hideDisplay="true">
                        <customValue xsi:type="EM:StringValue" value="2552503653^LCMC^1"/>
                      </values>
                      <values xsi:type="EM:CustomValue" hideDisplay="true">
                        <customValue xsi:type="EM:StringValue" value="2552503653^LCMC^1"/>
                      </values>
                      <values xsi:type="EM:CustomValue" hideDisplay="true">
                        <customValue xsi:type="EM:StringValue" value="2552503653^LCMC^1"/>
                      </values>
                      <values xsi:type="EM:CustomValue" hideDisplay="true">
                        <customValue xsi:type="EM:StringValue" value="2552503653^LCMC^1"/>
                      </values>
                    </values>
                  </values>
                  <values xsi:type="EM:ListValue">
                    <values xsi:type="EM:CustomValue" hideDisplay="true">
                      <customValue xsi:type="EM:StringValue" value="2552503635"/>
                    </values>
                    <values xsi:type="EM:StringValue" value="FLMC"/>
                    <values xsi:type="EM:ListValue">
                      <values xsi:type="EM:CustomValue" hideDisplay="true">
                        <customValue xsi:type="EM:StringValue" value="2552503635^FLMC^1"/>
                      </values>
                      <values xsi:type="EM:CustomValue" hideDisplay="true">
                        <customValue xsi:type="EM:StringValue" value="2552503635^FLMC^1"/>
                      </values>
                      <values xsi:type="EM:CustomValue" hideDisplay="true">
                        <customValue xsi:type="EM:StringValue" value="2552503635^FLMC^1"/>
                      </values>
                      <values xsi:type="EM:CustomValue" hideDisplay="true">
                        <customValue xsi:type="EM:StringValue" value="2552503635^FLMC^1"/>
                      </values>
                    </values>
                  </values>
                  <values xsi:type="EM:ListValue">
                    <values xsi:type="EM:CustomValue" hideDisplay="true">
                      <customValue xsi:type="EM:StringValue" value="2552503613"/>
                    </values>
                    <values xsi:type="EM:StringValue" value="MMC"/>
                    <values xsi:type="EM:ListValue">
                      <values xsi:type="EM:CustomValue" hideDisplay="true">
                        <customValue xsi:type="EM:StringValue" value="2552503613^MMC^1"/>
                      </values>
                      <values xsi:type="EM:CustomValue" hideDisplay="true">
                        <customValue xsi:type="EM:StringValue" value="2552503613^MMC^1"/>
                      </values>
                      <values xsi:type="EM:CustomValue" hideDisplay="true">
                        <customValue xsi:type="EM:StringValue" value="2552503613^MMC^1"/>
                      </values>
                      <values xsi:type="EM:CustomValue" hideDisplay="true">
                        <customValue xsi:type="EM:StringValue" value="2552503613^MMC^1"/>
                      </values>
                    </values>
                  </values>
                  <values xsi:type="EM:ListValue">
                    <values xsi:type="EM:CustomValue" hideDisplay="true">
                      <customValue xsi:type="EM:StringValue" value="2552503639"/>
                    </values>
                    <values xsi:type="EM:StringValue" value="MHHS"/>
                    <values xsi:type="EM:ListValue">
                      <values xsi:type="EM:CustomValue" hideDisplay="true">
                        <customValue xsi:type="EM:StringValue" value="2552503639^MHHS^1"/>
                      </values>
                      <values xsi:type="EM:CustomValue" hideDisplay="true">
                        <customValue xsi:type="EM:StringValue" value="2552503639^MHHS^1"/>
                      </values>
                      <values xsi:type="EM:CustomValue" hideDisplay="true">
                        <customValue xsi:type="EM:StringValue" value="2552503639^MHHS^1"/>
                      </values>
                      <values xsi:type="EM:CustomValue" hideDisplay="true">
                        <customValue xsi:type="EM:StringValue" value="2552503639^MHHS^1"/>
                      </values>
                    </values>
                  </values>
                  <values xsi:type="EM:ListValue">
                    <values xsi:type="EM:CustomValue" hideDisplay="true">
                      <customValue xsi:type="EM:StringValue" value="2552503657"/>
                    </values>
                    <values xsi:type="EM:StringValue" value="CMC"/>
                    <values xsi:type="EM:ListValue">
                      <values xsi:type="EM:CustomValue" hideDisplay="true">
                        <customValue xsi:type="EM:StringValue" value="2552503657^CMC^1"/>
                      </values>
                      <values xsi:type="EM:CustomValue" hideDisplay="true">
                        <customValue xsi:type="EM:StringValue" value="2552503657^CMC^1"/>
                      </values>
                      <values xsi:type="EM:CustomValue" hideDisplay="true">
                        <customValue xsi:type="EM:StringValue" value="2552503657^CMC^1"/>
                      </values>
                      <values xsi:type="EM:CustomValue" hideDisplay="true">
                        <customValue xsi:type="EM:StringValue" value="2552503657^CMC^1"/>
                      </values>
                    </values>
                  </values>
                  <values xsi:type="EM:ListValue">
                    <values xsi:type="EM:CustomValue" hideDisplay="true">
                      <customValue xsi:type="EM:StringValue" value="2553765531"/>
                    </values>
                    <values xsi:type="EM:StringValue" value="PW Senior Behav"/>
                    <values xsi:type="EM:ListValue">
                      <values xsi:type="EM:CustomValue" hideDisplay="true">
                        <customValue xsi:type="EM:StringValue" value="2553765531^PW Senior Behav^1"/>
                      </values>
                      <values xsi:type="EM:CustomValue" hideDisplay="true">
                        <customValue xsi:type="EM:StringValue" value="2553765531^PW Senior Behav^1"/>
                      </values>
                      <values xsi:type="EM:CustomValue" hideDisplay="true">
                        <customValue xsi:type="EM:StringValue" value="2553765531^PW Senior Behav^1"/>
                      </values>
                      <values xsi:type="EM:CustomValue" hideDisplay="true">
                        <customValue xsi:type="EM:StringValue" value="2553765531^PW Senior Behav^1"/>
                      </values>
                    </values>
                  </values>
                  <values xsi:type="EM:ListValue">
                    <values xsi:type="EM:CustomValue" hideDisplay="true">
                      <customValue xsi:type="EM:StringValue" value="2553765475"/>
                    </values>
                    <values xsi:type="EM:StringValue" value="MHHS Behav Hlth"/>
                    <values xsi:type="EM:ListValue">
                      <values xsi:type="EM:CustomValue" hideDisplay="true">
                        <customValue xsi:type="EM:StringValue" value="2553765475^MHHS Behav Hlth^1"/>
                      </values>
                      <values xsi:type="EM:CustomValue" hideDisplay="true">
                        <customValue xsi:type="EM:StringValue" value="2553765475^MHHS Behav Hlth^1"/>
                      </values>
                      <values xsi:type="EM:CustomValue" hideDisplay="true">
                        <customValue xsi:type="EM:StringValue" value="2553765475^MHHS Behav Hlth^1"/>
                      </values>
                      <values xsi:type="EM:CustomValue" hideDisplay="true">
                        <customValue xsi:type="EM:StringValue" value="2553765475^MHHS Behav Hlth^1"/>
                      </values>
                    </values>
                  </values>
                  <values xsi:type="EM:ListValue">
                    <values xsi:type="EM:CustomValue" hideDisplay="true">
                      <customValue xsi:type="EM:StringValue" value="2553765467"/>
                    </values>
                    <values xsi:type="EM:StringValue" value="MHHS ASC"/>
                    <values xsi:type="EM:ListValue">
                      <values xsi:type="EM:CustomValue" hideDisplay="true">
                        <customValue xsi:type="EM:StringValue" value="2553765467^MHHS ASC^1"/>
                      </values>
                      <values xsi:type="EM:CustomValue" hideDisplay="true">
                        <customValue xsi:type="EM:StringValue" value="2553765467^MHHS ASC^1"/>
                      </values>
                      <values xsi:type="EM:CustomValue" hideDisplay="true">
                        <customValue xsi:type="EM:StringValue" value="2553765467^MHHS ASC^1"/>
                      </values>
                      <values xsi:type="EM:CustomValue" hideDisplay="true">
                        <customValue xsi:type="EM:StringValue" value="2553765467^MHHS ASC^1"/>
                      </values>
                    </values>
                  </values>
                  <values xsi:type="EM:ListValue">
                    <values xsi:type="EM:CustomValue" hideDisplay="true">
                      <customValue xsi:type="EM:StringValue" value="2553765707"/>
                    </values>
                    <values xsi:type="EM:StringValue" value="FSR TCU"/>
                    <values xsi:type="EM:ListValue">
                      <values xsi:type="EM:CustomValue" hideDisplay="true">
                        <customValue xsi:type="EM:StringValue" value="2553765707^FSR TCU^1"/>
                      </values>
                      <values xsi:type="EM:CustomValue" hideDisplay="true">
                        <customValue xsi:type="EM:StringValue" value="2553765707^FSR TCU^1"/>
                      </values>
                      <values xsi:type="EM:CustomValue" hideDisplay="true">
                        <customValue xsi:type="EM:StringValue" value="2553765707^FSR TCU^1"/>
                      </values>
                      <values xsi:type="EM:CustomValue" hideDisplay="true">
                        <customValue xsi:type="EM:StringValue" value="2553765707^FSR TCU^1"/>
                      </values>
                    </values>
                  </values>
                </value>
              </facts>
              <facts argument="OPT_LINK">
                <value xsi:type="EM:AntecedentReference" antecedent="//@ruleDefinition/@logicSection/@logicExpression/@rightExpression/@leftExpression"/>
              </facts>
            </leftExpression>
            <rightExpression xsi:type="EM:InfixExpression">
              <leftExpression xsi:type="EM:Antecedent" alias="Pat Type" id="L4" template="EKS_ENCOUNTER_DETAIL_L">
                <facts argument="ENC_DETAIL">
                  <value xsi:type="EM:ListValue">
                    <values xsi:type="EM:ListValue">
                      <values xsi:type="EM:CustomValue" hideDisplay="true">
                        <customValue xsi:type="EM:StringValue" value="ENCNTR_TYPE_CD\71"/>
                      </values>
                      <values xsi:type="EM:StringValue" value="Encounter Type"/>
                    </values>
                  </value>
                </facts>
                <facts argument="QUAL">
                  <value xsi:type="EM:ListValue">
                    <values xsi:type="EM:ListValue">
                      <values xsi:type="EM:CustomValue" hideDisplay="true">
                        <customValue xsi:type="EM:StringValue" value="="/>
                      </values>
                      <values xsi:type="EM:StringValue" value="is listed"/>
                    </values>
                  </value>
                </facts>
                <facts argument="DETAIL_VALUE">
                  <value xsi:type="EM:ListValue">
                    <values xsi:type="EM:ListValue">
                      <values xsi:type="EM:CustomValue" hideDisplay="true">
                        <customValue xsi:type="EM:StringValue" value="CKI.CODEVALUE!3958"/>
                      </values>
                      <values xsi:type="EM:StringValue" value="INPATIENT"/>
                    </values>
                    <values xsi:type="EM:ListValue">
                      <values xsi:type="EM:CustomValue" hideDisplay="true">
                        <customValue xsi:type="EM:StringValue" value="CKI.CODEVALUE!17613"/>
                      </values>
                      <values xsi:type="EM:StringValue" value="OBSERVATION"/>
                    </values>
                    <values xsi:type="EM:ListValue">
                      <values xsi:type="EM:CustomValue" hideDisplay="true">
                        <customValue xsi:type="EM:StringValue" value="19962820"/>
                      </values>
                      <values xsi:type="EM:StringValue" value="OUTPATIENTINABED"/>
                    </values>
                    <values xsi:type="EM:ListValue">
                      <values xsi:type="EM:CustomValue" hideDisplay="true">
                        <customValue xsi:type="EM:StringValue" value="2555137051"/>
                      </values>
                      <values xsi:type="EM:StringValue" value="BEHAVIORALHEALTH"/>
                    </values>
                    <values xsi:type="EM:ListValue">
                      <values xsi:type="EM:CustomValue" hideDisplay="true">
                        <customValue xsi:type="EM:StringValue" value="CKI.CODEVALUE!3957"/>
                      </values>
                      <values xsi:type="EM:StringValue" value="EMERGENCY"/>
                    </values>
                    <values xsi:type="EM:ListValue">
                      <values xsi:type="EM:CustomValue" hideDisplay="true">
                        <customValue xsi:type="EM:StringValue" value="CKI.CODEVALUE!3959"/>
                      </values>
                      <values xsi:type="EM:StringValue" value="OUTPATIENT"/>
                    </values>
                  </value>
                </facts>
                <facts argument="OPT_LINK">
                  <value xsi:type="EM:AntecedentReference" antecedent="//@ruleDefinition/@logicSection/@logicExpression/@rightExpression/@leftExpression"/>
                </facts>
              </leftExpression>
              <rightExpression xsi:type="EM:InfixExpression">
                <leftExpression xsi:type="EM:Antecedent" alias="CardioDoc" id="L5" template="EKS_CE_RESULTA_END_TIME_L">
                  <facts argument="STATUS">
                    <value xsi:type="EM:ListValue">
                      <values xsi:type="EM:ListValue">
                        <values xsi:type="EM:CustomValue" hideDisplay="true">
                          <customValue xsi:type="EM:StringValue" value="CDF8:ACTIVE"/>
                        </values>
                        <values xsi:type="EM:StringValue" value="Active"/>
                      </values>
                      <values xsi:type="EM:ListValue">
                        <values xsi:type="EM:CustomValue" hideDisplay="true">
                          <customValue xsi:type="EM:StringValue" value="CDF8:AUTH"/>
                        </values>
                        <values xsi:type="EM:StringValue" value="Auth (Verified)"/>
                      </values>
                      <values xsi:type="EM:ListValue">
                        <values xsi:type="EM:CustomValue" hideDisplay="true">
                          <customValue xsi:type="EM:StringValue" value="CDF8:ALTERED"/>
                        </values>
                        <values xsi:type="EM:StringValue" value="Modified"/>
                      </values>
                      <values xsi:type="EM:ListValue">
                        <values xsi:type="EM:CustomValue" hideDisplay="true">
                          <customValue xsi:type="EM:StringValue" value="CDF8:MODIFIED"/>
                        </values>
                        <values xsi:type="EM:StringValue" value="Modified"/>
                      </values>
                    </value>
                  </facts>
                  <facts argument="EVENT_SET_NAME">
                    <value xsi:type="EM:ListValue">
                      <values xsi:type="EM:ListValue">
                        <values xsi:type="EM:CustomValue" hideDisplay="true">
                          <customValue xsi:type="EM:StringValue" value="Date, Time of Cardiopulmonary Arrest"/>
                        </values>
                        <values xsi:type="EM:StringValue" value="Date, Time of Cardiopulmonary Arrest"/>
                        <values xsi:type="EM:ListValue">
                          <values xsi:type="EM:CustomValue" hideDisplay="true">
                            <customValue xsi:type="EM:StringValue" value="D"/>
                          </values>
                        </values>
                      </values>
                    </value>
                  </facts>
                  <facts argument="OPT_EVALUATION">
                    <value xsi:type="EM:StringValue"/>
                  </facts>
                  <facts argument="OPT_VALUE1">
                    <value xsi:type="EM:StringValue"/>
                  </facts>
                  <facts argument="OPT_TIME_NUM">
                    <value xsi:type="EM:StringValue"/>
                  </facts>
                  <facts argument="OPT_TIME_UNIT">
                    <value xsi:type="EM:StringValue"/>
                  </facts>
                  <facts argument="OPT_DIRECTION">
                    <value xsi:type="EM:StringValue"/>
                  </facts>
                  <facts argument="OPT_LINK">
                    <value xsi:type="EM:AntecedentReference"/>
                  </facts>
                </leftExpression>
                <rightExpression xsi:type="EM:InfixExpression">
                  <leftExpression xsi:type="EM:GroupExpression">
                    <expression xsi:type="EM:InfixExpression" operator="OR">
                      <leftExpression xsi:type="EM:Antecedent" alias="ExistingAlertFound" id="L6" template="PHI_FIND_PASSIVE_ALERT">
                        <facts argument="ALERT_TEXT">
                          <value xsi:type="EM:StringValue" value="Code Blue Event On:"/>
                        </facts>
                        <facts argument="SEARCH_OPTION">
                          <value xsi:type="EM:StringValue" value="STARTS_WITH"/>
                        </facts>
                      </leftExpression>
                      <rightExpression xsi:type="EM:Antecedent" id="L7" template="EKS_LOGIC_TRUE">
                        <facts argument="LOGIC">
                          <value xsi:type="EM:StringValue" value="@quot;LOGIC@quot;"/>
                        </facts>
                      </rightExpression>
                    </expression>
                  </leftExpression>
                  <rightExpression xsi:type="EM:InfixExpression">
                    <leftExpression xsi:type="EM:GroupExpression">
                      <expression xsi:type="EM:InfixExpression" operator="OR">
                        <leftExpression xsi:type="EM:GroupExpression">
                          <expression xsi:type="EM:InfixExpression">
                            <leftExpression xsi:type="EM:Antecedent" alias="ActiveCodeBlue" id="L8" template="EKS_EXEC_CCL_L">
                              <facts argument="PROGRAM_NAME">
                                <value xsi:type="EM:StringValue" value="cov_eks_get_codeblue"/>
                              </facts>
                              <facts argument="OPT_PARAM">
                                <value xsi:type="EM:StringValue"/>
                              </facts>
                              <facts argument="OPT_LINK">
                                <value xsi:type="EM:AntecedentReference" antecedent="//@ruleDefinition/@logicSection/@logicExpression/@rightExpression/@leftExpression"/>
                              </facts>
                            </leftExpression>
                            <rightExpression xsi:type="EM:Antecedent" id="L9" template="EKS_BUILD_PARAM_L">
                              <facts argument="ACTION">
                                <value xsi:type="EM:ListValue">
                                  <values xsi:type="EM:ListValue">
                                    <values xsi:type="EM:CustomValue" hideDisplay="true">
                                      <customValue xsi:type="EM:StringValue" value="1"/>
                                    </values>
                                    <values xsi:type="EM:StringValue" value="Create"/>
                                  </values>
                                </value>
                              </facts>
                              <facts argument="PARAMNAME">
                                <value xsi:type="EM:StringValue" value="ALERT_TEXT_A:{AddNewSz}"/>
                              </facts>
                              <facts argument="PARAMVALUE">
                                <value xsi:type="EM:ListValue">
                                  <values xsi:type="EM:ListValue">
                                    <values xsi:type="EM:CustomValue" hideDisplay="true">
                                      <customValue xsi:type="EM:StringValue" value=" "/>
                                    </values>
                                    <values xsi:type="EM:StringValue" value="Code Blue Event On:  @MISC:{ActiveCodeBlue}"/>
                                  </values>
                                </value>
                              </facts>
                              <facts argument="OPT_SUBSTITUTION">
                                <value xsi:type="EM:StringValue" value="do"/>
                              </facts>
                            </rightExpression>
                          </expression>
                        </leftExpression>
                        <rightExpression xsi:type="EM:Antecedent" id="L10" template="EKS_LOGIC_TRUE">
                          <facts argument="LOGIC">
                            <value xsi:type="EM:StringValue" value="@quot;LOGIC@quot;"/>
                          </facts>
                        </rightExpression>
                      </expression>
                    </leftExpression>
                    <rightExpression xsi:type="EM:Antecedent" id="L11" template="EKS_BUILD_PARAM_L">
                      <facts argument="ACTION">
                        <value xsi:type="EM:ListValue">
                          <values xsi:type="EM:ListValue">
                            <values xsi:type="EM:CustomValue" hideDisplay="true">
                              <customValue xsi:type="EM:StringValue" value="1"/>
                            </values>
                            <values xsi:type="EM:StringValue" value="Create"/>
                          </values>
                        </value>
                      </facts>
                      <facts argument="PARAMNAME">
                        <value xsi:type="EM:StringValue" value="ACTION_NAME_A:{LogAction}"/>
                      </facts>
                      <facts argument="PARAMVALUE">
                        <value xsi:type="EM:ListValue">
                          <values xsi:type="EM:ListValue">
                            <values xsi:type="EM:CustomValue" hideDisplay="true">
                              <customValue xsi:type="EM:StringValue" value=" "/>
                            </values>
                            <values xsi:type="EM:StringValue" value="'CodeBlueTime:', @MISC:{ActiveCodeBlue}"/>
                          </values>
                        </value>
                      </facts>
                      <facts argument="OPT_SUBSTITUTION">
                        <value xsi:type="EM:StringValue" value="do"/>
                      </facts>
                    </rightExpression>
                  </rightExpression>
                </rightExpression>
              </rightExpression>
            </rightExpression>
          </rightExpression>
        </rightExpression>
      </logicExpression>
    </logicSection>
    <actionSection>
      <action xsi:type="EM:ActionGroups">
        <actionGroups>
          <logicExpression xsi:type="EM:LogicReference" antecedent="//@ruleDefinition/@logicSection/@logicExpression/@rightExpression/@rightExpression/@rightExpression/@rightExpression/@rightExpression/@leftExpression/@expression/@leftExpression"/>
          <actionExpression>
            <logicExpression xsi:type="EM:Antecedent" id="A1" template="PHI_REMOVE_PASSIVE_ALERT">
              <facts argument="ALERT_TEXT">
                <value xsi:type="EM:StringValue" value="Code Blue Event On:"/>
              </facts>
              <facts argument="LINK">
                <value xsi:type="EM:AntecedentReference" antecedent="//@ruleDefinition/@logicSection/@logicExpression/@rightExpression/@rightExpression/@rightExpression/@rightExpression/@rightExpression/@leftExpression/@expression/@leftExpression"/>
              </facts>
              <facts argument="SEARCH_OPTION">
                <value xsi:type="EM:StringValue" value="STARTS_WITH"/>
              </facts>
            </logicExpression>
          </actionExpression>
        </actionGroups>
        <actionGroups>
          <logicExpression xsi:type="EM:LogicReference" antecedent="//@ruleDefinition/@logicSection/@logicExpression/@rightExpression/@rightExpression/@rightExpression/@rightExpression/@rightExpression/@rightExpression/@leftExpression/@expression/@leftExpression/@expression/@leftExpression"/>
          <actionExpression>
            <logicExpression xsi:type="EM:InfixExpression">
              <leftExpression xsi:type="EM:Antecedent" alias="AddNewSz" id="A2" template="PHI_ADD_PASSIVE_ALERT">
                <facts argument="ALERT_TEXT">
                  <value xsi:type="EM:StringValue"/>
                </facts>
                <facts argument="LINK">
                  <value xsi:type="EM:AntecedentReference" antecedent="//@ruleDefinition/@logicSection/@logicExpression/@rightExpression/@leftExpression"/>
                </facts>
                <facts argument="CATEGORY">
                  <value xsi:type="EM:ListValue">
                    <values xsi:type="EM:ListValue">
                      <values xsi:type="EM:CustomValue" hideDisplay="true">
                        <customValue xsi:type="EM:StringValue" value="2559527571"/>
                      </values>
                      <values xsi:type="EM:StringValue" value="Information"/>
                    </values>
                  </value>
                </facts>
                <facts argument="POSITION">
                  <value xsi:type="EM:ListValue">
                    <values xsi:type="EM:ListValue">
                      <values xsi:type="EM:CustomValue" hideDisplay="true">
                        <customValue xsi:type="EM:StringValue" value="*ALL"/>
                      </values>
                      <values xsi:type="EM:StringValue" value="*ALL"/>
                    </values>
                  </value>
                </facts>
                <facts argument="OPT_ACTION_TYPE">
                  <value xsi:type="EM:StringValue"/>
                </facts>
                <facts argument="OPT_ACTION_PARAM">
                  <value xsi:type="EM:StringValue"/>
                </facts>
                <facts argument="OPT_EXPIRE_VALUE">
                  <value xsi:type="EM:IntegerValue" intValue="48"/>
                </facts>
                <facts argument="OPT_EXPIRE_UNIT">
                  <value xsi:type="EM:StringValue" value="HOURS"/>
                </facts>
                <facts argument="OPT_PATIENT_LEVEL">
                  <value xsi:type="EM:StringValue" value="YES"/>
                </facts>
                <facts argument="OPT_ALLOW_USER_DISMISS">
                  <value xsi:type="EM:StringValue" value="YES"/>
                </facts>
              </leftExpression>
              <rightExpression xsi:type="EM:Antecedent" alias="LogAction" id="A3" template="EKS_LOG_ACTION_A">
                <facts argument="ACTION_NAME">
                  <value xsi:type="EM:StringValue"/>
                </facts>
              </rightExpression>
            </logicExpression>
          </actionExpression>
        </actionGroups>
      </action>
    </actionSection>
  </ruleDefinition>
</EM:ExpertModule>
