<?xml version="1.0" encoding="ASCII"?>
<EM:ExpertModule xmi:version="2.0" xmlns:xmi="http://www.omg.org/XMI" xmlns:xsi="http://www.w3.org/2001/XMLSchema-instance" xmlns:EM="http:///com.cerner.expert/expertmodule/1.0.0" moduleName="COV_ED_BOARD_DC">
  <information>
    <runtimeInformation versionString="001.006" externalFileName="COV_ED_BOARD_DC" lastUpdated="2021-03-30T10:51:06.000-0400" validtionType="PRODUCTION" title="COV_ED_BOARD_DC" reconcileFlag="1" reconcileDate="2021-03-30T10:51:07.000-0400">
      <duration start="2021-03-25T00:00:00.000-0400" end="2100-12-31T23:59:59.000-0500"/>
      <updateUser userName="DEAMARAL, LISA"/>
    </runtimeInformation>
    <documentation author="ldeamara" institution="" specialist=""/>
  </information>
  <expertTemplates>
    <events>
      <event name=""/>
      <event name="ADDPROBLEM"/>
      <event name="ADDTOSCRATCHPAD"/>
      <event name="ALLERGY_EVENT"/>
      <event name="AP_ORDER_EVENT"/>
      <event name="BB_RESULT_EVENT"/>
      <event name="CBTFLEXORDERS"/>
      <event name="CHART_SERVER_EVENT"/>
      <event name="CLINICALTRIALSCREEN"/>
      <event name="CLINICAL_EVENT"/>
      <event name="CLOSECHART"/>
      <event name="COLLECTION_EVENT"/>
      <event name="DCP_CN_TASK_UPD"/>
      <event name="DCP_MODTASK_EVENT"/>
      <event name="DCP_PW_COND"/>
      <event name="DCP_PW_OUTCOME_EVENT"/>
      <event name="DIAGNOSIS_EVENT"/>
      <event name="EKS_FORMAT"/>
      <event name="EKS_SYNC_TEST01"/>
      <event name="EKS_TEST_02"/>
      <event name="EKS_TEST_EVENT"/>
      <event name="EKS_TEST_EVENT01"/>
      <event name="ENSURE_EVENT"/>
      <event name="EXPERT_EVENT"/>
      <event name="HEALTHE_EVENT"/>
      <event name="HEALTH_MAINT_QUAL_EVENT"/>
      <event name="HIM_ADD_REQUEST"/>
      <event name="HIM_ADMIT_EVENT"/>
      <event name="HIM_PATIENT_INFO_REQUEST"/>
      <event name="HIM_TEST_EVENT"/>
      <event name="HL7_EVENT"/>
      <event name="MB_EXPEDITE"/>
      <event name="MB_RESULT_EVENT"/>
      <event name="MB_SCRIPTED_WORKUPS"/>
      <event name="MB_SUSCEPTIBILITY"/>
      <event name="MDI_RESULT_EVENT"/>
      <event name="MEDCHARTACTIVATE"/>
      <event name="MPI_ADT"/>
      <event name="OPENCHART"/>
      <event name="ORDER_EVENT"/>
      <event name="ORDER_PRO_TEST1"/>
      <event name="PATIENT_EVENT"/>
      <event name="PCA_EXPERT_EVENT"/>
      <event name="Person_Transaction"/>
      <event name="PFT_Add_Account"/>
      <event name="PFT_ADJ_WO"/>
      <event name="PFT_CHARGE_EVENT"/>
      <event name="pft_check_amount"/>
      <event name="PFT_VEHICLE"/>
      <event name="PNTFLEXREFRANGE"/>
      <event name="POWERPLANFLEX"/>
      <event name="PROBLEM_EVENT"/>
      <event name="PROFIT_1450_CLAIM_EVENT"/>
      <event name="PROFIT_1500_CLAIM_EVENT"/>
      <event name="PROVIDER_CHG_EVENT"/>
      <event name="PROVIDE_EVENT"/>
      <event name="PWRCHRT_ADD_ORDER"/>
      <event name="RESULT_EVENT"/>
      <event name="RESULT_EVENT_CSM"/>
      <event name="RESULT_EVENT_TEST"/>
      <event name="SCH_ACTION_EVENT"/>
      <event name="SIGNORDER"/>
      <event name="SN New Pref Card Created"/>
      <event name="SN_CASE_CHECK_IN_EVENT"/>
      <event name="SN_CASE_EVENT"/>
      <event name="SN_CASE_SCHEDULE_EVENT"/>
      <event name="SN_DOCUMENT_OPEN"/>
      <event name="SN_DOCUMENT_STATE"/>
      <event name="SN_FINALIZE_DOC_EVENT"/>
      <event name="SN_PROCEDURE_SCHEDULE"/>
      <event name="SN_SAVE_PROCEDURE"/>
      <event name="SN_TEST_EVENT"/>
      <event name="SOCIAL_HISTORY_ADD"/>
      <event name="SYNCHEVENT"/>
      <event name="TOCFLEX"/>
      <event name="TOUCHOPENCHART"/>
    </events>
    <evokeTemplates>
      <templateDefinitions xsi:type="EM:ExpertTemplate" name="EKS_ORDER_LIST_E" definition="an order ORD_METHOD OPT_ORDERS with status of OPT_ORDER_STATUS and an optional order detail of OPT_ORDER_DETAIL that OPT_QUALIFIER OPT_LIST" description="Orderable, status, attributes" eventDependency="//@expertTemplates/@events/@event.39" optimizable="true" reconcilable="true">
        <keywords>ORDER</keywords>
        <arguments xsi:type="EM:ReferentialArgument" name="ORD_METHOD" dataType="CHARACTER" controlType="REFERENTIAL" validationType="READ_ONLY" required="true" reconcileScript="N/A">
          <statements dependency="ORD_METHOD" statement="execute eks_t_db_ref_help &quot;HELPNEWORDMETHOD^&quot; go"/>
        </arguments>
        <arguments xsi:type="EM:ReferentialArgument" name="OPT_ORDERS" dataType="CHARACTER" controlType="LISTBOX" validationType="READ_ONLY" dependency="ORD_METHOD" optimizable="true" reconcileScript="eks_p_ord_method_orders" keyFieldIndex="2">
          <statements dependency="OPT_ORDERS" statement="execute eks_t_db_ref_help ConCat(&quot;HELPCATALOGTYPE^&quot;, PAR1) go"/>
          <statements dependency="OPT_ORDERS" statement="execute eks_t_db_ref_help ConCat(&quot;HELPORDALPHA^&quot;, PAR1) go"/>
          <statements dependency="OPT_ORDERS" statement="execute eks_t_db_ref_help ConCat(&quot;HELPORDERS^&quot;, PAR1) go"/>
        </arguments>
        <arguments xsi:type="EM:ReferentialArgument" name="OPT_ORDER_STATUS" dataType="CHARACTER" controlType="LISTBOX" validationType="READ_ONLY" optimizable="true" reconcileScript="eks_p_codeset_cki_refhelp  &quot;6004&quot;,&quot;CDF&quot;,&quot;*ANY&quot;" keyFieldIndex="2">
          <statements dependency="OPT_ORDER_STATUS" statement="execute eks_t_db_ref_help &quot;HELPSTATUS&quot; go&#xD;&#xA;;eks_codeset_cki_refhelp &quot;6004&quot;,&quot;CDF&quot;,&quot;*ANY&quot; go"/>
        </arguments>
        <arguments xsi:type="EM:ReferentialArgument" name="OPT_ORDER_DETAIL" dataType="CHARACTER" controlType="REFERENTIAL" validationType="READ_ONLY" reconcileScript="eks_p_order_detail" keyFieldIndex="2">
          <statements dependency="OPT_ORDER_DETAIL" statement="execute eks_t_db_ref_help &quot;HELPDETAILSSEL^USEREQUEST&quot; go"/>
          <statements dependency="OPT_ORDER_DETAIL" statement="execute eks_t_db_ref_help ConCat(&quot;HELPDETAILS^1^&quot;, PAR1) go"/>
        </arguments>
        <arguments xsi:type="EM:ReferentialArgument" name="OPT_QUALIFIER" dataType="CHARACTER" controlType="REFERENTIAL" validationType="READ_ONLY" dependency="OPT_ORDER_DETAIL" reconcileScript="eks_p_qualifier &quot;1&quot;" keyFieldIndex="2">
          <statements dependency="OPT_QUALIFIER" statement="execute eks_t_db_ref_help ConCat(&quot;HELPQUALIFIERS^&quot;, PAR1)  go"/>
        </arguments>
        <arguments xsi:type="EM:ReferentialArgument" name="OPT_LIST" dataType="CHARACTER" controlType="LISTBOX" validationType="READ_ONLY" dependency="OPT_ORDER_DETAIL" optimizable="true" reconcileScript="eks_p_list" keyFieldIndex="2">
          <statements dependency="OPT_LIST" statement="execute eks_t_db_ref_help ConCat(&quot;HELPORDDETLIST1^&quot;, PAR1) go"/>
          <statements dependency="OPT_LIST" statement="execute eks_t_db_ref_help ConCat(&quot;HELPORDDETLIST2^&quot;, PAR1) go"/>
        </arguments>
      </templateDefinitions>
      <templateDefinitions xsi:type="EM:ExpertTemplate" name="EKS_DEBUGEKM_E" definition="Turn debug messaging DEBUG_STATUS" description="Turn debug messaging on or off" eventDependency="//@expertTemplates/@events/@event.1 //@expertTemplates/@events/@event.2 //@expertTemplates/@events/@event.3 //@expertTemplates/@events/@event.4 //@expertTemplates/@events/@event.5 //@expertTemplates/@events/@event.8 //@expertTemplates/@events/@event.9 //@expertTemplates/@events/@event.10 //@expertTemplates/@events/@event.11 //@expertTemplates/@events/@event.13 //@expertTemplates/@events/@event.16 //@expertTemplates/@events/@event.23 //@expertTemplates/@events/@event.26 //@expertTemplates/@events/@event.27 //@expertTemplates/@events/@event.28 //@expertTemplates/@events/@event.31 //@expertTemplates/@events/@event.32 //@expertTemplates/@events/@event.33 //@expertTemplates/@events/@event.34 //@expertTemplates/@events/@event.36 //@expertTemplates/@events/@event.38 //@expertTemplates/@events/@event.39 //@expertTemplates/@events/@event.41 //@expertTemplates/@events/@event.42 //@expertTemplates/@events/@event.45 //@expertTemplates/@events/@event.44 //@expertTemplates/@events/@event.48 //@expertTemplates/@events/@event.49 //@expertTemplates/@events/@event.50 //@expertTemplates/@events/@event.51 //@expertTemplates/@events/@event.55 //@expertTemplates/@events/@event.57 //@expertTemplates/@events/@event.58 //@expertTemplates/@events/@event.61 //@expertTemplates/@events/@event.62 //@expertTemplates/@events/@event.63 //@expertTemplates/@events/@event.64 //@expertTemplates/@events/@event.65 //@expertTemplates/@events/@event.66 //@expertTemplates/@events/@event.67 //@expertTemplates/@events/@event.68 //@expertTemplates/@events/@event.69 //@expertTemplates/@events/@event.70 //@expertTemplates/@events/@event.72 //@expertTemplates/@events/@event.73 //@expertTemplates/@events/@event.74 //@expertTemplates/@events/@event.75 //@expertTemplates/@events/@event.47" reconcilable="true" alwaysTrue="true">
        <keywords>UTILITY</keywords>
        <arguments xsi:type="EM:ReferentialArgument" name="DEBUG_STATUS" dataType="CHARACTER" controlType="REFERENTIAL" validationType="READ_ONLY" required="true" reconcileScript="N/A" keyFieldIndex="2">
          <statements dependency="DEBUG_STATUS" statement="select debug_status = if (d.seq =  1) &quot;On for subsequent Evoke Templates&quot;&#xD;&#xA; elseif (d.seq = 2) &quot;Off for subsequent Evoke Templates&quot;&#xD;&#xA; elseif (d.seq = 3) &quot;On for all Logic Templates&quot;&#xD;&#xA; elseif (d.seq = 4) &quot;On for all Action Templates&quot;&#xD;&#xA; elseif (d.seq = 5) &quot;On for all Logic and Action Templates&quot;&#xD;&#xA; elseif (d.seq = 6) &quot;To FullAudit for this module only&quot;&#xD;&#xA; elseif (d.seq = 7) &quot;Additional EKSDATA logging&quot;&#xD;&#xA;ENDIF,&#xD;&#xA;_hidden = if (d.seq = 1) 1&#xD;&#xA; elseif (d.seq=2) 0&#xD;&#xA; elseif (d.seq=3) 2&#xD;&#xA; elseif (d.seq=4) 3&#xD;&#xA; elseif (d.seq=5) 4&#xD;&#xA; elseif (d.seq=6) 5&#xD;&#xA; elseif (d.seq=7) 6&#xD;&#xA;endif&#xD;&#xA;&#xD;&#xA;FROM (DUMMYT D WITH SEQ = VALUE(7))"/>
        </arguments>
      </templateDefinitions>
    </evokeTemplates>
    <logicTemplates>
      <templateDefinitions xsi:type="EM:ExpertTemplate" name="EKS_ENCOUNTER_DETAIL_L" definition="the patient's ENC_DETAIL QUAL DETAIL_VALUE for the same encounter as OPT_LINK" description="Encounter attributes" eventDependency="//@expertTemplates/@events/@event.1 //@expertTemplates/@events/@event.2 //@expertTemplates/@events/@event.3 //@expertTemplates/@events/@event.4 //@expertTemplates/@events/@event.8 //@expertTemplates/@events/@event.9 //@expertTemplates/@events/@event.10 //@expertTemplates/@events/@event.11 //@expertTemplates/@events/@event.13 //@expertTemplates/@events/@event.16 //@expertTemplates/@events/@event.23 //@expertTemplates/@events/@event.34 //@expertTemplates/@events/@event.36 //@expertTemplates/@events/@event.38 //@expertTemplates/@events/@event.39 //@expertTemplates/@events/@event.41 //@expertTemplates/@events/@event.42 //@expertTemplates/@events/@event.49 //@expertTemplates/@events/@event.50 //@expertTemplates/@events/@event.51 //@expertTemplates/@events/@event.55 //@expertTemplates/@events/@event.57 //@expertTemplates/@events/@event.61 //@expertTemplates/@events/@event.72 //@expertTemplates/@events/@event.73 //@expertTemplates/@events/@event.74 //@expertTemplates/@events/@event.75" optimizable="true" reconcilable="true">
        <keywords>ENCOUNTER</keywords>
        <arguments xsi:type="EM:ReferentialArgument" name="ENC_DETAIL" dataType="CHARACTER" controlType="REFERENTIAL" validationType="READ_ONLY" required="true" reconcileScript="N/A" keyFieldIndex="2">
          <statements dependency="ENC_DETAIL" statement="execute EKS_T_ENC_DETAIL_REFHELP &quot;HELP&quot; go"/>
        </arguments>
        <arguments xsi:type="EM:ReferentialArgument" name="QUAL" dataType="CHARACTER" controlType="REFERENTIAL" validationType="READ_ONLY" required="true" dependency="ENC_DETAIL" reconcileScript="N/A" keyFieldIndex="2">
          <statements dependency="QUAL" statement="execute EKS_T_ENC_DETAIL_REFHELP concat(&quot;QUAL&quot;, PAR1) go"/>
        </arguments>
        <arguments xsi:type="EM:ReferentialArgument" name="DETAIL_VALUE" dataType="CHARACTER" controlType="LISTBOX" validationType="READ_ONLY" required="true" dependency="ENC_DETAIL" optimizable="true" reconcileScript="eks_p_encDetail" keyFieldIndex="2">
          <statements dependency="DETAIL_VALUE" statement="execute EKS_T_ENC_DETAIL_REFHELP concat(&quot;VALUE&quot;, PAR1) go"/>
        </arguments>
        <arguments name="OPT_LINK" dataType="LINK" controlType="TEMPLATE_REFERENCE" reconcileScript="N/A"/>
      </templateDefinitions>
      <templateDefinitions xsi:type="EM:ExpertTemplate" name="EKS_ENCOUNTER_LOC_DETAIL_L" definition="the patient's ENC_DETAIL that QUAL in DETAIL_VALUE for the same encounter as OPT_LINK" description="Encounter location attributes" eventDependency="//@expertTemplates/@events/@event.1 //@expertTemplates/@events/@event.2 //@expertTemplates/@events/@event.3 //@expertTemplates/@events/@event.4 //@expertTemplates/@events/@event.5 //@expertTemplates/@events/@event.8 //@expertTemplates/@events/@event.9 //@expertTemplates/@events/@event.10 //@expertTemplates/@events/@event.11 //@expertTemplates/@events/@event.13 //@expertTemplates/@events/@event.16 //@expertTemplates/@events/@event.23 //@expertTemplates/@events/@event.32 //@expertTemplates/@events/@event.34 //@expertTemplates/@events/@event.36 //@expertTemplates/@events/@event.38 //@expertTemplates/@events/@event.39 //@expertTemplates/@events/@event.41 //@expertTemplates/@events/@event.42 //@expertTemplates/@events/@event.49 //@expertTemplates/@events/@event.50 //@expertTemplates/@events/@event.51 //@expertTemplates/@events/@event.55 //@expertTemplates/@events/@event.57 //@expertTemplates/@events/@event.60 //@expertTemplates/@events/@event.61 //@expertTemplates/@events/@event.72 //@expertTemplates/@events/@event.73 //@expertTemplates/@events/@event.74 //@expertTemplates/@events/@event.75" reconcilable="true">
        <keywords>ENCOUNTER</keywords>
        <arguments xsi:type="EM:ReferentialArgument" name="ENC_DETAIL" dataType="CHARACTER" controlType="REFERENTIAL" validationType="READ_ONLY" required="true" reconcileScript="N/A" keyFieldIndex="2">
          <statements dependency="ENC_DETAIL" statement="execute EKS_T_ENC_DETAIL_REFHELP &quot;LOC&quot; go"/>
        </arguments>
        <arguments xsi:type="EM:ReferentialArgument" name="QUAL" dataType="CHARACTER" controlType="REFERENTIAL" validationType="READ_ONLY" required="true" dependency="ENC_DETAIL" reconcileScript="N/A" keyFieldIndex="2">
          <statements dependency="QUAL" statement="execute EKS_T_ENC_DETAIL_REFHELP concat(&quot;QUAL&quot;, PAR1) go"/>
        </arguments>
        <arguments xsi:type="EM:ReferentialArgument" name="DETAIL_VALUE" dataType="CHARACTER" controlType="LISTBOX" validationType="READ_ONLY" required="true" dependency="ENC_DETAIL" reconcileScript="eks_p_encDetail" keyFieldIndex="2">
          <statements dependency="DETAIL_VALUE" statement="execute EKS_T_DB_LOCATION_REFHELP &quot;0&quot; go"/>
          <statements dependency="DETAIL_VALUE" statement="execute EKS_T_DB_LOCATION_REFHELP ConCat(PAR1, &quot;^2&quot;) go"/>
          <statements dependency="DETAIL_VALUE" statement="execute EKS_T_DB_LOCATION_REFHELP ConCat(PAR1, &quot;^3&quot;) go"/>
          <statements dependency="DETAIL_VALUE" statement="execute EKS_T_DB_LOCATION_REFHELP ConCat(PAR1, &quot;^4&quot;) go"/>
          <statements dependency="DETAIL_VALUE" statement="execute EKS_T_DB_LOCATION_REFHELP ConCat(PAR1, &quot;^5&quot;) go"/>
        </arguments>
        <arguments name="OPT_LINK" dataType="LINK" controlType="TEMPLATE_REFERENCE" reconcileScript="N/A"/>
      </templateDefinitions>
      <templateDefinitions xsi:type="EM:ExpertTemplate" name="EKS_ORDER_LIST_INCOMING_L" definition="the triggering request contains an order ORD_METHOD OPT_ORDERS with status of OPT_ORDER_STATUS and an optional order detail of OPT_ORDER_DETAIL that OPT_QUALIFIER OPT_LIST" description="Incoming orderable, status, attributes" eventDependency="//@expertTemplates/@events/@event.39" optimizable="true" reconcilable="true">
        <keywords>ORDER</keywords>
        <arguments xsi:type="EM:ReferentialArgument" name="ORD_METHOD" dataType="CHARACTER" controlType="REFERENTIAL" validationType="READ_ONLY" required="true" reconcileScript="N/A">
          <statements dependency="ORD_METHOD" statement="execute eks_t_db_ref_help &quot;HELPNEWORDMETHOD^&quot; go"/>
        </arguments>
        <arguments xsi:type="EM:ReferentialArgument" name="OPT_ORDERS" dataType="CHARACTER" controlType="LISTBOX" validationType="READ_ONLY" dependency="ORD_METHOD" optimizable="true" reconcileScript="eks_p_ord_method_orders" keyFieldIndex="2">
          <statements dependency="OPT_ORDERS" statement="execute eks_t_db_ref_help ConCat(&quot;HELPCATALOGTYPE^&quot;, PAR1) go&#xD;&#xA;"/>
          <statements dependency="OPT_ORDERS" statement="execute eks_t_db_ref_help ConCat(&quot;HELPORDALPHA^&quot;, PAR1) go"/>
          <statements dependency="OPT_ORDERS" statement="execute eks_t_db_ref_help ConCat(&quot;HELPORDERS^&quot;, PAR1) go"/>
        </arguments>
        <arguments xsi:type="EM:ReferentialArgument" name="OPT_ORDER_STATUS" dataType="CHARACTER" controlType="LISTBOX" validationType="READ_ONLY" optimizable="true" reconcileScript="eks_p_codeset_cki_refhelp  &quot;6004&quot;,&quot;CDF&quot;,&quot;*ANY&quot;" keyFieldIndex="2">
          <statements dependency="OPT_ORDER_STATUS" statement="execute eks_t_db_ref_help &quot;HELPSTATUS&quot; go"/>
        </arguments>
        <arguments xsi:type="EM:ReferentialArgument" name="OPT_ORDER_DETAIL" dataType="CHARACTER" controlType="REFERENTIAL" validationType="READ_ONLY" reconcileScript="eks_p_order_detail" keyFieldIndex="2">
          <statements dependency="OPT_ORDER_DETAIL" statement="execute eks_t_db_ref_help &quot;HELPDETAILSSEL^USEREQUEST&quot; go"/>
          <statements dependency="OPT_ORDER_DETAIL" statement="execute eks_t_db_ref_help ConCat(&quot;HELPDETAILS^1^&quot;, PAR1) go"/>
        </arguments>
        <arguments xsi:type="EM:ReferentialArgument" name="OPT_QUALIFIER" dataType="CHARACTER" controlType="REFERENTIAL" validationType="READ_ONLY" dependency="OPT_ORDER_DETAIL" reconcileScript="eks_p_qualifier &quot;1&quot;" keyFieldIndex="2">
          <statements dependency="OPT_QUALIFIER" statement="execute eks_t_db_ref_help ConCat(&quot;HELPQUALIFIERS^&quot;, PAR1)  go"/>
        </arguments>
        <arguments xsi:type="EM:ReferentialArgument" name="OPT_LIST" dataType="CHARACTER" controlType="LISTBOX" validationType="READ_ONLY" dependency="OPT_ORDER_DETAIL" optimizable="true" reconcileScript="eks_p_list" keyFieldIndex="2">
          <statements dependency="OPT_LIST" statement="execute eks_t_db_ref_help ConCat(&quot;HELPORDDETLIST1^&quot;, PAR1) go"/>
          <statements dependency="OPT_LIST" statement="execute eks_t_db_ref_help ConCat(&quot;HELPORDDETLIST2^&quot;, PAR1) go"/>
        </arguments>
      </templateDefinitions>
    </logicTemplates>
    <actionTemplates>
      <templateDefinitions xsi:type="EM:ExpertTemplate" name="EKS_SETUP_ADD_ORDERS_A" definition="Setup GROUP_NAME to add ORDERS with OPT_COMMENT_TYPE of OPT_COMMENT for OPT_SCOPE as OPT_LINK" description="Prepare orderables to be sent to the Order Server" eventDependency="//@expertTemplates/@events/@event.2 //@expertTemplates/@events/@event.3 //@expertTemplates/@events/@event.5 //@expertTemplates/@events/@event.8 //@expertTemplates/@events/@event.9 //@expertTemplates/@events/@event.10 //@expertTemplates/@events/@event.11 //@expertTemplates/@events/@event.13 //@expertTemplates/@events/@event.16 //@expertTemplates/@events/@event.23 //@expertTemplates/@events/@event.32 //@expertTemplates/@events/@event.36 //@expertTemplates/@events/@event.38 //@expertTemplates/@events/@event.39 //@expertTemplates/@events/@event.41 //@expertTemplates/@events/@event.42 //@expertTemplates/@events/@event.51 //@expertTemplates/@events/@event.57 //@expertTemplates/@events/@event.58 //@expertTemplates/@events/@event.61 //@expertTemplates/@events/@event.72 //@expertTemplates/@events/@event.73 //@expertTemplates/@events/@event.75" optimizable="true" reconcilable="true">
        <keywords>ORDER</keywords>
        <arguments name="GROUP_NAME" dataType="CHARACTER" required="true" reconcileScript="N/A"/>
        <arguments xsi:type="EM:ReferentialArgument" name="ORDERS" dataType="CHARACTER" controlType="LISTBOX" validationType="READ_ONLY" required="true" reconcileScript="eks_p_orders_ordersets &quot;ORDERS&quot;" keyFieldIndex="2">
          <statements dependency="ORDERS" statement="execute eks_t_set_ord_ref_help &quot;HELPCATALOGTYPE&quot;, &quot;&quot; go"/>
          <statements dependency="ORDERS" statement="execute eks_t_set_ord_ref_help &quot;HELPORDALPHA&quot;, PAR1 go"/>
          <statements dependency="ORDERS" statement="execute eks_t_set_ord_ref_help &quot;HELPORDERS&quot;, PAR1 go"/>
        </arguments>
        <arguments xsi:type="EM:ReferentialArgument" name="OPT_COMMENT_TYPE" dataType="CHARACTER" controlType="REFERENTIAL" validationType="REFERENTIAL" optimizable="true" reconcileScript="eks_p_codeset_cki_refhelp  &quot;14&quot;,&quot;CDF&quot;,&quot;&quot;" keyFieldIndex="2">
          <statements dependency="OPT_COMMENT_TYPE" statement="execute eks_t_set_ord_ref_help &quot;HELPCOMMENTTYPE&quot;, &quot;&quot; go"/>
        </arguments>
        <arguments name="OPT_COMMENT" dataType="CHARACTER" controlType="TEXT_MULTI_LINE" reconcileScript="N/A"/>
        <arguments xsi:type="EM:ReferentialArgument" name="OPT_SCOPE" dataType="CHARACTER" controlType="REFERENTIAL" validationType="READ_ONLY" reconcileScript="N/A" keyFieldIndex="2">
          <statements dependency="OPT_SCOPE" statement="execute eks_t_set_ord_ref_help &quot;HELPSCOPE&quot;, &quot;&quot; go"/>
        </arguments>
        <arguments name="OPT_LINK" dataType="LINK" controlType="TEMPLATE_REFERENCE" reconcileScript="N/A"/>
      </templateDefinitions>
      <templateDefinitions xsi:type="EM:ExpertTemplate" name="EKS_SET_ORDER_DETAIL_A" definition="SET_ACTION ORDER_DETAIL equal to OPT_VALUE or inherit it from OPT_LINK for orders setup by GROUP_NAME" description="Set order detail values" eventDependency="//@expertTemplates/@events/@event.1 //@expertTemplates/@events/@event.2 //@expertTemplates/@events/@event.3 //@expertTemplates/@events/@event.5 //@expertTemplates/@events/@event.8 //@expertTemplates/@events/@event.9 //@expertTemplates/@events/@event.10 //@expertTemplates/@events/@event.11 //@expertTemplates/@events/@event.13 //@expertTemplates/@events/@event.16 //@expertTemplates/@events/@event.23 //@expertTemplates/@events/@event.32 //@expertTemplates/@events/@event.36 //@expertTemplates/@events/@event.38 //@expertTemplates/@events/@event.39 //@expertTemplates/@events/@event.41 //@expertTemplates/@events/@event.42 //@expertTemplates/@events/@event.51 //@expertTemplates/@events/@event.55 //@expertTemplates/@events/@event.56 //@expertTemplates/@events/@event.57 //@expertTemplates/@events/@event.61 //@expertTemplates/@events/@event.72 //@expertTemplates/@events/@event.73 //@expertTemplates/@events/@event.75" optimizable="true" reconcilable="true">
        <keywords>ORDER</keywords>
        <arguments xsi:type="EM:FixedListArgument" name="SET_ACTION" dataType="CHARACTER" validationType="READ_ONLY" required="true" reconcileScript="N/A">
          <defaultValue xsi:type="EM:StringValue" value="SET"/>
          <stringTable>
            <column value="SET"/>
            <column value="Set or reset detail's value"/>
          </stringTable>
          <stringTable>
            <column value="ADD"/>
            <column value="Add details' value if it's not already set"/>
          </stringTable>
          <stringTable>
            <column value="UNSET"/>
            <column value="Empty detail's value (for NEW order only)"/>
          </stringTable>
        </arguments>
        <arguments xsi:type="EM:ReferentialArgument" name="ORDER_DETAIL" dataType="CHARACTER" controlType="LISTBOX" validationType="READ_ONLY" required="true" reconcileScript="eks_p_order_detail" keyFieldIndex="2">
          <statements dependency="ORDER_DETAIL" statement="execute eks_t_set_ord_ref_help &quot;HELPORDDETAILTYPE&quot;, &quot;2&quot; go&#xD;&#xA;"/>
          <statements dependency="ORDER_DETAIL" statement="execute eks_t_set_ord_ref_help &quot;HELPORDDETAIL&quot;, PAR1 go"/>
        </arguments>
        <arguments xsi:type="EM:ReferentialArgument" name="OPT_VALUE" dataType="CHARACTER" controlType="LISTBOX" validationType="READ_ONLY" dependency="ORDER_DETAIL" optimizable="true" reconcileScript="eks_p_list" keyFieldIndex="2">
          <statements dependency="OPT_VALUE" statement="execute eks_t_set_ord_ref_help &quot;HELPORDDETLIST1&quot;, PAR1 go"/>
          <statements dependency="OPT_VALUE" statement="execute eks_t_set_ord_ref_help &quot;HELPORDDETLIST2&quot;, PAR1 go"/>
        </arguments>
        <arguments name="OPT_LINK" dataType="LINK" controlType="TEMPLATE_REFERENCE" reconcileScript="N/A"/>
        <arguments name="GROUP_NAME" dataType="CHARACTER" required="true" reconcileScript="N/A"/>
      </templateDefinitions>
      <templateDefinitions xsi:type="EM:ExpertTemplate" name="EKS_CALL_ORDER_SERVER_A" definition="Call order server with OPT_COMMENT_TYPE of OPT_COMMENT" description="Send orders and actions from prior templates to the Order Server" eventDependency="//@expertTemplates/@events/@event.1 //@expertTemplates/@events/@event.2 //@expertTemplates/@events/@event.3 //@expertTemplates/@events/@event.5 //@expertTemplates/@events/@event.8 //@expertTemplates/@events/@event.9 //@expertTemplates/@events/@event.10 //@expertTemplates/@events/@event.11 //@expertTemplates/@events/@event.13 //@expertTemplates/@events/@event.16 //@expertTemplates/@events/@event.23 //@expertTemplates/@events/@event.32 //@expertTemplates/@events/@event.36 //@expertTemplates/@events/@event.38 //@expertTemplates/@events/@event.39 //@expertTemplates/@events/@event.41 //@expertTemplates/@events/@event.42 //@expertTemplates/@events/@event.51 //@expertTemplates/@events/@event.55 //@expertTemplates/@events/@event.56 //@expertTemplates/@events/@event.57 //@expertTemplates/@events/@event.61 //@expertTemplates/@events/@event.72 //@expertTemplates/@events/@event.73 //@expertTemplates/@events/@event.75" optimizable="true" reconcilable="true">
        <keywords>ORDER</keywords>
        <arguments xsi:type="EM:ReferentialArgument" name="OPT_COMMENT_TYPE" dataType="CHARACTER" controlType="REFERENTIAL" validationType="REFERENTIAL" optimizable="true" reconcileScript="eks_p_codeset_cki_refhelp  &quot;14&quot;,&quot;CDF&quot;,&quot;&quot;" keyFieldIndex="2">
          <statements dependency="OPT_COMMENT_TYPE" statement="execute eks_t_set_ord_ref_help &quot;HELPCOMMENTTYPE&quot;, &quot;&quot; go"/>
        </arguments>
        <arguments name="OPT_COMMENT" dataType="CHARACTER" controlType="TEXT_MULTI_LINE" reconcileScript="N/A"/>
      </templateDefinitions>
    </actionTemplates>
  </expertTemplates>
  <ruleDefinition>
    <evokeSection>
      <evokes evokeEvent="//@expertTemplates/@events/@event.39">
        <logicExpression xsi:type="EM:InfixExpression">
          <leftExpression xsi:type="EM:Antecedent" id="E1" template="EKS_ORDER_LIST_E">
            <facts argument="ORD_METHOD">
              <value xsi:type="EM:StringValue" value="whose primary mnemonic is"/>
            </facts>
            <facts argument="OPT_ORDERS">
              <value xsi:type="EM:ListValue">
                <values xsi:type="EM:ListValue">
                  <values xsi:type="EM:CustomValue" hideDisplay="true">
                    <customValue xsi:type="EM:StringValue" value="CCK200:CERNER!AEBiWAEAguYNJIABn4waeg"/>
                  </values>
                  <values xsi:type="EM:StringValue" value="Discharge Patient"/>
                  <values xsi:type="EM:ListValue">
                    <values xsi:type="EM:CustomValue" hideDisplay="true">
                      <customValue xsi:type="EM:StringValue" value="636727.0|whose primary mnemonic is"/>
                    </values>
                    <values xsi:type="EM:CustomValue" hideDisplay="true">
                      <customValue xsi:type="EM:StringValue" value="D|636727.0|whose primary mnemonic is"/>
                    </values>
                  </values>
                </values>
              </value>
            </facts>
            <facts argument="OPT_ORDER_STATUS">
              <value xsi:type="EM:ListValue">
                <values xsi:type="EM:ListValue">
                  <values xsi:type="EM:CustomValue" hideDisplay="true">
                    <customValue xsi:type="EM:StringValue" value="CDF6004:ORDERED"/>
                  </values>
                  <values xsi:type="EM:StringValue" value="Ordered"/>
                </values>
              </value>
            </facts>
            <facts argument="OPT_ORDER_DETAIL">
              <value xsi:type="EM:StringValue"/>
            </facts>
            <facts argument="OPT_QUALIFIER">
              <value xsi:type="EM:StringValue"/>
            </facts>
            <facts argument="OPT_LIST">
              <value xsi:type="EM:StringValue"/>
            </facts>
          </leftExpression>
          <rightExpression xsi:type="EM:Antecedent" id="E2" template="EKS_DEBUGEKM_E">
            <facts argument="DEBUG_STATUS">
              <value xsi:type="EM:ListValue">
                <values xsi:type="EM:ListValue">
                  <values xsi:type="EM:CustomValue" hideDisplay="true">
                    <customValue xsi:type="EM:StringValue" value="5"/>
                  </values>
                  <values xsi:type="EM:StringValue" value="To FullAudit for this module only"/>
                </values>
              </value>
            </facts>
          </rightExpression>
        </logicExpression>
      </evokes>
    </evokeSection>
    <logicSection>
      <logicExpression xsi:type="EM:InfixExpression">
        <leftExpression xsi:type="EM:Antecedent" id="L1" template="EKS_ENCOUNTER_DETAIL_L">
          <facts argument="ENC_DETAIL">
            <value xsi:type="EM:ListValue">
              <values xsi:type="EM:ListValue">
                <values xsi:type="EM:CustomValue" hideDisplay="true">
                  <customValue xsi:type="EM:StringValue" value="ENCNTR_STATUS_CD\261"/>
                </values>
                <values xsi:type="EM:StringValue" value="Encounter Status"/>
              </values>
            </value>
          </facts>
          <facts argument="QUAL">
            <value xsi:type="EM:ListValue">
              <values xsi:type="EM:ListValue">
                <values xsi:type="EM:CustomValue" hideDisplay="true">
                  <customValue xsi:type="EM:StringValue" value="="/>
                </values>
                <values xsi:type="EM:StringValue" value="is listed"/>
              </values>
            </value>
          </facts>
          <facts argument="DETAIL_VALUE">
            <value xsi:type="EM:ListValue">
              <values xsi:type="EM:ListValue">
                <values xsi:type="EM:CustomValue" hideDisplay="true">
                  <customValue xsi:type="EM:StringValue" value="CKI.CODEVALUE!3980"/>
                </values>
                <values xsi:type="EM:StringValue" value="ACTIVE"/>
              </values>
            </value>
          </facts>
          <facts argument="OPT_LINK">
            <value xsi:type="EM:AntecedentReference"/>
          </facts>
        </leftExpression>
        <rightExpression xsi:type="EM:InfixExpression">
          <leftExpression xsi:type="EM:Antecedent" id="L2" template="EKS_ENCOUNTER_LOC_DETAIL_L">
            <facts argument="ENC_DETAIL">
              <value xsi:type="EM:ListValue">
                <values xsi:type="EM:ListValue">
                  <values xsi:type="EM:CustomValue" hideDisplay="true">
                    <customValue xsi:type="EM:StringValue" value="LOC_NURSE_UNIT_CD\220"/>
                  </values>
                  <values xsi:type="EM:StringValue" value="Location Nurse Unit"/>
                </values>
              </value>
            </facts>
            <facts argument="QUAL">
              <value xsi:type="EM:ListValue">
                <values xsi:type="EM:ListValue">
                  <values xsi:type="EM:CustomValue" hideDisplay="true">
                    <customValue xsi:type="EM:StringValue" value="="/>
                  </values>
                  <values xsi:type="EM:StringValue" value="is listed"/>
                </values>
              </value>
            </facts>
            <facts argument="DETAIL_VALUE">
              <value xsi:type="EM:ListValue">
                <values xsi:type="EM:ListValue">
                  <values xsi:type="EM:CustomValue" hideDisplay="true">
                    <customValue xsi:type="EM:StringValue" value="2552516785"/>
                  </values>
                  <values xsi:type="EM:StringValue" value="MHHS, MHHS, MHHS EB"/>
                  <values xsi:type="EM:ListValue">
                    <values xsi:type="EM:CustomValue" hideDisplay="true">
                      <customValue xsi:type="EM:StringValue" value="2552503639^MHHS^3"/>
                    </values>
                    <values xsi:type="EM:CustomValue" hideDisplay="true">
                      <customValue xsi:type="EM:StringValue" value="2552503677 ^MHHS, MHHS^3"/>
                    </values>
                    <values xsi:type="EM:CustomValue" hideDisplay="true">
                      <customValue xsi:type="EM:StringValue" value="2552516785 ^MHHS, MHHS, MHHS EB^3"/>
                    </values>
                    <values xsi:type="EM:CustomValue" hideDisplay="true">
                      <customValue xsi:type="EM:StringValue" value="2552516785^MHHS, MHHS, MHHS EB^3"/>
                    </values>
                  </values>
                </values>
              </value>
            </facts>
            <facts argument="OPT_LINK">
              <value xsi:type="EM:AntecedentReference"/>
            </facts>
          </leftExpression>
          <rightExpression xsi:type="EM:Antecedent" id="L3" template="EKS_ORDER_LIST_INCOMING_L">
            <facts argument="ORD_METHOD">
              <value xsi:type="EM:StringValue" value="whose primary mnemonic is"/>
            </facts>
            <facts argument="OPT_ORDERS">
              <value xsi:type="EM:ListValue">
                <values xsi:type="EM:ListValue">
                  <values xsi:type="EM:CustomValue" hideDisplay="true">
                    <customValue xsi:type="EM:StringValue" value="CCK200:CERNER!AEBiWAEAguYNJIABn4waeg"/>
                  </values>
                  <values xsi:type="EM:StringValue" value="Discharge Patient"/>
                  <values xsi:type="EM:ListValue">
                    <values xsi:type="EM:CustomValue" hideDisplay="true">
                      <customValue xsi:type="EM:StringValue" value="636727.0|whose primary mnemonic is"/>
                    </values>
                    <values xsi:type="EM:CustomValue" hideDisplay="true">
                      <customValue xsi:type="EM:StringValue" value="D|636727.0|whose primary mnemonic is"/>
                    </values>
                  </values>
                </values>
              </value>
            </facts>
            <facts argument="OPT_ORDER_STATUS">
              <value xsi:type="EM:ListValue">
                <values xsi:type="EM:ListValue">
                  <values xsi:type="EM:CustomValue" hideDisplay="true">
                    <customValue xsi:type="EM:StringValue" value="CDF6004:ORDERED"/>
                  </values>
                  <values xsi:type="EM:StringValue" value="Ordered"/>
                </values>
              </value>
            </facts>
            <facts argument="OPT_ORDER_DETAIL">
              <value xsi:type="EM:StringValue"/>
            </facts>
            <facts argument="OPT_QUALIFIER">
              <value xsi:type="EM:StringValue"/>
            </facts>
            <facts argument="OPT_LIST">
              <value xsi:type="EM:StringValue"/>
            </facts>
          </rightExpression>
        </rightExpression>
      </logicExpression>
    </logicSection>
    <actionSection>
      <action xsi:type="EM:ActionExpression">
        <logicExpression xsi:type="EM:InfixExpression">
          <leftExpression xsi:type="EM:Antecedent" id="A1" template="EKS_SETUP_ADD_ORDERS_A">
            <facts argument="GROUP_NAME">
              <value xsi:type="EM:StringValue" value="Boarded Discharge"/>
            </facts>
            <facts argument="ORDERS">
              <value xsi:type="EM:ListValue">
                <values xsi:type="EM:ListValue">
                  <values xsi:type="EM:CustomValue" hideDisplay="true">
                    <customValue xsi:type="EM:StringValue" value="3160067927.0|3160067923.0|636118.0|Boarded Discharge ED|2515.0"/>
                  </values>
                  <values xsi:type="EM:StringValue" value="Boarded Discharge ED"/>
                  <values xsi:type="EM:ListValue">
                    <values xsi:type="EM:CustomValue" hideDisplay="true">
                      <customValue xsi:type="EM:StringValue" value="2515.0"/>
                    </values>
                    <values xsi:type="EM:CustomValue" hideDisplay="true">
                      <customValue xsi:type="EM:StringValue" value="B|2515.0"/>
                    </values>
                  </values>
                </values>
              </value>
            </facts>
            <facts argument="OPT_COMMENT_TYPE">
              <value xsi:type="EM:StringValue"/>
            </facts>
            <facts argument="OPT_COMMENT">
              <value xsi:type="EM:StringValue"/>
            </facts>
            <facts argument="OPT_SCOPE">
              <value xsi:type="EM:ListValue">
                <values xsi:type="EM:ListValue">
                  <values xsi:type="EM:CustomValue" hideDisplay="true">
                    <customValue xsi:type="EM:StringValue" value="2"/>
                  </values>
                  <values xsi:type="EM:StringValue" value="the same encounter"/>
                </values>
              </value>
            </facts>
            <facts argument="OPT_LINK">
              <value xsi:type="EM:AntecedentReference" antecedent="//@ruleDefinition/@logicSection/@logicExpression/@leftExpression"/>
            </facts>
          </leftExpression>
          <rightExpression xsi:type="EM:InfixExpression">
            <leftExpression xsi:type="EM:Antecedent" id="A2" template="EKS_SET_ORDER_DETAIL_A">
              <facts argument="SET_ACTION">
                <value xsi:type="EM:StringValue" value="SET"/>
              </facts>
              <facts argument="ORDER_DETAIL">
                <value xsi:type="EM:ListValue">
                  <values xsi:type="EM:ListValue">
                    <values xsi:type="EM:CustomValue" hideDisplay="true">
                      <customValue xsi:type="EM:StringValue" value="I|communicationTypeCd|1|2|6006|+oa.communication_type_cd|1"/>
                    </values>
                    <values xsi:type="EM:StringValue" value="Communication Type"/>
                    <values xsi:type="EM:ListValue">
                      <values xsi:type="EM:CustomValue" hideDisplay="true">
                        <customValue xsi:type="EM:StringValue" value="ORDER LIST"/>
                      </values>
                    </values>
                  </values>
                </value>
              </facts>
              <facts argument="OPT_VALUE">
                <value xsi:type="EM:ListValue">
                  <values xsi:type="EM:ListValue">
                    <values xsi:type="EM:CustomValue" hideDisplay="true">
                      <customValue xsi:type="EM:StringValue" value="CKI.CODEVALUE!3362423"/>
                    </values>
                    <values xsi:type="EM:StringValue" value="Discern Expert"/>
                    <values xsi:type="EM:ListValue">
                      <values xsi:type="EM:CustomValue" hideDisplay="true">
                        <customValue xsi:type="EM:StringValue" value="I|communicationTypeCd|1|2|6006"/>
                      </values>
                    </values>
                  </values>
                </value>
              </facts>
              <facts argument="OPT_LINK">
                <value xsi:type="EM:AntecedentReference"/>
              </facts>
              <facts argument="GROUP_NAME">
                <value xsi:type="EM:StringValue" value="Boarded Discharge"/>
              </facts>
            </leftExpression>
            <rightExpression xsi:type="EM:InfixExpression">
              <leftExpression xsi:type="EM:Antecedent" id="A3" template="EKS_SET_ORDER_DETAIL_A">
                <facts argument="SET_ACTION">
                  <value xsi:type="EM:StringValue" value="SET"/>
                </facts>
                <facts argument="ORDER_DETAIL">
                  <value xsi:type="EM:ListValue">
                    <values xsi:type="EM:ListValue">
                      <values xsi:type="EM:CustomValue" hideDisplay="true">
                        <customValue xsi:type="EM:StringValue" value="X|24153512.0|1|2|100207|OTHER|I"/>
                      </values>
                      <values xsi:type="EM:StringValue" value="Discharge Patient To,"/>
                      <values xsi:type="EM:ListValue">
                        <values xsi:type="EM:CustomValue" hideDisplay="true">
                          <customValue xsi:type="EM:StringValue" value="ORDER ENTRY FIELD"/>
                        </values>
                      </values>
                    </values>
                  </value>
                </facts>
                <facts argument="OPT_VALUE">
                  <value xsi:type="EM:StringValue"/>
                </facts>
                <facts argument="OPT_LINK">
                  <value xsi:type="EM:AntecedentReference" antecedent="//@ruleDefinition/@logicSection/@logicExpression/@rightExpression/@rightExpression"/>
                </facts>
                <facts argument="GROUP_NAME">
                  <value xsi:type="EM:StringValue" value="Boarded Discharge"/>
                </facts>
              </leftExpression>
              <rightExpression xsi:type="EM:Antecedent" id="A4" template="EKS_CALL_ORDER_SERVER_A">
                <facts argument="OPT_COMMENT_TYPE">
                  <value xsi:type="EM:StringValue"/>
                </facts>
                <facts argument="OPT_COMMENT">
                  <value xsi:type="EM:StringValue"/>
                </facts>
              </rightExpression>
            </rightExpression>
          </rightExpression>
        </logicExpression>
      </action>
    </actionSection>
  </ruleDefinition>
</EM:ExpertModule>
