<?xml version="1.0" encoding="ASCII"?>
<EM:ExpertModule xmi:version="2.0" xmlns:xmi="http://www.omg.org/XMI" xmlns:xsi="http://www.w3.org/2001/XMLSchema-instance" xmlns:EM="http:///com.cerner.expert/expertmodule/1.0.0" moduleName="COV_QM_FLU_IMM_ORDER">
  <information>
    <runtimeInformation versionString="001.007" externalFileName="COV_QM_FLU_IMM_ORDER" lastUpdated="2021-09-09T15:51:31.000-0400" validtionType="PRODUCTION" title="COV_QM_FLU_IMM_ORDER" reconcileFlag="1" reconcileDate="2021-09-09T15:51:31.000-0400">
      <duration start="2021-09-09T00:00:00.000-0400" end="2100-12-31T23:59:59.000-0500"/>
      <updateUser userName="PARAMASIVAM, GEETHA"/>
    </runtimeInformation>
    <documentation author="GEETHA PARAMASIVAM" institution="COVENANT HEALTH" specialist=""/>
  </information>
  <expertTemplates>
    <events>
      <event name=""/>
      <event name="ADDPROBLEM"/>
      <event name="ADDTOSCRATCHPAD"/>
      <event name="ALLERGY_EVENT"/>
      <event name="AP_ORDER_EVENT"/>
      <event name="BB_RESULT_EVENT"/>
      <event name="CBTFLEXORDERS"/>
      <event name="CHART_SERVER_EVENT"/>
      <event name="CLINICALTRIALSCREEN"/>
      <event name="CLINICAL_EVENT"/>
      <event name="CLOSECHART"/>
      <event name="COLLECTION_EVENT"/>
      <event name="DCP_CN_TASK_UPD"/>
      <event name="DCP_MODTASK_EVENT"/>
      <event name="DCP_PW_COND"/>
      <event name="DCP_PW_OUTCOME_EVENT"/>
      <event name="DIAGNOSIS_EVENT"/>
      <event name="EKS_FORMAT"/>
      <event name="EKS_SYNC_TEST01"/>
      <event name="EKS_TEST_02"/>
      <event name="EKS_TEST_EVENT"/>
      <event name="EKS_TEST_EVENT01"/>
      <event name="ENSURE_EVENT"/>
      <event name="EXPERT_EVENT"/>
      <event name="HEALTHE_EVENT"/>
      <event name="HEALTH_MAINT_QUAL_EVENT"/>
      <event name="HIM_ADD_REQUEST"/>
      <event name="HIM_ADMIT_EVENT"/>
      <event name="HIM_PATIENT_INFO_REQUEST"/>
      <event name="HIM_TEST_EVENT"/>
      <event name="HL7_EVENT"/>
      <event name="MB_EXPEDITE"/>
      <event name="MB_RESULT_EVENT"/>
      <event name="MB_SCRIPTED_WORKUPS"/>
      <event name="MB_SUSCEPTIBILITY"/>
      <event name="MDI_RESULT_EVENT"/>
      <event name="MEDCHARTACTIVATE"/>
      <event name="MPI_ADT"/>
      <event name="OPENCHART"/>
      <event name="ORDERDETAILSET"/>
      <event name="ORDER_EVENT"/>
      <event name="ORDER_PRO_TEST1"/>
      <event name="PATIENT_EVENT"/>
      <event name="PCA_EXPERT_EVENT"/>
      <event name="Person_Transaction"/>
      <event name="PFT_Add_Account"/>
      <event name="PFT_ADJ_WO"/>
      <event name="PFT_CHARGE_EVENT"/>
      <event name="pft_check_amount"/>
      <event name="PFT_VEHICLE"/>
      <event name="PNTFLEXREFRANGE"/>
      <event name="POWERPLANFLEX"/>
      <event name="PROBLEM_EVENT"/>
      <event name="PROFIT_1450_CLAIM_EVENT"/>
      <event name="PROFIT_1500_CLAIM_EVENT"/>
      <event name="PROVIDER_CHG_EVENT"/>
      <event name="PROVIDE_EVENT"/>
      <event name="PWRCHRT_ADD_ORDER"/>
      <event name="RESULT_EVENT"/>
      <event name="RESULT_EVENT_CSM"/>
      <event name="RESULT_EVENT_TEST"/>
      <event name="RXACLAIMSTATUS"/>
      <event name="RXADISPENSESTATUS"/>
      <event name="RXAPRODUCTSELECT"/>
      <event name="RXAWORKQUESTATUS"/>
      <event name="SAASADDTOSCRATCHPAD"/>
      <event name="SAASORDERDETAILSET"/>
      <event name="SAASSIGNORDER"/>
      <event name="SCH_ACTION_EVENT"/>
      <event name="SIGNORDER"/>
      <event name="SN New Pref Card Created"/>
      <event name="SN_CASE_CHECK_IN_EVENT"/>
      <event name="SN_CASE_EVENT"/>
      <event name="SN_CASE_SCHEDULE_EVENT"/>
      <event name="SN_DOCUMENT_OPEN"/>
      <event name="SN_DOCUMENT_STATE"/>
      <event name="SN_FINALIZE_DOC_EVENT"/>
      <event name="SN_PROCEDURE_SCHEDULE"/>
      <event name="SN_SAVE_PROCEDURE"/>
      <event name="SN_TEST_EVENT"/>
      <event name="SOCIAL_HISTORY_ADD"/>
      <event name="SYNCHEVENT"/>
      <event name="TOCFLEX"/>
      <event name="TOUCHOPENCHART"/>
    </events>
    <evokeTemplates>
      <templateDefinitions xsi:type="EM:ExpertTemplate" name="EKS_EXPERT_TRIGGER_E" definition="the Expert trigger is listed in TRIGGER." description="Trigger" eventDependency="//@expertTemplates/@events/@event.8 //@expertTemplates/@events/@event.23 //@expertTemplates/@events/@event.43" reconcilable="true">
        <keywords>EXPERTEVENT</keywords>
        <arguments xsi:type="EM:ReferentialArgument" name="TRIGGER" dataType="CHARACTER" controlType="LISTBOX" validationType="REFERENTIAL" required="true" reconcileScript="N/A">
          <statements dependency="TRIGGER" statement="select trigger_name=&quot;Double click in lower box to enter trigger name(s)&quot; from (dummyt d with seq = 1)"/>
        </arguments>
      </templateDefinitions>
      <templateDefinitions xsi:type="EM:ExpertTemplate" name="EKS_DEBUGEKM_E" definition="Turn debug messaging DEBUG_STATUS" description="Turn debug messaging on or off" eventDependency="//@expertTemplates/@events/@event.1 //@expertTemplates/@events/@event.2 //@expertTemplates/@events/@event.3 //@expertTemplates/@events/@event.4 //@expertTemplates/@events/@event.5 //@expertTemplates/@events/@event.8 //@expertTemplates/@events/@event.9 //@expertTemplates/@events/@event.10 //@expertTemplates/@events/@event.11 //@expertTemplates/@events/@event.13 //@expertTemplates/@events/@event.16 //@expertTemplates/@events/@event.23 //@expertTemplates/@events/@event.26 //@expertTemplates/@events/@event.27 //@expertTemplates/@events/@event.28 //@expertTemplates/@events/@event.31 //@expertTemplates/@events/@event.32 //@expertTemplates/@events/@event.33 //@expertTemplates/@events/@event.34 //@expertTemplates/@events/@event.36 //@expertTemplates/@events/@event.38 //@expertTemplates/@events/@event.39 //@expertTemplates/@events/@event.40 //@expertTemplates/@events/@event.42 //@expertTemplates/@events/@event.43 //@expertTemplates/@events/@event.46 //@expertTemplates/@events/@event.45 //@expertTemplates/@events/@event.49 //@expertTemplates/@events/@event.50 //@expertTemplates/@events/@event.51 //@expertTemplates/@events/@event.52 //@expertTemplates/@events/@event.56 //@expertTemplates/@events/@event.58 //@expertTemplates/@events/@event.59 //@expertTemplates/@events/@event.61 //@expertTemplates/@events/@event.62 //@expertTemplates/@events/@event.63 //@expertTemplates/@events/@event.64 //@expertTemplates/@events/@event.65 //@expertTemplates/@events/@event.66 //@expertTemplates/@events/@event.67 //@expertTemplates/@events/@event.69 //@expertTemplates/@events/@event.70 //@expertTemplates/@events/@event.71 //@expertTemplates/@events/@event.72 //@expertTemplates/@events/@event.73 //@expertTemplates/@events/@event.74 //@expertTemplates/@events/@event.75 //@expertTemplates/@events/@event.76 //@expertTemplates/@events/@event.77 //@expertTemplates/@events/@event.78 //@expertTemplates/@events/@event.80 //@expertTemplates/@events/@event.81 //@expertTemplates/@events/@event.82 //@expertTemplates/@events/@event.83 //@expertTemplates/@events/@event.48" reconcilable="true" alwaysTrue="true">
        <keywords>UTILITY</keywords>
        <arguments xsi:type="EM:ReferentialArgument" name="DEBUG_STATUS" dataType="CHARACTER" controlType="REFERENTIAL" validationType="READ_ONLY" required="true" reconcileScript="N/A" keyFieldIndex="2">
          <statements dependency="DEBUG_STATUS" statement="select debug_status = if (d.seq =  1) &quot;On for subsequent Evoke Templates&quot;&#xD;&#xA; elseif (d.seq = 2) &quot;Off for subsequent Evoke Templates&quot;&#xD;&#xA; elseif (d.seq = 3) &quot;On for all Logic Templates&quot;&#xD;&#xA; elseif (d.seq = 4) &quot;On for all Action Templates&quot;&#xD;&#xA; elseif (d.seq = 5) &quot;On for all Logic and Action Templates&quot;&#xD;&#xA; elseif (d.seq = 6) &quot;To FullAudit for this module only&quot;&#xD;&#xA; elseif (d.seq = 7) &quot;Additional EKSDATA logging&quot;&#xD;&#xA;ENDIF,&#xD;&#xA;_hidden = if (d.seq = 1) 1&#xD;&#xA; elseif (d.seq=2) 0&#xD;&#xA; elseif (d.seq=3) 2&#xD;&#xA; elseif (d.seq=4) 3&#xD;&#xA; elseif (d.seq=5) 4&#xD;&#xA; elseif (d.seq=6) 5&#xD;&#xA; elseif (d.seq=7) 6&#xD;&#xA;endif&#xD;&#xA;&#xD;&#xA;FROM (DUMMYT D WITH SEQ = VALUE(7))"/>
        </arguments>
      </templateDefinitions>
    </evokeTemplates>
    <logicTemplates>
      <templateDefinitions xsi:type="EM:ExpertTemplate" name="EKS_LOGIC_TRUE" definition="LOGIC is true" description="Always true" eventDependency="//@expertTemplates/@events/@event.1 //@expertTemplates/@events/@event.2 //@expertTemplates/@events/@event.3 //@expertTemplates/@events/@event.8 //@expertTemplates/@events/@event.9 //@expertTemplates/@events/@event.10 //@expertTemplates/@events/@event.11 //@expertTemplates/@events/@event.13 //@expertTemplates/@events/@event.16 //@expertTemplates/@events/@event.23 //@expertTemplates/@events/@event.24 //@expertTemplates/@events/@event.36 //@expertTemplates/@events/@event.38 //@expertTemplates/@events/@event.39 //@expertTemplates/@events/@event.40 //@expertTemplates/@events/@event.42 //@expertTemplates/@events/@event.43 //@expertTemplates/@events/@event.50 //@expertTemplates/@events/@event.51 //@expertTemplates/@events/@event.52 //@expertTemplates/@events/@event.56 //@expertTemplates/@events/@event.58 //@expertTemplates/@events/@event.59 //@expertTemplates/@events/@event.61 //@expertTemplates/@events/@event.62 //@expertTemplates/@events/@event.63 //@expertTemplates/@events/@event.64 //@expertTemplates/@events/@event.65 //@expertTemplates/@events/@event.66 //@expertTemplates/@events/@event.67 //@expertTemplates/@events/@event.68 //@expertTemplates/@events/@event.69 //@expertTemplates/@events/@event.80 //@expertTemplates/@events/@event.81 //@expertTemplates/@events/@event.82 //@expertTemplates/@events/@event.83" reconcilable="true" alwaysTrue="true">
        <keywords>UTILITY</keywords>
        <arguments name="LOGIC" dataType="CHARACTER" reconcileScript="N/A">
          <defaultValue xsi:type="EM:StringValue" value="@quot;LOGIC@quot;"/>
        </arguments>
      </templateDefinitions>
    </logicTemplates>
    <actionTemplates>
      <templateDefinitions xsi:type="EM:ExpertTemplate" name="EKS_SETUP_ADD_ORDERS_A" definition="Setup GROUP_NAME to add ORDERS with OPT_COMMENT_TYPE of OPT_COMMENT for OPT_SCOPE as OPT_LINK" description="Prepare orderables to be sent to the Order Server" eventDependency="//@expertTemplates/@events/@event.2 //@expertTemplates/@events/@event.3 //@expertTemplates/@events/@event.5 //@expertTemplates/@events/@event.8 //@expertTemplates/@events/@event.9 //@expertTemplates/@events/@event.10 //@expertTemplates/@events/@event.11 //@expertTemplates/@events/@event.13 //@expertTemplates/@events/@event.16 //@expertTemplates/@events/@event.23 //@expertTemplates/@events/@event.32 //@expertTemplates/@events/@event.36 //@expertTemplates/@events/@event.38 //@expertTemplates/@events/@event.39 //@expertTemplates/@events/@event.40 //@expertTemplates/@events/@event.42 //@expertTemplates/@events/@event.43 //@expertTemplates/@events/@event.52 //@expertTemplates/@events/@event.58 //@expertTemplates/@events/@event.59 //@expertTemplates/@events/@event.61 //@expertTemplates/@events/@event.62 //@expertTemplates/@events/@event.63 //@expertTemplates/@events/@event.64 //@expertTemplates/@events/@event.65 //@expertTemplates/@events/@event.66 //@expertTemplates/@events/@event.67 //@expertTemplates/@events/@event.69 //@expertTemplates/@events/@event.80 //@expertTemplates/@events/@event.81 //@expertTemplates/@events/@event.83" optimizable="true" reconcilable="true">
        <keywords>ORDER</keywords>
        <arguments name="GROUP_NAME" dataType="CHARACTER" required="true" reconcileScript="N/A"/>
        <arguments xsi:type="EM:ReferentialArgument" name="ORDERS" dataType="CHARACTER" controlType="LISTBOX" validationType="READ_ONLY" required="true" reconcileScript="eks_p_orders_ordersets &quot;ORDERS&quot;" keyFieldIndex="2">
          <statements dependency="ORDERS" statement="execute eks_t_set_ord_ref_help &quot;HELPCATALOGTYPE&quot;, &quot;&quot; go"/>
          <statements dependency="ORDERS" statement="execute eks_t_set_ord_ref_help &quot;HELPORDALPHA&quot;, PAR1 go"/>
          <statements dependency="ORDERS" statement="execute eks_t_set_ord_ref_help &quot;HELPORDERS&quot;, PAR1 go"/>
        </arguments>
        <arguments xsi:type="EM:ReferentialArgument" name="OPT_COMMENT_TYPE" dataType="CHARACTER" controlType="REFERENTIAL" validationType="REFERENTIAL" optimizable="true" reconcileScript="eks_p_codeset_cki_refhelp  &quot;14&quot;,&quot;CDF&quot;,&quot;&quot;" keyFieldIndex="2">
          <statements dependency="OPT_COMMENT_TYPE" statement="execute eks_t_set_ord_ref_help &quot;HELPCOMMENTTYPE&quot;, &quot;&quot; go"/>
        </arguments>
        <arguments name="OPT_COMMENT" dataType="CHARACTER" controlType="TEXT_MULTI_LINE" reconcileScript="N/A"/>
        <arguments xsi:type="EM:ReferentialArgument" name="OPT_SCOPE" dataType="CHARACTER" controlType="REFERENTIAL" validationType="READ_ONLY" reconcileScript="N/A" keyFieldIndex="2">
          <statements dependency="OPT_SCOPE" statement="execute eks_t_set_ord_ref_help &quot;HELPSCOPE&quot;, &quot;&quot; go"/>
        </arguments>
        <arguments name="OPT_LINK" dataType="LINK" controlType="TEMPLATE_REFERENCE" reconcileScript="N/A"/>
      </templateDefinitions>
      <templateDefinitions xsi:type="EM:ExpertTemplate" name="EKS_CALL_ORDER_SERVER_A" definition="Call order server with OPT_COMMENT_TYPE of OPT_COMMENT" description="Send orders and actions from prior templates to the Order Server" eventDependency="//@expertTemplates/@events/@event.1 //@expertTemplates/@events/@event.2 //@expertTemplates/@events/@event.3 //@expertTemplates/@events/@event.5 //@expertTemplates/@events/@event.8 //@expertTemplates/@events/@event.9 //@expertTemplates/@events/@event.10 //@expertTemplates/@events/@event.11 //@expertTemplates/@events/@event.13 //@expertTemplates/@events/@event.16 //@expertTemplates/@events/@event.23 //@expertTemplates/@events/@event.32 //@expertTemplates/@events/@event.36 //@expertTemplates/@events/@event.38 //@expertTemplates/@events/@event.39 //@expertTemplates/@events/@event.40 //@expertTemplates/@events/@event.42 //@expertTemplates/@events/@event.43 //@expertTemplates/@events/@event.52 //@expertTemplates/@events/@event.56 //@expertTemplates/@events/@event.57 //@expertTemplates/@events/@event.58 //@expertTemplates/@events/@event.61 //@expertTemplates/@events/@event.62 //@expertTemplates/@events/@event.63 //@expertTemplates/@events/@event.64 //@expertTemplates/@events/@event.65 //@expertTemplates/@events/@event.66 //@expertTemplates/@events/@event.67 //@expertTemplates/@events/@event.69 //@expertTemplates/@events/@event.80 //@expertTemplates/@events/@event.81 //@expertTemplates/@events/@event.83" optimizable="true" reconcilable="true">
        <keywords>ORDER</keywords>
        <arguments xsi:type="EM:ReferentialArgument" name="OPT_COMMENT_TYPE" dataType="CHARACTER" controlType="REFERENTIAL" validationType="REFERENTIAL" optimizable="true" reconcileScript="eks_p_codeset_cki_refhelp  &quot;14&quot;,&quot;CDF&quot;,&quot;&quot;" keyFieldIndex="2">
          <statements dependency="OPT_COMMENT_TYPE" statement="execute eks_t_set_ord_ref_help &quot;HELPCOMMENTTYPE&quot;, &quot;&quot; go"/>
        </arguments>
        <arguments name="OPT_COMMENT" dataType="CHARACTER" controlType="TEXT_MULTI_LINE" reconcileScript="N/A"/>
      </templateDefinitions>
    </actionTemplates>
  </expertTemplates>
  <ruleDefinition>
    <evokeSection>
      <evokes evokeEvent="//@expertTemplates/@events/@event.23">
        <logicExpression xsi:type="EM:InfixExpression">
          <leftExpression xsi:type="EM:Antecedent" id="E1" template="EKS_EXPERT_TRIGGER_E">
            <facts argument="TRIGGER">
              <value xsi:type="EM:ListValue">
                <values xsi:type="EM:ListValue">
                  <values xsi:type="EM:CustomValue" hideDisplay="true">
                    <customValue xsi:type="EM:StringValue" value=" "/>
                  </values>
                  <values xsi:type="EM:StringValue" value="CALL_FLU_IMM_EKM_FROM_OPS"/>
                </values>
              </value>
            </facts>
          </leftExpression>
          <rightExpression xsi:type="EM:Antecedent" id="E2" template="EKS_DEBUGEKM_E">
            <facts argument="DEBUG_STATUS">
              <value xsi:type="EM:ListValue">
                <values xsi:type="EM:ListValue">
                  <values xsi:type="EM:CustomValue" hideDisplay="true">
                    <customValue xsi:type="EM:StringValue" value="5"/>
                  </values>
                  <values xsi:type="EM:StringValue" value="To FullAudit for this module only"/>
                </values>
              </value>
            </facts>
          </rightExpression>
        </logicExpression>
      </evokes>
    </evokeSection>
    <logicSection>
      <logicExpression xsi:type="EM:Antecedent" id="L1" template="EKS_LOGIC_TRUE">
        <facts argument="LOGIC">
          <value xsi:type="EM:StringValue" value="@quot;LOGIC@quot;"/>
        </facts>
      </logicExpression>
    </logicSection>
    <actionSection>
      <action xsi:type="EM:ActionExpression">
        <logicExpression xsi:type="EM:InfixExpression">
          <leftExpression xsi:type="EM:Antecedent" id="A1" template="EKS_SETUP_ADD_ORDERS_A">
            <facts argument="GROUP_NAME">
              <value xsi:type="EM:StringValue" value="IMM"/>
            </facts>
            <facts argument="ORDERS">
              <value xsi:type="EM:ListValue">
                <values xsi:type="EM:ListValue">
                  <values xsi:type="EM:CustomValue" hideDisplay="true">
                    <customValue xsi:type="EM:StringValue" value="3900687819.0|3900687815.0|683809.0|Influenza Screening Current Flu Season|2515.0"/>
                  </values>
                  <values xsi:type="EM:StringValue" value="Influenza Screening Current Flu Season"/>
                  <values xsi:type="EM:ListValue">
                    <values xsi:type="EM:CustomValue" hideDisplay="true">
                      <customValue xsi:type="EM:StringValue" value="2515.0"/>
                    </values>
                    <values xsi:type="EM:CustomValue" hideDisplay="true">
                      <customValue xsi:type="EM:StringValue" value="I|2515.0"/>
                    </values>
                  </values>
                </values>
              </value>
            </facts>
            <facts argument="OPT_COMMENT_TYPE">
              <value xsi:type="EM:StringValue"/>
            </facts>
            <facts argument="OPT_COMMENT">
              <value xsi:type="EM:StringValue"/>
            </facts>
            <facts argument="OPT_SCOPE">
              <value xsi:type="EM:ListValue">
                <values xsi:type="EM:ListValue">
                  <values xsi:type="EM:CustomValue" hideDisplay="true">
                    <customValue xsi:type="EM:StringValue" value="2"/>
                  </values>
                  <values xsi:type="EM:StringValue" value="the same encounter"/>
                </values>
              </value>
            </facts>
            <facts argument="OPT_LINK">
              <value xsi:type="EM:AntecedentReference" antecedent="//@ruleDefinition/@logicSection/@logicExpression"/>
            </facts>
          </leftExpression>
          <rightExpression xsi:type="EM:InfixExpression">
            <leftExpression xsi:type="EM:Antecedent" id="A2" template="EKS_CALL_ORDER_SERVER_A">
              <facts argument="OPT_COMMENT_TYPE">
                <value xsi:type="EM:ListValue">
                  <values xsi:type="EM:ListValue">
                    <values xsi:type="EM:CustomValue" hideDisplay="true">
                      <customValue xsi:type="EM:StringValue" value="CDF14:ORD COMMENT"/>
                    </values>
                    <values xsi:type="EM:StringValue" value="Order Comment"/>
                  </values>
                </value>
              </facts>
              <facts argument="OPT_COMMENT">
                <value xsi:type="EM:StringValue" value="Order created by COV_QM_FLU_IMM_ORDER Rule."/>
              </facts>
            </leftExpression>
            <rightExpression xsi:type="EM:InfixExpression">
              <leftExpression xsi:type="EM:Antecedent" id="A3" template="EKS_SETUP_ADD_ORDERS_A">
                <facts argument="GROUP_NAME">
                  <value xsi:type="EM:StringValue" value="IMM"/>
                </facts>
                <facts argument="ORDERS">
                  <value xsi:type="EM:ListValue">
                    <values xsi:type="EM:ListValue">
                      <values xsi:type="EM:CustomValue" hideDisplay="true">
                        <customValue xsi:type="EM:StringValue" value="22337318.0|22337316.0|683808.0|Immunizations Quality Measures|2515.0"/>
                      </values>
                      <values xsi:type="EM:StringValue" value="Immunizations Quality Measures"/>
                      <values xsi:type="EM:ListValue">
                        <values xsi:type="EM:CustomValue" hideDisplay="true">
                          <customValue xsi:type="EM:StringValue" value="2515.0"/>
                        </values>
                        <values xsi:type="EM:CustomValue" hideDisplay="true">
                          <customValue xsi:type="EM:StringValue" value="I|2515.0"/>
                        </values>
                      </values>
                    </values>
                  </value>
                </facts>
                <facts argument="OPT_COMMENT_TYPE">
                  <value xsi:type="EM:StringValue"/>
                </facts>
                <facts argument="OPT_COMMENT">
                  <value xsi:type="EM:StringValue"/>
                </facts>
                <facts argument="OPT_SCOPE">
                  <value xsi:type="EM:ListValue">
                    <values xsi:type="EM:ListValue">
                      <values xsi:type="EM:CustomValue" hideDisplay="true">
                        <customValue xsi:type="EM:StringValue" value="2"/>
                      </values>
                      <values xsi:type="EM:StringValue" value="the same encounter"/>
                    </values>
                  </value>
                </facts>
                <facts argument="OPT_LINK">
                  <value xsi:type="EM:AntecedentReference" antecedent="//@ruleDefinition/@logicSection/@logicExpression"/>
                </facts>
              </leftExpression>
              <rightExpression xsi:type="EM:Antecedent" id="A4" template="EKS_CALL_ORDER_SERVER_A">
                <facts argument="OPT_COMMENT_TYPE">
                  <value xsi:type="EM:ListValue">
                    <values xsi:type="EM:ListValue">
                      <values xsi:type="EM:CustomValue" hideDisplay="true">
                        <customValue xsi:type="EM:StringValue" value="CDF14:ORD COMMENT"/>
                      </values>
                      <values xsi:type="EM:StringValue" value="Order Comment"/>
                    </values>
                  </value>
                </facts>
                <facts argument="OPT_COMMENT">
                  <value xsi:type="EM:StringValue" value="Order created by COV_QM_FLU_IMM_ORDER Rule."/>
                </facts>
              </rightExpression>
            </rightExpression>
          </rightExpression>
        </logicExpression>
      </action>
    </actionSection>
  </ruleDefinition>
</EM:ExpertModule>
