<?xml version="1.0" encoding="ASCII"?>
<EM:ExpertModule xmi:version="2.0" xmlns:xmi="http://www.omg.org/XMI" xmlns:xsi="http://www.w3.org/2001/XMLSchema-instance" xmlns:EM="http:///com.cerner.expert/expertmodule/1.0.0" moduleName="COV_PBH_TOB_EDUCATION">
  <information>
    <runtimeInformation versionString="001.017" externalFileName="COV_PBH_TOB_EDUCATION" lastUpdated="2018-05-03T12:20:27.000-0400" validtionType="PRODUCTION" title="COV_PBH_TOB_EDUCATION" reconcileFlag="3" reconcileDate="2018-05-03T12:20:27.000-0400">
      <duration start="2018-04-25T00:00:00.000-0400" end="2100-12-31T00:00:00.000-0500"/>
      <updateUser userName="SARAVANAN, GEETHA"/>
    </runtimeInformation>
    <documentation author="SARAVANAN, GEETHA" institution="COVENANT HEALTH" specialist="Behavioral Health" purpose="To ensure the tobacco cessation education is completed. This will help meet the TOB-2 and TOB-3 measure for the CMS Quality Reporting IPFQR Programs.&#xA;&#xA;&#x201c;Tobacco Use Status&#x201d; (on BH Nursing History Adult, under &#x201c;Social History&#x201d; tab)"/>
  </information>
  <expertTemplates>
    <events>
      <event name=""/>
      <event name="ADDPROBLEM"/>
      <event name="ADDTOSCRATCHPAD"/>
      <event name="ALLERGY_EVENT"/>
      <event name="AP_ORDER_EVENT"/>
      <event name="BB_RESULT_EVENT"/>
      <event name="CBTFLEXORDERS"/>
      <event name="CHART_SERVER_EVENT"/>
      <event name="CLINICALTRIALSCREEN"/>
      <event name="CLINICAL_EVENT"/>
      <event name="CLOSECHART"/>
      <event name="COLLECTION_EVENT"/>
      <event name="DCP_CN_TASK_UPD"/>
      <event name="DCP_MODTASK_EVENT"/>
      <event name="DCP_PW_COND"/>
      <event name="DCP_PW_OUTCOME_EVENT"/>
      <event name="DIAGNOSIS_EVENT"/>
      <event name="EKS_FORMAT"/>
      <event name="EKS_SYNC_TEST01"/>
      <event name="EKS_TEST_02"/>
      <event name="EKS_TEST_EVENT"/>
      <event name="EKS_TEST_EVENT01"/>
      <event name="ENSURE_EVENT"/>
      <event name="EXPERT_EVENT"/>
      <event name="HEALTHE_EVENT"/>
      <event name="HEALTH_MAINT_QUAL_EVENT"/>
      <event name="HIM_ADD_REQUEST"/>
      <event name="HIM_ADMIT_EVENT"/>
      <event name="HIM_PATIENT_INFO_REQUEST"/>
      <event name="HIM_TEST_EVENT"/>
      <event name="HL7_EVENT"/>
      <event name="MB_EXPEDITE"/>
      <event name="MB_RESULT_EVENT"/>
      <event name="MB_SCRIPTED_WORKUPS"/>
      <event name="MB_SUSCEPTIBILITY"/>
      <event name="MDI_RESULT_EVENT"/>
      <event name="MEDCHARTACTIVATE"/>
      <event name="MPI_ADT"/>
      <event name="OPENCHART"/>
      <event name="ORDER_EVENT"/>
      <event name="ORDER_PRO_TEST1"/>
      <event name="PATIENT_EVENT"/>
      <event name="PCA_EXPERT_EVENT"/>
      <event name="Person_Transaction"/>
      <event name="PFT_Add_Account"/>
      <event name="PFT_ADJ_WO"/>
      <event name="PFT_CHARGE_EVENT"/>
      <event name="pft_check_amount"/>
      <event name="PFT_VEHICLE"/>
      <event name="PNTFLEXREFRANGE"/>
      <event name="POWERPLANFLEX"/>
      <event name="PROBLEM_EVENT"/>
      <event name="PROFIT_1450_CLAIM_EVENT"/>
      <event name="PROFIT_1500_CLAIM_EVENT"/>
      <event name="PROVIDER_CHG_EVENT"/>
      <event name="PROVIDE_EVENT"/>
      <event name="PWRCHRT_ADD_ORDER"/>
      <event name="RESULT_EVENT"/>
      <event name="RESULT_EVENT_CSM"/>
      <event name="RESULT_EVENT_TEST"/>
      <event name="SCH_ACTION_EVENT"/>
      <event name="SIGNORDER"/>
      <event name="SN New Pref Card Created"/>
      <event name="SN_CASE_CHECK_IN_EVENT"/>
      <event name="SN_CASE_EVENT"/>
      <event name="SN_CASE_SCHEDULE_EVENT"/>
      <event name="SN_DOCUMENT_OPEN"/>
      <event name="SN_DOCUMENT_STATE"/>
      <event name="SN_FINALIZE_DOC_EVENT"/>
      <event name="SN_PROCEDURE_SCHEDULE"/>
      <event name="SN_SAVE_PROCEDURE"/>
      <event name="SN_TEST_EVENT"/>
      <event name="SOCIAL_HISTORY_ADD"/>
      <event name="SYNCHEVENT"/>
      <event name="TOCFLEX"/>
      <event name="TOUCHOPENCHART"/>
    </events>
    <evokeTemplates>
      <templateDefinitions xsi:type="EM:ExpertTemplate" name="HX_SOCIAL_EVAL_RESULTA_E" definition="The triggering request contains a result for SOCIAL_HISTORY_QUESTION that is EVALUATION VALUE1." description="The triggering request contains a result for SOCIAL_HISTORY_QUESTION that is EVALUATION VALUE1." eventDependency="//@expertTemplates/@events/@event.72">
        <keywords>HISTORIES</keywords>
        <arguments xsi:type="EM:ReferentialArgument" name="SOCIAL_HISTORY_QUESTION" dataType="CHARACTER" controlType="REFERENTIAL" validationType="READ_ONLY" required="true" keyFieldIndex="4">
          <statements dependency="SOCIAL_HISTORY_QUESTION" statement="SELECT&#xD;&#xA;&#x9;_HIDDEN_SOCIAL_HISTORY_QUESTION = concat(trim(dta.description),&quot; (&quot;,trim(scr.description),&quot;)&quot;),&#xD;&#xA;&#x9;CATEGORY = trim(scr.description),&#xD;&#xA;&#x9;DTA_DESCRIPTION = trim(dta.description),&#xD;&#xA;&#x9;_HIDDEN = dta.task_assay_cd&#xD;&#xA;&#x9;&#xD;&#xA;FROM&#xD;&#xA;&#x9;shx_category_ref&#x9;scr, &#xD;&#xA;&#x9;shx_category_def&#x9;scd,&#xD;&#xA;&#x9;shx_element&#x9;&#x9;&#x9;se,&#xD;&#xA;&#x9;discrete_task_assay&#x9;dta&#xD;&#xA;&#x9;&#xD;&#xA;PLAN scr&#xD;&#xA;&#xD;&#xA;JOIN scd&#xD;&#xA;&#x9;WHERE&#xD;&#xA;&#x9;&#x9;scd.shx_category_ref_id = scr.shx_category_ref_id&#xD;&#xA;&#x9;&#x9;AND&#xD;&#xA;&#x9;&#x9;scd.active_ind = 1&#xD;&#xA;&#xD;&#xA;JOIN se&#xD;&#xA;&#x9;WHERE&#xD;&#xA;&#x9;&#x9;se.shx_category_def_id = scd.shx_category_def_id&#xD;&#xA;&#x9;&#x9;AND&#xD;&#xA;&#x9;&#x9;se.input_type_cd =&#xD;&#xA;(select cv.code_value from code_value cv where cv.code_set = 4002169 AND (cv.cdf_meaning IN (&quot;COMBO&quot;,&quot;MULTILIST&quot;,&quot;RADIO&quot;,&quot;SNGLSELRADIO&quot;,&quot;CHECKBOXES&quot;)))&#xD;&#xA;&#xD;&#xA;JOIN dta&#xD;&#xA;&#x9;WHERE&#xD;&#xA;&#x9;&#x9;dta.task_assay_cd = se.task_assay_cd&#xD;&#xA;&#xD;&#xA;ORDER BY&#xD;&#xA;&#x9;scr.description,&#xD;&#xA;&#x9;dta.description"/>
        </arguments>
        <arguments xsi:type="EM:FixedListArgument" name="EVALUATION" dataType="CHARACTER" validationType="READ_ONLY" required="true">
          <defaultValue xsi:type="EM:StringValue" value="equal to"/>
          <stringTable>
            <column value="equal to"/>
            <column value="equal to"/>
          </stringTable>
        </arguments>
        <arguments xsi:type="EM:ReferentialArgument" name="VALUE1" dataType="CHARACTER" controlType="LISTBOX" validationType="READ_ONLY" required="true" dependency="SOCIAL_HISTORY_QUESTION" keyFieldIndex="2">
          <statements dependency="VALUE1" statement="SELECT distinct&#xD;&#xA;&#x9;VALUE1 = trim(n.source_string),&#xD;&#xA;&#x9;_HIDDEN_PAR = n.nomenclature_id&#xD;&#xA;&#x9;&#xD;&#xA;FROM&#xD;&#xA;&#x9;reference_range_factor&#x9;rrf,&#xD;&#xA;&#x9;alpha_responses&#x9;&#x9;&#x9;ar,&#xD;&#xA;&#x9;nomenclature&#x9;&#x9;&#x9;n&#xD;&#xA;&#x9;&#xD;&#xA;PLAN rrf&#xD;&#xA;&#x9;WHERE&#xD;&#xA;&#x9;&#x9;rrf.task_assay_cd = cnvtreal(PAR1)&#xD;&#xA;&#x9;&#x9;AND&#xD;&#xA;&#x9;&#x9;rrf.active_ind = 1&#xD;&#xA;&#xD;&#xA;JOIN ar&#xD;&#xA;&#x9;WHERE&#xD;&#xA;&#x9;&#x9;ar.reference_range_factor_id = rrf.reference_range_factor_id&#xD;&#xA;&#x9;&#x9;AND&#xD;&#xA;&#x9;&#x9;ar.active_ind = 1&#xD;&#xA;&#xD;&#xA;JOIN n&#xD;&#xA;&#x9;WHERE&#xD;&#xA;&#x9;&#x9;n.nomenclature_id = ar.nomenclature_id&#xD;&#xA;&#x9;&#x9;AND&#xD;&#xA;&#x9;&#x9;n.active_ind = 1&#xD;&#xA;&#xD;&#xA;ORDER BY&#xD;&#xA;&#x9;n.source_string"/>
        </arguments>
      </templateDefinitions>
      <templateDefinitions xsi:type="EM:ExpertTemplate" name="EKS_DEBUGEKM_E" definition="Turn debug messaging DEBUG_STATUS" description="Turn debug messaging on or off" eventDependency="//@expertTemplates/@events/@event.1 //@expertTemplates/@events/@event.2 //@expertTemplates/@events/@event.3 //@expertTemplates/@events/@event.4 //@expertTemplates/@events/@event.5 //@expertTemplates/@events/@event.8 //@expertTemplates/@events/@event.9 //@expertTemplates/@events/@event.10 //@expertTemplates/@events/@event.11 //@expertTemplates/@events/@event.13 //@expertTemplates/@events/@event.16 //@expertTemplates/@events/@event.23 //@expertTemplates/@events/@event.26 //@expertTemplates/@events/@event.27 //@expertTemplates/@events/@event.28 //@expertTemplates/@events/@event.31 //@expertTemplates/@events/@event.32 //@expertTemplates/@events/@event.33 //@expertTemplates/@events/@event.34 //@expertTemplates/@events/@event.36 //@expertTemplates/@events/@event.38 //@expertTemplates/@events/@event.39 //@expertTemplates/@events/@event.41 //@expertTemplates/@events/@event.42 //@expertTemplates/@events/@event.45 //@expertTemplates/@events/@event.44 //@expertTemplates/@events/@event.48 //@expertTemplates/@events/@event.49 //@expertTemplates/@events/@event.50 //@expertTemplates/@events/@event.51 //@expertTemplates/@events/@event.55 //@expertTemplates/@events/@event.57 //@expertTemplates/@events/@event.58 //@expertTemplates/@events/@event.61 //@expertTemplates/@events/@event.62 //@expertTemplates/@events/@event.63 //@expertTemplates/@events/@event.64 //@expertTemplates/@events/@event.65 //@expertTemplates/@events/@event.66 //@expertTemplates/@events/@event.67 //@expertTemplates/@events/@event.68 //@expertTemplates/@events/@event.69 //@expertTemplates/@events/@event.70 //@expertTemplates/@events/@event.72 //@expertTemplates/@events/@event.73 //@expertTemplates/@events/@event.74 //@expertTemplates/@events/@event.75 //@expertTemplates/@events/@event.47" reconcilable="true" alwaysTrue="true">
        <keywords>UTILITY</keywords>
        <arguments xsi:type="EM:ReferentialArgument" name="DEBUG_STATUS" dataType="CHARACTER" controlType="REFERENTIAL" validationType="READ_ONLY" required="true" reconcileScript="N/A" keyFieldIndex="2">
          <statements dependency="DEBUG_STATUS" statement="select debug_status = if (d.seq =  1) &quot;On for subsequent Evoke Templates&quot;&#xD;&#xA; elseif (d.seq = 2) &quot;Off for subsequent Evoke Templates&quot;&#xD;&#xA; elseif (d.seq = 3) &quot;On for all Logic Templates&quot;&#xD;&#xA; elseif (d.seq = 4) &quot;On for all Action Templates&quot;&#xD;&#xA; elseif (d.seq = 5) &quot;On for all Logic and Action Templates&quot;&#xD;&#xA; elseif (d.seq = 6) &quot;To FullAudit for this module only&quot;&#xD;&#xA; elseif (d.seq = 7) &quot;Additional EKSDATA logging&quot;&#xD;&#xA;ENDIF,&#xD;&#xA;_hidden = if (d.seq = 1) 1&#xD;&#xA; elseif (d.seq=2) 0&#xD;&#xA; elseif (d.seq=3) 2&#xD;&#xA; elseif (d.seq=4) 3&#xD;&#xA; elseif (d.seq=5) 4&#xD;&#xA; elseif (d.seq=6) 5&#xD;&#xA; elseif (d.seq=7) 6&#xD;&#xA;endif&#xD;&#xA;&#xD;&#xA;FROM (DUMMYT D WITH SEQ = VALUE(7))"/>
        </arguments>
      </templateDefinitions>
    </evokeTemplates>
    <logicTemplates>
      <templateDefinitions xsi:type="EM:ExpertTemplate" name="EKS_STOP_LOGIC_L" definition="the following templates are false, MODE logic evaluation" description="Used to control efficiency of Action Group rules" eventDependency="//@expertTemplates/@events/@event.1 //@expertTemplates/@events/@event.2 //@expertTemplates/@events/@event.3 //@expertTemplates/@events/@event.5 //@expertTemplates/@events/@event.8 //@expertTemplates/@events/@event.9 //@expertTemplates/@events/@event.10 //@expertTemplates/@events/@event.11 //@expertTemplates/@events/@event.13 //@expertTemplates/@events/@event.16 //@expertTemplates/@events/@event.23 //@expertTemplates/@events/@event.32 //@expertTemplates/@events/@event.36 //@expertTemplates/@events/@event.38 //@expertTemplates/@events/@event.39 //@expertTemplates/@events/@event.41 //@expertTemplates/@events/@event.42 //@expertTemplates/@events/@event.49 //@expertTemplates/@events/@event.50 //@expertTemplates/@events/@event.51 //@expertTemplates/@events/@event.55 //@expertTemplates/@events/@event.57 //@expertTemplates/@events/@event.58 //@expertTemplates/@events/@event.61 //@expertTemplates/@events/@event.72 //@expertTemplates/@events/@event.73 //@expertTemplates/@events/@event.74 //@expertTemplates/@events/@event.75" reconcilable="true" alwaysTrue="true">
        <keywords>UTILITY</keywords>
        <arguments xsi:type="EM:FixedListArgument" name="MODE" dataType="CHARACTER" reconcileScript="N/A">
          <defaultValue xsi:type="EM:StringValue" value="STOP"/>
          <stringTable>
            <column value="STOP"/>
            <column value=" "/>
          </stringTable>
          <stringTable>
            <column value="CONTINUE"/>
            <column value=" "/>
          </stringTable>
        </arguments>
      </templateDefinitions>
      <templateDefinitions xsi:type="EM:ExpertTemplate" name="HX_SOCIAL_FIND_RESULTA_L" definition="A result for SOCIAL_HISTORY_QUESTION exists that is EVALUATION VALUE1" description="A result for SOCIAL_HISTORY_QUESTION exists that is EVALUATION VALUE1" eventDependency="//@expertTemplates/@events/@event.2 //@expertTemplates/@events/@event.3 //@expertTemplates/@events/@event.4 //@expertTemplates/@events/@event.5 //@expertTemplates/@events/@event.8 //@expertTemplates/@events/@event.9 //@expertTemplates/@events/@event.10 //@expertTemplates/@events/@event.11 //@expertTemplates/@events/@event.16 //@expertTemplates/@events/@event.23 //@expertTemplates/@events/@event.32 //@expertTemplates/@events/@event.34 //@expertTemplates/@events/@event.36 //@expertTemplates/@events/@event.38 //@expertTemplates/@events/@event.39 //@expertTemplates/@events/@event.41 //@expertTemplates/@events/@event.49 //@expertTemplates/@events/@event.50 //@expertTemplates/@events/@event.51 //@expertTemplates/@events/@event.57 //@expertTemplates/@events/@event.58 //@expertTemplates/@events/@event.61 //@expertTemplates/@events/@event.72 //@expertTemplates/@events/@event.73">
        <keywords>HISTORIES</keywords>
        <arguments xsi:type="EM:ReferentialArgument" name="SOCIAL_HISTORY_QUESTION" dataType="CHARACTER" controlType="REFERENTIAL" validationType="READ_ONLY" required="true" keyFieldIndex="4">
          <statements dependency="SOCIAL_HISTORY_QUESTION" statement="SELECT&#xD;&#xA;&#x9;_HIDDEN_SOCIAL_HISTORY_QUESTION = concat(trim(dta.description),&quot; (&quot;,trim(scr.description),&quot;)&quot;),&#xD;&#xA;&#x9;CATEGORY = trim(scr.description),&#xD;&#xA;&#x9;DTA_DESCRIPTION = trim(dta.description),&#xD;&#xA;&#x9;_HIDDEN = dta.task_assay_cd&#xD;&#xA;&#x9;&#xD;&#xA;FROM&#xD;&#xA;&#x9;shx_category_ref&#x9;scr, &#xD;&#xA;&#x9;shx_category_def&#x9;scd,&#xD;&#xA;&#x9;shx_element&#x9;&#x9;&#x9;se,&#xD;&#xA;&#x9;discrete_task_assay&#x9;dta&#xD;&#xA;&#x9;&#xD;&#xA;PLAN scr&#xD;&#xA;&#xD;&#xA;JOIN scd&#xD;&#xA;&#x9;WHERE&#xD;&#xA;&#x9;&#x9;scd.shx_category_ref_id = scr.shx_category_ref_id&#xD;&#xA;&#x9;&#x9;AND&#xD;&#xA;&#x9;&#x9;scd.active_ind = 1&#xD;&#xA;&#xD;&#xA;JOIN se&#xD;&#xA;&#x9;WHERE&#xD;&#xA;&#x9;&#x9;se.shx_category_def_id = scd.shx_category_def_id&#xD;&#xA;&#x9;&#x9;AND&#xD;&#xA;&#x9;&#x9;se.input_type_cd =&#xD;&#xA;(select cv.code_value from code_value cv where cv.code_set = 4002169 AND (cv.cdf_meaning IN (&quot;COMBO&quot;,&quot;MULTILIST&quot;,&quot;RADIO&quot;,&quot;SNGLSELRADIO&quot;,&quot;CHECKBOXES&quot;)))&#xD;&#xA;&#xD;&#xA;JOIN dta&#xD;&#xA;&#x9;WHERE&#xD;&#xA;&#x9;&#x9;dta.task_assay_cd = se.task_assay_cd&#xD;&#xA;&#xD;&#xA;ORDER BY&#xD;&#xA;&#x9;scr.description,&#xD;&#xA;&#x9;dta.description"/>
        </arguments>
        <arguments xsi:type="EM:FixedListArgument" name="EVALUATION" dataType="CHARACTER" validationType="READ_ONLY" required="true">
          <defaultValue xsi:type="EM:StringValue" value="equal to"/>
          <stringTable>
            <column value="equal to"/>
            <column value="equal to"/>
          </stringTable>
        </arguments>
        <arguments xsi:type="EM:ReferentialArgument" name="VALUE1" dataType="CHARACTER" controlType="LISTBOX" validationType="READ_ONLY" required="true" dependency="SOCIAL_HISTORY_QUESTION" keyFieldIndex="2">
          <statements dependency="VALUE1" statement="SELECT distinct&#xD;&#xA;&#x9;VALUE1 = trim(n.source_string),&#xD;&#xA;&#x9;_HIDDEN_PAR = n.nomenclature_id&#xD;&#xA;&#x9;&#xD;&#xA;FROM&#xD;&#xA;&#x9;reference_range_factor&#x9;rrf,&#xD;&#xA;&#x9;alpha_responses&#x9;&#x9;&#x9;ar,&#xD;&#xA;&#x9;nomenclature&#x9;&#x9;&#x9;n&#xD;&#xA;&#x9;&#xD;&#xA;PLAN rrf&#xD;&#xA;&#x9;WHERE&#xD;&#xA;&#x9;&#x9;rrf.task_assay_cd = cnvtreal(PAR1)&#xD;&#xA;&#x9;&#x9;AND&#xD;&#xA;&#x9;&#x9;rrf.active_ind = 1&#xD;&#xA;&#xD;&#xA;JOIN ar&#xD;&#xA;&#x9;WHERE&#xD;&#xA;&#x9;&#x9;ar.reference_range_factor_id = rrf.reference_range_factor_id&#xD;&#xA;&#x9;&#x9;AND&#xD;&#xA;&#x9;&#x9;ar.active_ind = 1&#xD;&#xA;&#xD;&#xA;JOIN n&#xD;&#xA;&#x9;WHERE&#xD;&#xA;&#x9;&#x9;n.nomenclature_id = ar.nomenclature_id&#xD;&#xA;&#x9;&#x9;AND&#xD;&#xA;&#x9;&#x9;n.active_ind = 1&#xD;&#xA;&#xD;&#xA;ORDER BY&#xD;&#xA;&#x9;n.source_string"/>
        </arguments>
      </templateDefinitions>
      <templateDefinitions xsi:type="EM:ExpertTemplate" name="EKS_AGE_EVAL_L" definition="Person's age is EVALUATION AGE1 UNIT1 and OPT_AGE2 OPT_UNIT2 using person from OPT_LINK" description="Age" eventDependency="//@expertTemplates/@events/@event.1 //@expertTemplates/@events/@event.2 //@expertTemplates/@events/@event.3 //@expertTemplates/@events/@event.5 //@expertTemplates/@events/@event.9 //@expertTemplates/@events/@event.10 //@expertTemplates/@events/@event.11 //@expertTemplates/@events/@event.13 //@expertTemplates/@events/@event.16 //@expertTemplates/@events/@event.23 //@expertTemplates/@events/@event.32 //@expertTemplates/@events/@event.34 //@expertTemplates/@events/@event.36 //@expertTemplates/@events/@event.38 //@expertTemplates/@events/@event.39 //@expertTemplates/@events/@event.41 //@expertTemplates/@events/@event.42 //@expertTemplates/@events/@event.49 //@expertTemplates/@events/@event.50 //@expertTemplates/@events/@event.51 //@expertTemplates/@events/@event.55 //@expertTemplates/@events/@event.57 //@expertTemplates/@events/@event.58 //@expertTemplates/@events/@event.61 //@expertTemplates/@events/@event.72 //@expertTemplates/@events/@event.73 //@expertTemplates/@events/@event.74 //@expertTemplates/@events/@event.75" reconcilable="true">
        <keywords>PERSON</keywords>
        <arguments xsi:type="EM:FixedListArgument" name="EVALUATION" dataType="CHARACTER" validationType="READ_ONLY" required="true" reconcileScript="N/A">
          <stringTable>
            <column value="greater than"/>
            <column value="greater than"/>
          </stringTable>
          <stringTable>
            <column value="less than"/>
            <column value="less than"/>
          </stringTable>
          <stringTable>
            <column value="between"/>
            <column value="between"/>
          </stringTable>
          <stringTable>
            <column value="outside"/>
            <column value="outside"/>
          </stringTable>
        </arguments>
        <arguments name="AGE1" required="true" reconcileScript="N/A"/>
        <arguments xsi:type="EM:FixedListArgument" name="UNIT1" dataType="CHARACTER" validationType="READ_ONLY" required="true" reconcileScript="N/A">
          <stringTable>
            <column value="minutes"/>
            <column value="minutes"/>
          </stringTable>
          <stringTable>
            <column value="hours"/>
            <column value="hours"/>
          </stringTable>
          <stringTable>
            <column value="days"/>
            <column value="days"/>
          </stringTable>
          <stringTable>
            <column value="weeks"/>
            <column value="weeks"/>
          </stringTable>
          <stringTable>
            <column value="months"/>
            <column value="months"/>
          </stringTable>
          <stringTable>
            <column value="years"/>
            <column value="years"/>
          </stringTable>
        </arguments>
        <arguments name="OPT_AGE2" reconcileScript="N/A"/>
        <arguments xsi:type="EM:FixedListArgument" name="OPT_UNIT2" dataType="CHARACTER" validationType="READ_ONLY" reconcileScript="N/A">
          <stringTable>
            <column value="minutes"/>
            <column value="minutes"/>
          </stringTable>
          <stringTable>
            <column value="hours"/>
            <column value="hours"/>
          </stringTable>
          <stringTable>
            <column value="days"/>
            <column value="days"/>
          </stringTable>
          <stringTable>
            <column value="weeks"/>
            <column value="weeks"/>
          </stringTable>
          <stringTable>
            <column value="months"/>
            <column value="months"/>
          </stringTable>
          <stringTable>
            <column value="years"/>
            <column value="years"/>
          </stringTable>
        </arguments>
        <arguments name="OPT_LINK" dataType="LINK" controlType="TEMPLATE_REFERENCE" reconcileScript="N/A"/>
      </templateDefinitions>
      <templateDefinitions xsi:type="EM:ExpertTemplate" name="EKS_CALC_SAVE_L" definition="EXPRESSION" description="Create a value to be used by subsequent templates" eventDependency="//@expertTemplates/@events/@event.1 //@expertTemplates/@events/@event.2 //@expertTemplates/@events/@event.3 //@expertTemplates/@events/@event.5 //@expertTemplates/@events/@event.8 //@expertTemplates/@events/@event.9 //@expertTemplates/@events/@event.10 //@expertTemplates/@events/@event.11 //@expertTemplates/@events/@event.13 //@expertTemplates/@events/@event.16 //@expertTemplates/@events/@event.23 //@expertTemplates/@events/@event.36 //@expertTemplates/@events/@event.38 //@expertTemplates/@events/@event.39 //@expertTemplates/@events/@event.41 //@expertTemplates/@events/@event.42 //@expertTemplates/@events/@event.49 //@expertTemplates/@events/@event.50 //@expertTemplates/@events/@event.51 //@expertTemplates/@events/@event.55 //@expertTemplates/@events/@event.57 //@expertTemplates/@events/@event.58 //@expertTemplates/@events/@event.61 //@expertTemplates/@events/@event.72 //@expertTemplates/@events/@event.73 //@expertTemplates/@events/@event.74 //@expertTemplates/@events/@event.75">
        <keywords>UTILITY, LOG_RETVAL</keywords>
        <arguments name="EXPRESSION" dataType="CHARACTER" controlType="TEXT_MULTI_LINE" required="true"/>
      </templateDefinitions>
      <templateDefinitions xsi:type="EM:ExpertTemplate" name="EKS_ENCOUNTER_DETAIL_L" definition="the patient's ENC_DETAIL QUAL DETAIL_VALUE for the same encounter as OPT_LINK" description="Encounter attributes" eventDependency="//@expertTemplates/@events/@event.1 //@expertTemplates/@events/@event.2 //@expertTemplates/@events/@event.3 //@expertTemplates/@events/@event.4 //@expertTemplates/@events/@event.8 //@expertTemplates/@events/@event.9 //@expertTemplates/@events/@event.10 //@expertTemplates/@events/@event.11 //@expertTemplates/@events/@event.13 //@expertTemplates/@events/@event.16 //@expertTemplates/@events/@event.23 //@expertTemplates/@events/@event.34 //@expertTemplates/@events/@event.36 //@expertTemplates/@events/@event.38 //@expertTemplates/@events/@event.39 //@expertTemplates/@events/@event.41 //@expertTemplates/@events/@event.42 //@expertTemplates/@events/@event.49 //@expertTemplates/@events/@event.50 //@expertTemplates/@events/@event.51 //@expertTemplates/@events/@event.55 //@expertTemplates/@events/@event.57 //@expertTemplates/@events/@event.61 //@expertTemplates/@events/@event.72 //@expertTemplates/@events/@event.73 //@expertTemplates/@events/@event.74 //@expertTemplates/@events/@event.75" optimizable="true">
        <keywords>ENCOUNTER</keywords>
        <arguments xsi:type="EM:ReferentialArgument" name="ENC_DETAIL" dataType="CHARACTER" controlType="REFERENTIAL" validationType="READ_ONLY" required="true" keyFieldIndex="2">
          <statements dependency="ENC_DETAIL" statement="execute EKS_T_ENC_DETAIL_REFHELP &quot;HELP&quot; go"/>
        </arguments>
        <arguments xsi:type="EM:ReferentialArgument" name="QUAL" dataType="CHARACTER" controlType="REFERENTIAL" validationType="READ_ONLY" required="true" dependency="ENC_DETAIL" keyFieldIndex="2">
          <statements dependency="QUAL" statement="execute EKS_T_ENC_DETAIL_REFHELP concat(&quot;QUAL&quot;, PAR1) go"/>
        </arguments>
        <arguments xsi:type="EM:ReferentialArgument" name="DETAIL_VALUE" dataType="CHARACTER" controlType="LISTBOX" validationType="READ_ONLY" required="true" dependency="ENC_DETAIL" optimizable="true" keyFieldIndex="2">
          <statements dependency="DETAIL_VALUE" statement="execute EKS_T_ENC_DETAIL_REFHELP concat(&quot;VALUE&quot;, PAR1) go"/>
        </arguments>
        <arguments name="OPT_LINK" dataType="LINK" controlType="TEMPLATE_REFERENCE"/>
      </templateDefinitions>
      <templateDefinitions xsi:type="EM:ExpertTemplate" name="EKS_ENCOUNTER_LOC_DETAIL_L" definition="the patient's ENC_DETAIL that QUAL in DETAIL_VALUE for the same encounter as OPT_LINK" description="Encounter location attributes" eventDependency="//@expertTemplates/@events/@event.1 //@expertTemplates/@events/@event.2 //@expertTemplates/@events/@event.3 //@expertTemplates/@events/@event.4 //@expertTemplates/@events/@event.5 //@expertTemplates/@events/@event.8 //@expertTemplates/@events/@event.9 //@expertTemplates/@events/@event.10 //@expertTemplates/@events/@event.11 //@expertTemplates/@events/@event.13 //@expertTemplates/@events/@event.16 //@expertTemplates/@events/@event.23 //@expertTemplates/@events/@event.32 //@expertTemplates/@events/@event.33 //@expertTemplates/@events/@event.34 //@expertTemplates/@events/@event.36 //@expertTemplates/@events/@event.38 //@expertTemplates/@events/@event.39 //@expertTemplates/@events/@event.41 //@expertTemplates/@events/@event.42 //@expertTemplates/@events/@event.49 //@expertTemplates/@events/@event.50 //@expertTemplates/@events/@event.51 //@expertTemplates/@events/@event.55 //@expertTemplates/@events/@event.57 //@expertTemplates/@events/@event.60 //@expertTemplates/@events/@event.61 //@expertTemplates/@events/@event.72 //@expertTemplates/@events/@event.73 //@expertTemplates/@events/@event.74 //@expertTemplates/@events/@event.75">
        <keywords>ENCOUNTER</keywords>
        <arguments xsi:type="EM:ReferentialArgument" name="ENC_DETAIL" dataType="CHARACTER" controlType="REFERENTIAL" validationType="READ_ONLY" required="true" keyFieldIndex="2">
          <statements dependency="ENC_DETAIL" statement="execute EKS_T_ENC_DETAIL_REFHELP &quot;LOC&quot; go"/>
        </arguments>
        <arguments xsi:type="EM:ReferentialArgument" name="QUAL" dataType="CHARACTER" controlType="REFERENTIAL" validationType="READ_ONLY" required="true" dependency="ENC_DETAIL" keyFieldIndex="2">
          <statements dependency="QUAL" statement="execute EKS_T_ENC_DETAIL_REFHELP concat(&quot;QUAL&quot;, PAR1) go"/>
        </arguments>
        <arguments xsi:type="EM:ReferentialArgument" name="DETAIL_VALUE" dataType="CHARACTER" controlType="LISTBOX" validationType="READ_ONLY" required="true" dependency="ENC_DETAIL" keyFieldIndex="2">
          <statements dependency="DETAIL_VALUE" statement="execute EKS_T_DB_LOCATION_REFHELP &quot;0&quot; go"/>
          <statements dependency="DETAIL_VALUE" statement="execute EKS_T_DB_LOCATION_REFHELP ConCat(PAR1, &quot;^2&quot;) go"/>
          <statements dependency="DETAIL_VALUE" statement="execute EKS_T_DB_LOCATION_REFHELP ConCat(PAR1, &quot;^3&quot;) go"/>
          <statements dependency="DETAIL_VALUE" statement="execute EKS_T_DB_LOCATION_REFHELP ConCat(PAR1, &quot;^4&quot;) go"/>
          <statements dependency="DETAIL_VALUE" statement="execute EKS_T_DB_LOCATION_REFHELP ConCat(PAR1, &quot;^5&quot;) go"/>
        </arguments>
        <arguments name="OPT_LINK" dataType="LINK" controlType="TEMPLATE_REFERENCE"/>
      </templateDefinitions>
    </logicTemplates>
    <actionTemplates>
      <templateDefinitions xsi:type="EM:ExpertTemplate" name="EKS_ADD_ONE_TIME_TASK_A" definition="Add a TASK_PRIORITY TASK_CLASS one time task of TASK_DESCRIPTION with task date/time equal to ANCHOR_DT offset by OPT_OFFSET_DAY days, OPT_OFFSET_HOUR hours and OPT_OFFSET_MIN minutes to encounter LINK." description="Add a TASK_PRIORITY TASK_CLASS one time task of TASK_DESCRIPTION with task date/time equal to ANCHOR_DT offset by OPT_OFFSET_DAY days, OPT_OFFSET_HOUR hours and OPT_OFFSET_MIN minutes to encounter LINK." eventDependency="//@expertTemplates/@events/@event.1 //@expertTemplates/@events/@event.2 //@expertTemplates/@events/@event.3 //@expertTemplates/@events/@event.8 //@expertTemplates/@events/@event.9 //@expertTemplates/@events/@event.10 //@expertTemplates/@events/@event.11 //@expertTemplates/@events/@event.13 //@expertTemplates/@events/@event.16 //@expertTemplates/@events/@event.23 //@expertTemplates/@events/@event.36 //@expertTemplates/@events/@event.38 //@expertTemplates/@events/@event.39 //@expertTemplates/@events/@event.41 //@expertTemplates/@events/@event.42 //@expertTemplates/@events/@event.51 //@expertTemplates/@events/@event.55 //@expertTemplates/@events/@event.56 //@expertTemplates/@events/@event.57 //@expertTemplates/@events/@event.61 //@expertTemplates/@events/@event.72 //@expertTemplates/@events/@event.73 //@expertTemplates/@events/@event.75" optimizable="true">
        <keywords>TASK</keywords>
        <arguments xsi:type="EM:FixedListArgument" name="TASK_PRIORITY" dataType="CHARACTER" validationType="READ_ONLY" required="true">
          <defaultValue xsi:type="EM:StringValue" value="Routine"/>
          <stringTable>
            <column value="Routine"/>
            <column value="Routine"/>
          </stringTable>
          <stringTable>
            <column value="Stat"/>
            <column value="Stat"/>
          </stringTable>
        </arguments>
        <arguments xsi:type="EM:ReferentialArgument" name="TASK_CLASS" dataType="CHARACTER" controlType="REFERENTIAL" validationType="READ_ONLY" required="true" optimizable="true" keyFieldIndex="2">
          <statements dependency="TASK_CLASS" statement="eks_codeset_cki_refhelp &quot;6025&quot;,&quot;CDF&quot;,&quot;&quot; go"/>
        </arguments>
        <arguments xsi:type="EM:ReferentialArgument" name="TASK_DESCRIPTION" dataType="CHARACTER" controlType="REFERENTIAL" validationType="READ_ONLY" required="true" keyFieldIndex="2">
          <statements dependency="TASK_DESCRIPTION" statement="EKS_ABC_REFHELP &quot;&quot; GO"/>
          <statements dependency="TASK_DESCRIPTION" statement="eks_t_task_refhelp PAR1 go"/>
        </arguments>
        <arguments xsi:type="EM:ReferentialArgument" name="ANCHOR_DT" dataType="CHARACTER" controlType="REFERENTIAL" validationType="REFERENTIAL" required="true">
          <defaultValue xsi:type="EM:StringValue" value="@CURDATETIME"/>
          <statements dependency="ANCHOR_DT" statement="execute eks_t_anchor_refhelp go"/>
        </arguments>
        <arguments name="OPT_OFFSET_DAY" dataType="CHARACTER"/>
        <arguments name="OPT_OFFSET_HOUR" dataType="CHARACTER"/>
        <arguments name="OPT_OFFSET_MIN" dataType="CHARACTER"/>
        <arguments name="LINK" dataType="LINK" controlType="TEMPLATE_REFERENCE" required="true"/>
      </templateDefinitions>
    </actionTemplates>
  </expertTemplates>
  <ruleDefinition>
    <evokeSection>
      <evokes evokeEvent="//@expertTemplates/@events/@event.72">
        <logicExpression xsi:type="EM:InfixExpression">
          <leftExpression xsi:type="EM:Antecedent" id="E1" template="HX_SOCIAL_EVAL_RESULTA_E">
            <facts argument="SOCIAL_HISTORY_QUESTION">
              <value xsi:type="EM:ListValue">
                <values xsi:type="EM:ListValue">
                  <values xsi:type="EM:CustomValue" hideDisplay="true">
                    <customValue xsi:type="EM:StringValue" value="4625825.00"/>
                  </values>
                  <values xsi:type="EM:StringValue" value="Tobacco use: (Tobacco)"/>
                </values>
              </value>
            </facts>
            <facts argument="EVALUATION">
              <value xsi:type="EM:StringValue" value="equal to"/>
            </facts>
            <facts argument="VALUE1">
              <value xsi:type="EM:ListValue">
                <values xsi:type="EM:ListValue">
                  <values xsi:type="EM:CustomValue" hideDisplay="true">
                    <customValue xsi:type="EM:StringValue" value="12191116.00"/>
                  </values>
                  <values xsi:type="EM:StringValue" value="Smoker, current status unknown"/>
                </values>
                <values xsi:type="EM:ListValue">
                  <values xsi:type="EM:CustomValue" hideDisplay="true">
                    <customValue xsi:type="EM:StringValue" value="64772443.00"/>
                  </values>
                  <values xsi:type="EM:StringValue" value="10 or more cigarettes (1/2 pack or more)/day in last 30 days"/>
                </values>
                <values xsi:type="EM:ListValue">
                  <values xsi:type="EM:CustomValue" hideDisplay="true">
                    <customValue xsi:type="EM:StringValue" value="64772456.00"/>
                  </values>
                  <values xsi:type="EM:StringValue" value="4 or less cigarettes(less than 1/4 pack)/day in last 30 days"/>
                </values>
                <values xsi:type="EM:ListValue">
                  <values xsi:type="EM:CustomValue" hideDisplay="true">
                    <customValue xsi:type="EM:StringValue" value="64772469.00"/>
                  </values>
                  <values xsi:type="EM:StringValue" value="5-9 cigarettes (between 1/4 to 1/2 pack)/day in last 30 days"/>
                </values>
                <values xsi:type="EM:ListValue">
                  <values xsi:type="EM:CustomValue" hideDisplay="true">
                    <customValue xsi:type="EM:StringValue" value="64772509.00"/>
                  </values>
                  <values xsi:type="EM:StringValue" value="Cigars or pipes daily within last 30 days"/>
                </values>
                <values xsi:type="EM:ListValue">
                  <values xsi:type="EM:CustomValue" hideDisplay="true">
                    <customValue xsi:type="EM:StringValue" value="64772585.00"/>
                  </values>
                  <values xsi:type="EM:StringValue" value="Smokeless tobacco user within last 30 days"/>
                </values>
              </value>
            </facts>
          </leftExpression>
          <rightExpression xsi:type="EM:Antecedent" id="E2" template="EKS_DEBUGEKM_E">
            <facts argument="DEBUG_STATUS">
              <value xsi:type="EM:ListValue">
                <values xsi:type="EM:ListValue">
                  <values xsi:type="EM:CustomValue" hideDisplay="true">
                    <customValue xsi:type="EM:StringValue" value="5"/>
                  </values>
                  <values xsi:type="EM:StringValue" value="To FullAudit for this module only"/>
                </values>
              </value>
            </facts>
          </rightExpression>
        </logicExpression>
      </evokes>
    </evokeSection>
    <logicSection>
      <logicExpression xsi:type="EM:InfixExpression">
        <leftExpression xsi:type="EM:Antecedent" id="L1" template="EKS_STOP_LOGIC_L">
          <facts argument="MODE">
            <value xsi:type="EM:StringValue" value="STOP"/>
          </facts>
        </leftExpression>
        <rightExpression xsi:type="EM:InfixExpression">
          <leftExpression xsi:type="EM:Antecedent" id="L2" template="HX_SOCIAL_FIND_RESULTA_L">
            <facts argument="SOCIAL_HISTORY_QUESTION">
              <value xsi:type="EM:ListValue">
                <values xsi:type="EM:ListValue">
                  <values xsi:type="EM:CustomValue" hideDisplay="true">
                    <customValue xsi:type="EM:StringValue" value="4625825.00"/>
                  </values>
                  <values xsi:type="EM:StringValue" value="Tobacco use: (Tobacco)"/>
                </values>
              </value>
            </facts>
            <facts argument="EVALUATION">
              <value xsi:type="EM:StringValue" value="equal to"/>
            </facts>
            <facts argument="VALUE1">
              <value xsi:type="EM:ListValue">
                <values xsi:type="EM:ListValue">
                  <values xsi:type="EM:CustomValue" hideDisplay="true">
                    <customValue xsi:type="EM:StringValue" value="12191116.00"/>
                  </values>
                  <values xsi:type="EM:StringValue" value="Smoker, current status unknown"/>
                </values>
                <values xsi:type="EM:ListValue">
                  <values xsi:type="EM:CustomValue" hideDisplay="true">
                    <customValue xsi:type="EM:StringValue" value="64772443.00"/>
                  </values>
                  <values xsi:type="EM:StringValue" value="10 or more cigarettes (1/2 pack or more)/day in last 30 days"/>
                </values>
                <values xsi:type="EM:ListValue">
                  <values xsi:type="EM:CustomValue" hideDisplay="true">
                    <customValue xsi:type="EM:StringValue" value="64772456.00"/>
                  </values>
                  <values xsi:type="EM:StringValue" value="4 or less cigarettes(less than 1/4 pack)/day in last 30 days"/>
                </values>
                <values xsi:type="EM:ListValue">
                  <values xsi:type="EM:CustomValue" hideDisplay="true">
                    <customValue xsi:type="EM:StringValue" value="64772469.00"/>
                  </values>
                  <values xsi:type="EM:StringValue" value="5-9 cigarettes (between 1/4 to 1/2 pack)/day in last 30 days"/>
                </values>
                <values xsi:type="EM:ListValue">
                  <values xsi:type="EM:CustomValue" hideDisplay="true">
                    <customValue xsi:type="EM:StringValue" value="64772509.00"/>
                  </values>
                  <values xsi:type="EM:StringValue" value="Cigars or pipes daily within last 30 days"/>
                </values>
                <values xsi:type="EM:ListValue">
                  <values xsi:type="EM:CustomValue" hideDisplay="true">
                    <customValue xsi:type="EM:StringValue" value="64772585.00"/>
                  </values>
                  <values xsi:type="EM:StringValue" value="Smokeless tobacco user within last 30 days"/>
                </values>
              </value>
            </facts>
          </leftExpression>
          <rightExpression xsi:type="EM:InfixExpression">
            <leftExpression xsi:type="EM:Antecedent" id="L3" template="EKS_AGE_EVAL_L">
              <facts argument="EVALUATION">
                <value xsi:type="EM:StringValue" value="greater than"/>
              </facts>
              <facts argument="AGE1">
                <value xsi:type="EM:IntegerValue" intValue="18"/>
              </facts>
              <facts argument="UNIT1">
                <value xsi:type="EM:StringValue" value="years"/>
              </facts>
              <facts argument="OPT_AGE2"/>
              <facts argument="OPT_UNIT2">
                <value xsi:type="EM:StringValue"/>
              </facts>
              <facts argument="OPT_LINK">
                <value xsi:type="EM:AntecedentReference" antecedent="//@ruleDefinition/@logicSection/@logicExpression/@rightExpression/@leftExpression"/>
              </facts>
            </leftExpression>
            <rightExpression xsi:type="EM:InfixExpression">
              <leftExpression xsi:type="EM:Antecedent" id="L4" template="EKS_CALC_SAVE_L">
                <facts argument="EXPRESSION">
                  <value xsi:type="EM:StringValue" value="select e.encntr_id from encounter e where e.person_id = trigger_personid order e.reg_dt_tm desc detail encntrid = e.encntr_id WITH MAXREC = 1 go"/>
                </facts>
              </leftExpression>
              <rightExpression xsi:type="EM:InfixExpression">
                <leftExpression xsi:type="EM:Antecedent" id="L5" template="EKS_ENCOUNTER_DETAIL_L">
                  <facts argument="ENC_DETAIL">
                    <value xsi:type="EM:ListValue">
                      <values xsi:type="EM:ListValue">
                        <values xsi:type="EM:CustomValue" hideDisplay="true">
                          <customValue xsi:type="EM:StringValue" value="ENCNTR_TYPE_CD\71"/>
                        </values>
                        <values xsi:type="EM:StringValue" value="Encounter Type"/>
                      </values>
                    </value>
                  </facts>
                  <facts argument="QUAL">
                    <value xsi:type="EM:ListValue">
                      <values xsi:type="EM:ListValue">
                        <values xsi:type="EM:CustomValue" hideDisplay="true">
                          <customValue xsi:type="EM:StringValue" value="="/>
                        </values>
                        <values xsi:type="EM:StringValue" value="is listed"/>
                      </values>
                    </value>
                  </facts>
                  <facts argument="DETAIL_VALUE">
                    <value xsi:type="EM:ListValue">
                      <values xsi:type="EM:ListValue">
                        <values xsi:type="EM:CustomValue" hideDisplay="true">
                          <customValue xsi:type="EM:StringValue" value="CKI.CODEVALUE!3958"/>
                        </values>
                        <values xsi:type="EM:StringValue" value="INPATIENT"/>
                      </values>
                      <values xsi:type="EM:ListValue">
                        <values xsi:type="EM:CustomValue" hideDisplay="true">
                          <customValue xsi:type="EM:StringValue" value="2555137035"/>
                        </values>
                        <values xsi:type="EM:StringValue" value="HOSPITALADULTPSYCH"/>
                      </values>
                      <values xsi:type="EM:ListValue">
                        <values xsi:type="EM:CustomValue" hideDisplay="true">
                          <customValue xsi:type="EM:StringValue" value="2555137051"/>
                        </values>
                        <values xsi:type="EM:StringValue" value="BEHAVIORALHEALTH"/>
                      </values>
                    </value>
                  </facts>
                  <facts argument="OPT_LINK">
                    <value xsi:type="EM:AntecedentReference" antecedent="//@ruleDefinition/@logicSection/@logicExpression/@rightExpression/@rightExpression/@rightExpression/@leftExpression"/>
                  </facts>
                </leftExpression>
                <rightExpression xsi:type="EM:Antecedent" id="L6" template="EKS_ENCOUNTER_LOC_DETAIL_L">
                  <facts argument="ENC_DETAIL">
                    <value xsi:type="EM:ListValue">
                      <values xsi:type="EM:ListValue">
                        <values xsi:type="EM:CustomValue" hideDisplay="true">
                          <customValue xsi:type="EM:StringValue" value="LOC_NURSE_UNIT_CD\220"/>
                        </values>
                        <values xsi:type="EM:StringValue" value="Location Nurse Unit"/>
                      </values>
                    </value>
                  </facts>
                  <facts argument="QUAL">
                    <value xsi:type="EM:ListValue">
                      <values xsi:type="EM:ListValue">
                        <values xsi:type="EM:CustomValue" hideDisplay="true">
                          <customValue xsi:type="EM:StringValue" value="="/>
                        </values>
                        <values xsi:type="EM:StringValue" value="is listed"/>
                      </values>
                    </value>
                  </facts>
                  <facts argument="DETAIL_VALUE">
                    <value xsi:type="EM:ListValue">
                      <values xsi:type="EM:ListValue">
                        <values xsi:type="EM:CustomValue" hideDisplay="true">
                          <customValue xsi:type="EM:StringValue" value="2556763627"/>
                        </values>
                        <values xsi:type="EM:StringValue" value="PBH Peninsula, PBH Peninsula, PBH UB"/>
                        <values xsi:type="EM:ListValue">
                          <values xsi:type="EM:CustomValue" hideDisplay="true">
                            <customValue xsi:type="EM:StringValue" value="2553765579^PBH Peninsula^3"/>
                          </values>
                          <values xsi:type="EM:CustomValue" hideDisplay="true">
                            <customValue xsi:type="EM:StringValue" value="2555448337 ^PBH Peninsula, PBH Peninsula^3"/>
                          </values>
                          <values xsi:type="EM:CustomValue" hideDisplay="true">
                            <customValue xsi:type="EM:StringValue" value="2556763627 ^PBH Peninsula, PBH Peninsula, PBH UB^3"/>
                          </values>
                          <values xsi:type="EM:CustomValue" hideDisplay="true">
                            <customValue xsi:type="EM:StringValue" value="2556763627^PBH Peninsula, PBH Peninsula, PBH UB^3"/>
                          </values>
                        </values>
                      </values>
                      <values xsi:type="EM:ListValue">
                        <values xsi:type="EM:CustomValue" hideDisplay="true">
                          <customValue xsi:type="EM:StringValue" value="2556764139"/>
                        </values>
                        <values xsi:type="EM:StringValue" value="PBH Peninsula, PBH Peninsula, PBH UD"/>
                        <values xsi:type="EM:ListValue">
                          <values xsi:type="EM:CustomValue" hideDisplay="true">
                            <customValue xsi:type="EM:StringValue" value="2553765579^PBH Peninsula^3"/>
                          </values>
                          <values xsi:type="EM:CustomValue" hideDisplay="true">
                            <customValue xsi:type="EM:StringValue" value="2555448337 ^PBH Peninsula, PBH Peninsula^3"/>
                          </values>
                          <values xsi:type="EM:CustomValue" hideDisplay="true">
                            <customValue xsi:type="EM:StringValue" value="2556764139 ^PBH Peninsula, PBH Peninsula, PBH UD^3"/>
                          </values>
                          <values xsi:type="EM:CustomValue" hideDisplay="true">
                            <customValue xsi:type="EM:StringValue" value="2556764139^PBH Peninsula, PBH Peninsula, PBH UD^3"/>
                          </values>
                        </values>
                      </values>
                      <values xsi:type="EM:ListValue">
                        <values xsi:type="EM:CustomValue" hideDisplay="true">
                          <customValue xsi:type="EM:StringValue" value="2555448351"/>
                        </values>
                        <values xsi:type="EM:StringValue" value="PBH Peninsula, PBH Peninsula, PBH UA"/>
                        <values xsi:type="EM:ListValue">
                          <values xsi:type="EM:CustomValue" hideDisplay="true">
                            <customValue xsi:type="EM:StringValue" value="2553765579^PBH Peninsula^3"/>
                          </values>
                          <values xsi:type="EM:CustomValue" hideDisplay="true">
                            <customValue xsi:type="EM:StringValue" value="2555448337 ^PBH Peninsula, PBH Peninsula^3"/>
                          </values>
                          <values xsi:type="EM:CustomValue" hideDisplay="true">
                            <customValue xsi:type="EM:StringValue" value="2555448351 ^PBH Peninsula, PBH Peninsula, PBH UA^3"/>
                          </values>
                          <values xsi:type="EM:CustomValue" hideDisplay="true">
                            <customValue xsi:type="EM:StringValue" value="2555448351^PBH Peninsula, PBH Peninsula, PBH UA^3"/>
                          </values>
                        </values>
                      </values>
                      <values xsi:type="EM:ListValue">
                        <values xsi:type="EM:CustomValue" hideDisplay="true">
                          <customValue xsi:type="EM:StringValue" value="2556764387"/>
                        </values>
                        <values xsi:type="EM:StringValue" value="PBH Peninsula, PBH Peninsula, PBH UE"/>
                        <values xsi:type="EM:ListValue">
                          <values xsi:type="EM:CustomValue" hideDisplay="true">
                            <customValue xsi:type="EM:StringValue" value="2553765579^PBH Peninsula^3"/>
                          </values>
                          <values xsi:type="EM:CustomValue" hideDisplay="true">
                            <customValue xsi:type="EM:StringValue" value="2555448337 ^PBH Peninsula, PBH Peninsula^3"/>
                          </values>
                          <values xsi:type="EM:CustomValue" hideDisplay="true">
                            <customValue xsi:type="EM:StringValue" value="2556764387 ^PBH Peninsula, PBH Peninsula, PBH UE^3"/>
                          </values>
                          <values xsi:type="EM:CustomValue" hideDisplay="true">
                            <customValue xsi:type="EM:StringValue" value="2556764387^PBH Peninsula, PBH Peninsula, PBH UE^3"/>
                          </values>
                        </values>
                      </values>
                      <values xsi:type="EM:ListValue">
                        <values xsi:type="EM:CustomValue" hideDisplay="true">
                          <customValue xsi:type="EM:StringValue" value="2556764619"/>
                        </values>
                        <values xsi:type="EM:StringValue" value="PBH Peninsula, PBH Peninsula, PBH UF"/>
                        <values xsi:type="EM:ListValue">
                          <values xsi:type="EM:CustomValue" hideDisplay="true">
                            <customValue xsi:type="EM:StringValue" value="2553765579^PBH Peninsula^3"/>
                          </values>
                          <values xsi:type="EM:CustomValue" hideDisplay="true">
                            <customValue xsi:type="EM:StringValue" value="2555448337 ^PBH Peninsula, PBH Peninsula^3"/>
                          </values>
                          <values xsi:type="EM:CustomValue" hideDisplay="true">
                            <customValue xsi:type="EM:StringValue" value="2556764619 ^PBH Peninsula, PBH Peninsula, PBH UF^3"/>
                          </values>
                          <values xsi:type="EM:CustomValue" hideDisplay="true">
                            <customValue xsi:type="EM:StringValue" value="2556764619^PBH Peninsula, PBH Peninsula, PBH UF^3"/>
                          </values>
                        </values>
                      </values>
                    </value>
                  </facts>
                  <facts argument="OPT_LINK">
                    <value xsi:type="EM:AntecedentReference" antecedent="//@ruleDefinition/@logicSection/@logicExpression/@rightExpression/@rightExpression/@rightExpression/@leftExpression"/>
                  </facts>
                </rightExpression>
              </rightExpression>
            </rightExpression>
          </rightExpression>
        </rightExpression>
      </logicExpression>
    </logicSection>
    <actionSection>
      <action xsi:type="EM:ActionExpression">
        <logicExpression xsi:type="EM:Antecedent" id="A1" template="EKS_ADD_ONE_TIME_TASK_A">
          <facts argument="TASK_PRIORITY">
            <value xsi:type="EM:StringValue" value="Routine"/>
          </facts>
          <facts argument="TASK_CLASS">
            <value xsi:type="EM:ListValue">
              <values xsi:type="EM:ListValue">
                <values xsi:type="EM:CustomValue" hideDisplay="true">
                  <customValue xsi:type="EM:StringValue" value="CDF6025:ADHOC"/>
                </values>
                <values xsi:type="EM:StringValue" value="Adhoc"/>
              </values>
            </value>
          </facts>
          <facts argument="TASK_DESCRIPTION">
            <value xsi:type="EM:ListValue">
              <values xsi:type="EM:ListValue">
                <values xsi:type="EM:CustomValue" hideDisplay="true">
                  <customValue xsi:type="EM:StringValue" value="202064191.0|4364365.0|CHART RESULT"/>
                </values>
                <values xsi:type="EM:StringValue" value="Tobacco Cessation Education"/>
              </values>
            </value>
          </facts>
          <facts argument="ANCHOR_DT">
            <value xsi:type="EM:StringValue" value="@CURDATETIME"/>
          </facts>
          <facts argument="OPT_OFFSET_DAY">
            <value xsi:type="EM:StringValue"/>
          </facts>
          <facts argument="OPT_OFFSET_HOUR">
            <value xsi:type="EM:StringValue"/>
          </facts>
          <facts argument="OPT_OFFSET_MIN">
            <value xsi:type="EM:StringValue"/>
          </facts>
          <facts argument="LINK">
            <value xsi:type="EM:AntecedentReference" antecedent="//@ruleDefinition/@logicSection/@logicExpression/@rightExpression/@rightExpression/@rightExpression/@rightExpression/@rightExpression"/>
          </facts>
        </logicExpression>
      </action>
    </actionSection>
  </ruleDefinition>
</EM:ExpertModule>
