<?xml version="1.0" encoding="ASCII"?>
<EM:ExpertModule xmi:version="2.0" xmlns:xmi="http://www.omg.org/XMI" xmlns:xsi="http://www.w3.org/2001/XMLSchema-instance" xmlns:EM="http:///com.cerner.expert/expertmodule/1.0.0" moduleName="COV_IC_MISC_COVID_TASK">
  <information>
    <runtimeInformation versionString="001.050" externalFileName="COV_IC_MISC_COVID_TASK" lastUpdated="2020-11-04T14:20:16.000-0500" validtionType="PRODUCTION" title="COV_IC_MISC_COVID_TASK" reconcileFlag="1" reconcileDate="2020-11-04T14:20:16.000-0500">
      <duration start="2020-10-22T00:00:00.000-0400" end="2100-01-12T23:59:59.000-0500"/>
      <updateUser userName="PARAMASIVAM, GEETHA"/>
    </runtimeInformation>
    <documentation author="GEETHA PARAMASIVAM" institution="COVENANT HEALTH" specialist="Lori Myers, Amanda Fowlers"/>
  </information>
  <expertTemplates>
    <events>
      <event name=""/>
      <event name="ADDPROBLEM"/>
      <event name="ADDTOSCRATCHPAD"/>
      <event name="ALLERGY_EVENT"/>
      <event name="AP_ORDER_EVENT"/>
      <event name="BB_RESULT_EVENT"/>
      <event name="CBTFLEXORDERS"/>
      <event name="CHART_SERVER_EVENT"/>
      <event name="CLINICALTRIALSCREEN"/>
      <event name="CLINICAL_EVENT"/>
      <event name="CLOSECHART"/>
      <event name="COLLECTION_EVENT"/>
      <event name="DCP_CN_TASK_UPD"/>
      <event name="DCP_MODTASK_EVENT"/>
      <event name="DCP_PW_COND"/>
      <event name="DCP_PW_OUTCOME_EVENT"/>
      <event name="DIAGNOSIS_EVENT"/>
      <event name="EKS_FORMAT"/>
      <event name="EKS_SYNC_TEST01"/>
      <event name="EKS_TEST_02"/>
      <event name="EKS_TEST_EVENT"/>
      <event name="EKS_TEST_EVENT01"/>
      <event name="ENSURE_EVENT"/>
      <event name="EXPERT_EVENT"/>
      <event name="HEALTHE_EVENT"/>
      <event name="HEALTH_MAINT_QUAL_EVENT"/>
      <event name="HIM_ADD_REQUEST"/>
      <event name="HIM_ADMIT_EVENT"/>
      <event name="HIM_PATIENT_INFO_REQUEST"/>
      <event name="HIM_TEST_EVENT"/>
      <event name="HL7_EVENT"/>
      <event name="MB_EXPEDITE"/>
      <event name="MB_RESULT_EVENT"/>
      <event name="MB_SCRIPTED_WORKUPS"/>
      <event name="MB_SUSCEPTIBILITY"/>
      <event name="MDI_RESULT_EVENT"/>
      <event name="MEDCHARTACTIVATE"/>
      <event name="MPI_ADT"/>
      <event name="OPENCHART"/>
      <event name="ORDER_EVENT"/>
      <event name="ORDER_PRO_TEST1"/>
      <event name="PATIENT_EVENT"/>
      <event name="PCA_EXPERT_EVENT"/>
      <event name="Person_Transaction"/>
      <event name="PFT_Add_Account"/>
      <event name="PFT_ADJ_WO"/>
      <event name="PFT_CHARGE_EVENT"/>
      <event name="pft_check_amount"/>
      <event name="PFT_VEHICLE"/>
      <event name="PNTFLEXREFRANGE"/>
      <event name="POWERPLANFLEX"/>
      <event name="PROBLEM_EVENT"/>
      <event name="PROFIT_1450_CLAIM_EVENT"/>
      <event name="PROFIT_1500_CLAIM_EVENT"/>
      <event name="PROVIDER_CHG_EVENT"/>
      <event name="PROVIDE_EVENT"/>
      <event name="PWRCHRT_ADD_ORDER"/>
      <event name="RESULT_EVENT"/>
      <event name="RESULT_EVENT_CSM"/>
      <event name="RESULT_EVENT_TEST"/>
      <event name="SCH_ACTION_EVENT"/>
      <event name="SIGNORDER"/>
      <event name="SN New Pref Card Created"/>
      <event name="SN_CASE_CHECK_IN_EVENT"/>
      <event name="SN_CASE_EVENT"/>
      <event name="SN_CASE_SCHEDULE_EVENT"/>
      <event name="SN_DOCUMENT_OPEN"/>
      <event name="SN_DOCUMENT_STATE"/>
      <event name="SN_FINALIZE_DOC_EVENT"/>
      <event name="SN_PROCEDURE_SCHEDULE"/>
      <event name="SN_SAVE_PROCEDURE"/>
      <event name="SN_TEST_EVENT"/>
      <event name="SOCIAL_HISTORY_ADD"/>
      <event name="SYNCHEVENT"/>
      <event name="TOCFLEX"/>
      <event name="TOUCHOPENCHART"/>
    </events>
    <evokeTemplates>
      <templateDefinitions xsi:type="EM:ExpertTemplate" name="EKS_CE_CONTRIB_SYSTEM_E" definition="the triggering request contains a contributor system code EVALUATION CONTRIBUTOR_SYSTEM" description="Contributor system" eventDependency="//@expertTemplates/@events/@event.9" optimizable="true" reconcilable="true">
        <keywords>CLINICALEVENT</keywords>
        <arguments xsi:type="EM:FixedListArgument" name="EVALUATION" dataType="CHARACTER" validationType="READ_ONLY" required="true" reconcileScript="N/A">
          <stringTable>
            <column value="EQUAL TO"/>
            <column value="Equals contributor_system_cd"/>
          </stringTable>
          <stringTable>
            <column value="NOT EQUAL TO"/>
            <column value="Doesn't equal contributor_system_cd"/>
          </stringTable>
        </arguments>
        <arguments xsi:type="EM:ReferentialArgument" name="CONTRIBUTOR_SYSTEM" dataType="CHARACTER" controlType="LISTBOX" validationType="READ_ONLY" required="true" optimizable="true" reconcileScript="eks_p_codeset_cki_refhelp  &quot;89&quot;,&quot;CKI&quot;,&quot;&quot;" keyFieldIndex="2">
          <statements dependency="CONTRIBUTOR_SYSTEM" statement="eks_codeset_cki_refhelp &quot;89&quot;,&quot;CKI&quot;,&quot;&quot; go"/>
        </arguments>
      </templateDefinitions>
      <templateDefinitions xsi:type="EM:ExpertTemplate" name="EKS_CE_RESULT_STATUS_E" definition="EVENT_SET_NAME is  in any of the statuses listed: STATUS" description="Result status" eventDependency="//@expertTemplates/@events/@event.9" optimizable="true" reconcilable="true">
        <keywords>CLINICALEVENT</keywords>
        <arguments xsi:type="EM:ReferentialArgument" name="EVENT_SET_NAME" dataType="CHARACTER" controlType="LISTBOX" validationType="READ_ONLY" required="true" optimizable="true" reconcileScript="eks_p_event_set_name" keyFieldIndex="2">
          <statements dependency="EVENT_SET_NAME" statement="EKS_ABC_REFHELP &quot;ANY&quot; GO"/>
          <statements dependency="EVENT_SET_NAME" statement="eks_event_set_name_refhelp PAR1, &quot;EVENT_SET&quot; go&#xD;&#xA;&#xD;&#xA;/* SELECT&#xD;&#xA;IF (PAR1=&quot;*ANY&quot;)&#xD;&#xA;   EVENT_SET_NAME=&quot;*ANY_EVENT_SET_NAME&quot;&#xD;&#xA; ELSEIF (PAR1=&quot;ALL&quot;)&#xD;&#xA;    EVENT_SET_NAME = V.EVENT_SET_NAME&#xD;&#xA;  FROM V500_EVENT_SET_CODE V&#xD;&#xA;  ORDER cnvtupper(V.EVENT_SET_NAME)&#xD;&#xA; ELSEIF (PAR1 != &quot;OTHER&quot;) &#xD;&#xA;    EVENT_SET_NAME = V.EVENT_SET_NAME&#xD;&#xA;  FROM V500_EVENT_SET_CODE V&#xD;&#xA;  WHERE CNVTUPPER(V.EVENT_SET_NAME) =PATSTRING(CONCAT(cnvtupper(PAR1),&quot;*&quot;))    &#xD;&#xA;  ORDER cnvtupper(V.EVENT_SET_NAME)&#xD;&#xA; ELSE&#xD;&#xA;  EVENT_SET_NAME= V.EVENT_SET_NAME&#xD;&#xA;  FROM V500_EVENT_SET_CODE V&#xD;&#xA;  WHERE CNVTUPPER(substring(1,1,V.EVENT_SET_NAME)) NOT BETWEEN &quot;0&quot; AND &quot;Z&quot;&#xD;&#xA;  ORDER cnvtupper(V.EVENT_SET_NAME)    &#xD;&#xA; ENDIF */"/>
        </arguments>
        <arguments xsi:type="EM:ReferentialArgument" name="STATUS" dataType="CHARACTER" controlType="LISTBOX" validationType="READ_ONLY" required="true" optimizable="true" reconcileScript="eks_p_codeset_cki_refhelp &quot;8&quot;,&quot;CKI&quot;,&quot;*ANY_STATUS&quot;" keyFieldIndex="2">
          <statements dependency="STATUS" statement="eks_codeset_cki_refhelp &quot;8&quot;,&quot;CKI&quot;,&quot;*ANY_STATUS&quot; go&#xD;&#xA;/*&#xD;&#xA;select distinct&#xD;&#xA;    Result_Status = if (t.seq = 1) &#xD;&#xA;              cv.description &#xD;&#xA;           else &#xD;&#xA;              &quot;*ANY_STATUS&quot;&#xD;&#xA;           endif,&#xD;&#xA; _hidden = if (t.seq = 1) &#xD;&#xA;              cv.code_value &#xD;&#xA;           else&#xD;&#xA;              0.0&#xD;&#xA;           endif&#xD;&#xA;from code_value cv, (dummyt t with seq=2)&#xD;&#xA;plan cv where cv.code_set = 8 and cv.active_ind = 1 and cv.cdf_meaning > &quot; &quot;&#xD;&#xA;join t&#xD;&#xA;order Result_Status */&#xD;&#xA;"/>
        </arguments>
      </templateDefinitions>
      <templateDefinitions xsi:type="EM:ExpertTemplate" name="EKS_DEBUGEKM_E" definition="Turn debug messaging DEBUG_STATUS" description="Turn debug messaging on or off" eventDependency="//@expertTemplates/@events/@event.1 //@expertTemplates/@events/@event.2 //@expertTemplates/@events/@event.3 //@expertTemplates/@events/@event.4 //@expertTemplates/@events/@event.5 //@expertTemplates/@events/@event.8 //@expertTemplates/@events/@event.9 //@expertTemplates/@events/@event.10 //@expertTemplates/@events/@event.11 //@expertTemplates/@events/@event.13 //@expertTemplates/@events/@event.16 //@expertTemplates/@events/@event.23 //@expertTemplates/@events/@event.26 //@expertTemplates/@events/@event.27 //@expertTemplates/@events/@event.28 //@expertTemplates/@events/@event.31 //@expertTemplates/@events/@event.32 //@expertTemplates/@events/@event.33 //@expertTemplates/@events/@event.34 //@expertTemplates/@events/@event.36 //@expertTemplates/@events/@event.38 //@expertTemplates/@events/@event.39 //@expertTemplates/@events/@event.41 //@expertTemplates/@events/@event.42 //@expertTemplates/@events/@event.45 //@expertTemplates/@events/@event.44 //@expertTemplates/@events/@event.48 //@expertTemplates/@events/@event.49 //@expertTemplates/@events/@event.50 //@expertTemplates/@events/@event.51 //@expertTemplates/@events/@event.55 //@expertTemplates/@events/@event.57 //@expertTemplates/@events/@event.58 //@expertTemplates/@events/@event.61 //@expertTemplates/@events/@event.62 //@expertTemplates/@events/@event.63 //@expertTemplates/@events/@event.64 //@expertTemplates/@events/@event.65 //@expertTemplates/@events/@event.66 //@expertTemplates/@events/@event.67 //@expertTemplates/@events/@event.68 //@expertTemplates/@events/@event.69 //@expertTemplates/@events/@event.70 //@expertTemplates/@events/@event.72 //@expertTemplates/@events/@event.73 //@expertTemplates/@events/@event.74 //@expertTemplates/@events/@event.75 //@expertTemplates/@events/@event.47" reconcilable="true" alwaysTrue="true">
        <keywords>UTILITY</keywords>
        <arguments xsi:type="EM:ReferentialArgument" name="DEBUG_STATUS" dataType="CHARACTER" controlType="REFERENTIAL" validationType="READ_ONLY" required="true" reconcileScript="N/A" keyFieldIndex="2">
          <statements dependency="DEBUG_STATUS" statement="select debug_status = if (d.seq =  1) &quot;On for subsequent Evoke Templates&quot;&#xD;&#xA; elseif (d.seq = 2) &quot;Off for subsequent Evoke Templates&quot;&#xD;&#xA; elseif (d.seq = 3) &quot;On for all Logic Templates&quot;&#xD;&#xA; elseif (d.seq = 4) &quot;On for all Action Templates&quot;&#xD;&#xA; elseif (d.seq = 5) &quot;On for all Logic and Action Templates&quot;&#xD;&#xA; elseif (d.seq = 6) &quot;To FullAudit for this module only&quot;&#xD;&#xA; elseif (d.seq = 7) &quot;Additional EKSDATA logging&quot;&#xD;&#xA;ENDIF,&#xD;&#xA;_hidden = if (d.seq = 1) 1&#xD;&#xA; elseif (d.seq=2) 0&#xD;&#xA; elseif (d.seq=3) 2&#xD;&#xA; elseif (d.seq=4) 3&#xD;&#xA; elseif (d.seq=5) 4&#xD;&#xA; elseif (d.seq=6) 5&#xD;&#xA; elseif (d.seq=7) 6&#xD;&#xA;endif&#xD;&#xA;&#xD;&#xA;FROM (DUMMYT D WITH SEQ = VALUE(7))"/>
        </arguments>
      </templateDefinitions>
    </evokeTemplates>
    <logicTemplates>
      <templateDefinitions xsi:type="EM:ExpertTemplate" name="EKS_STOP_LOGIC_L" definition="the following templates are false, MODE logic evaluation" description="Used to control efficiency of Action Group rules" eventDependency="//@expertTemplates/@events/@event.1 //@expertTemplates/@events/@event.2 //@expertTemplates/@events/@event.3 //@expertTemplates/@events/@event.5 //@expertTemplates/@events/@event.8 //@expertTemplates/@events/@event.9 //@expertTemplates/@events/@event.10 //@expertTemplates/@events/@event.11 //@expertTemplates/@events/@event.13 //@expertTemplates/@events/@event.16 //@expertTemplates/@events/@event.23 //@expertTemplates/@events/@event.32 //@expertTemplates/@events/@event.36 //@expertTemplates/@events/@event.38 //@expertTemplates/@events/@event.39 //@expertTemplates/@events/@event.41 //@expertTemplates/@events/@event.42 //@expertTemplates/@events/@event.49 //@expertTemplates/@events/@event.50 //@expertTemplates/@events/@event.51 //@expertTemplates/@events/@event.55 //@expertTemplates/@events/@event.57 //@expertTemplates/@events/@event.58 //@expertTemplates/@events/@event.61 //@expertTemplates/@events/@event.72 //@expertTemplates/@events/@event.73 //@expertTemplates/@events/@event.74 //@expertTemplates/@events/@event.75" reconcilable="true" alwaysTrue="true">
        <keywords>UTILITY</keywords>
        <arguments xsi:type="EM:FixedListArgument" name="MODE" dataType="CHARACTER" validationType="READ_ONLY" reconcileScript="N/A">
          <defaultValue xsi:type="EM:StringValue" value="STOP"/>
          <stringTable>
            <column value="STOP"/>
            <column value=" "/>
          </stringTable>
          <stringTable>
            <column value="CONTINUE"/>
            <column value=" "/>
          </stringTable>
        </arguments>
      </templateDefinitions>
      <templateDefinitions xsi:type="EM:ExpertTemplate" name="EKS_LOGIC_TRUE" definition="LOGIC is true" description="Always true" eventDependency="//@expertTemplates/@events/@event.1 //@expertTemplates/@events/@event.2 //@expertTemplates/@events/@event.3 //@expertTemplates/@events/@event.8 //@expertTemplates/@events/@event.9 //@expertTemplates/@events/@event.10 //@expertTemplates/@events/@event.11 //@expertTemplates/@events/@event.13 //@expertTemplates/@events/@event.16 //@expertTemplates/@events/@event.23 //@expertTemplates/@events/@event.24 //@expertTemplates/@events/@event.36 //@expertTemplates/@events/@event.38 //@expertTemplates/@events/@event.39 //@expertTemplates/@events/@event.41 //@expertTemplates/@events/@event.42 //@expertTemplates/@events/@event.49 //@expertTemplates/@events/@event.50 //@expertTemplates/@events/@event.51 //@expertTemplates/@events/@event.55 //@expertTemplates/@events/@event.57 //@expertTemplates/@events/@event.58 //@expertTemplates/@events/@event.60 //@expertTemplates/@events/@event.61 //@expertTemplates/@events/@event.72 //@expertTemplates/@events/@event.73 //@expertTemplates/@events/@event.74 //@expertTemplates/@events/@event.75" reconcilable="true" alwaysTrue="true">
        <keywords>UTILITY</keywords>
        <arguments name="LOGIC" dataType="CHARACTER" reconcileScript="N/A">
          <defaultValue xsi:type="EM:StringValue" value="@quot;LOGIC@quot;"/>
        </arguments>
      </templateDefinitions>
      <templateDefinitions xsi:type="EM:ExpertTemplate" name="EKS_AGE_EVAL_L" definition="Person's age is EVALUATION AGE1 UNIT1 and OPT_AGE2 OPT_UNIT2 using person from OPT_LINK" description="Age" eventDependency="//@expertTemplates/@events/@event.1 //@expertTemplates/@events/@event.2 //@expertTemplates/@events/@event.3 //@expertTemplates/@events/@event.5 //@expertTemplates/@events/@event.9 //@expertTemplates/@events/@event.10 //@expertTemplates/@events/@event.11 //@expertTemplates/@events/@event.13 //@expertTemplates/@events/@event.16 //@expertTemplates/@events/@event.23 //@expertTemplates/@events/@event.32 //@expertTemplates/@events/@event.34 //@expertTemplates/@events/@event.36 //@expertTemplates/@events/@event.38 //@expertTemplates/@events/@event.39 //@expertTemplates/@events/@event.41 //@expertTemplates/@events/@event.42 //@expertTemplates/@events/@event.49 //@expertTemplates/@events/@event.50 //@expertTemplates/@events/@event.51 //@expertTemplates/@events/@event.55 //@expertTemplates/@events/@event.57 //@expertTemplates/@events/@event.58 //@expertTemplates/@events/@event.61 //@expertTemplates/@events/@event.72 //@expertTemplates/@events/@event.73 //@expertTemplates/@events/@event.74 //@expertTemplates/@events/@event.75" reconcilable="true">
        <keywords>PERSON</keywords>
        <arguments xsi:type="EM:FixedListArgument" name="EVALUATION" dataType="CHARACTER" validationType="READ_ONLY" required="true" reconcileScript="N/A">
          <stringTable>
            <column value="greater than"/>
            <column value="greater than"/>
          </stringTable>
          <stringTable>
            <column value="less than"/>
            <column value="less than"/>
          </stringTable>
          <stringTable>
            <column value="between"/>
            <column value="between"/>
          </stringTable>
          <stringTable>
            <column value="outside"/>
            <column value="outside"/>
          </stringTable>
        </arguments>
        <arguments name="AGE1" required="true" reconcileScript="N/A"/>
        <arguments xsi:type="EM:FixedListArgument" name="UNIT1" dataType="CHARACTER" validationType="READ_ONLY" required="true" reconcileScript="N/A">
          <stringTable>
            <column value="minutes"/>
            <column value="minutes"/>
          </stringTable>
          <stringTable>
            <column value="hours"/>
            <column value="hours"/>
          </stringTable>
          <stringTable>
            <column value="days"/>
            <column value="days"/>
          </stringTable>
          <stringTable>
            <column value="weeks"/>
            <column value="weeks"/>
          </stringTable>
          <stringTable>
            <column value="months"/>
            <column value="months"/>
          </stringTable>
          <stringTable>
            <column value="years"/>
            <column value="years"/>
          </stringTable>
        </arguments>
        <arguments name="OPT_AGE2" reconcileScript="N/A"/>
        <arguments xsi:type="EM:FixedListArgument" name="OPT_UNIT2" dataType="CHARACTER" validationType="READ_ONLY" reconcileScript="N/A">
          <stringTable>
            <column value="minutes"/>
            <column value="minutes"/>
          </stringTable>
          <stringTable>
            <column value="hours"/>
            <column value="hours"/>
          </stringTable>
          <stringTable>
            <column value="days"/>
            <column value="days"/>
          </stringTable>
          <stringTable>
            <column value="weeks"/>
            <column value="weeks"/>
          </stringTable>
          <stringTable>
            <column value="months"/>
            <column value="months"/>
          </stringTable>
          <stringTable>
            <column value="years"/>
            <column value="years"/>
          </stringTable>
        </arguments>
        <arguments name="OPT_LINK" dataType="LINK" controlType="TEMPLATE_REFERENCE" reconcileScript="N/A"/>
      </templateDefinitions>
      <templateDefinitions xsi:type="EM:ExpertTemplate" name="EKS_ENCOUNTER_DETAIL_L" definition="the patient's ENC_DETAIL QUAL DETAIL_VALUE for the same encounter as OPT_LINK" description="Encounter attributes" eventDependency="//@expertTemplates/@events/@event.1 //@expertTemplates/@events/@event.2 //@expertTemplates/@events/@event.3 //@expertTemplates/@events/@event.4 //@expertTemplates/@events/@event.8 //@expertTemplates/@events/@event.9 //@expertTemplates/@events/@event.10 //@expertTemplates/@events/@event.11 //@expertTemplates/@events/@event.13 //@expertTemplates/@events/@event.16 //@expertTemplates/@events/@event.23 //@expertTemplates/@events/@event.34 //@expertTemplates/@events/@event.36 //@expertTemplates/@events/@event.38 //@expertTemplates/@events/@event.39 //@expertTemplates/@events/@event.41 //@expertTemplates/@events/@event.42 //@expertTemplates/@events/@event.49 //@expertTemplates/@events/@event.50 //@expertTemplates/@events/@event.51 //@expertTemplates/@events/@event.55 //@expertTemplates/@events/@event.57 //@expertTemplates/@events/@event.61 //@expertTemplates/@events/@event.72 //@expertTemplates/@events/@event.73 //@expertTemplates/@events/@event.74 //@expertTemplates/@events/@event.75" optimizable="true" reconcilable="true">
        <keywords>ENCOUNTER</keywords>
        <arguments xsi:type="EM:ReferentialArgument" name="ENC_DETAIL" dataType="CHARACTER" controlType="REFERENTIAL" validationType="READ_ONLY" required="true" reconcileScript="N/A" keyFieldIndex="2">
          <statements dependency="ENC_DETAIL" statement="execute EKS_T_ENC_DETAIL_REFHELP &quot;HELP&quot; go"/>
        </arguments>
        <arguments xsi:type="EM:ReferentialArgument" name="QUAL" dataType="CHARACTER" controlType="REFERENTIAL" validationType="READ_ONLY" required="true" dependency="ENC_DETAIL" reconcileScript="N/A" keyFieldIndex="2">
          <statements dependency="QUAL" statement="execute EKS_T_ENC_DETAIL_REFHELP concat(&quot;QUAL&quot;, PAR1) go"/>
        </arguments>
        <arguments xsi:type="EM:ReferentialArgument" name="DETAIL_VALUE" dataType="CHARACTER" controlType="LISTBOX" validationType="READ_ONLY" required="true" dependency="ENC_DETAIL" optimizable="true" reconcileScript="eks_p_encDetail" keyFieldIndex="2">
          <statements dependency="DETAIL_VALUE" statement="execute EKS_T_ENC_DETAIL_REFHELP concat(&quot;VALUE&quot;, PAR1) go"/>
        </arguments>
        <arguments name="OPT_LINK" dataType="LINK" controlType="TEMPLATE_REFERENCE" reconcileScript="N/A"/>
      </templateDefinitions>
      <templateDefinitions xsi:type="EM:ExpertTemplate" name="EKS_CE_RESULTA_MOST_RECENT_L" definition="the most recent result for EVENT_SET_NAME is EVALUATION VALUE1 for the same encounter as OPT_LINK over the last OPT_TIME_NUM OPT_TIME_UNIT" description="Most recent alpha result value" recommeded="CAUTION" eventDependency="//@expertTemplates/@events/@event.1 //@expertTemplates/@events/@event.2 //@expertTemplates/@events/@event.3 //@expertTemplates/@events/@event.8 //@expertTemplates/@events/@event.9 //@expertTemplates/@events/@event.10 //@expertTemplates/@events/@event.13 //@expertTemplates/@events/@event.16 //@expertTemplates/@events/@event.23 //@expertTemplates/@events/@event.36 //@expertTemplates/@events/@event.38 //@expertTemplates/@events/@event.39 //@expertTemplates/@events/@event.41 //@expertTemplates/@events/@event.42 //@expertTemplates/@events/@event.49 //@expertTemplates/@events/@event.50 //@expertTemplates/@events/@event.51 //@expertTemplates/@events/@event.55 //@expertTemplates/@events/@event.57 //@expertTemplates/@events/@event.61 //@expertTemplates/@events/@event.72 //@expertTemplates/@events/@event.73 //@expertTemplates/@events/@event.74 //@expertTemplates/@events/@event.75" optimizable="true" reconcilable="true">
        <keywords>CLINICALEVENT</keywords>
        <arguments xsi:type="EM:ReferentialArgument" name="EVENT_SET_NAME" dataType="CHARACTER" controlType="LISTBOX" validationType="READ_ONLY" required="true" optimizable="true" reconcileScript="eks_p_event_set_name" keyFieldIndex="2">
          <statements dependency="EVENT_SET_NAME" statement="EKS_abc_refhelp &quot; &quot; go&#xD;&#xA;"/>
          <statements dependency="EVENT_SET_NAME" statement="eks_event_set_name_refhelp PAR1, &quot;EVENT_SET&quot; go"/>
        </arguments>
        <arguments xsi:type="EM:FixedListArgument" name="EVALUATION" dataType="CHARACTER" validationType="READ_ONLY" required="true" reconcileScript="N/A">
          <stringTable>
            <column value="equal to"/>
            <column value="alpha"/>
          </stringTable>
          <stringTable>
            <column value="not equal to"/>
            <column value="alpha"/>
          </stringTable>
        </arguments>
        <arguments xsi:type="EM:ReferentialArgument" name="VALUE1" dataType="CHARACTER" controlType="LISTBOX" validationType="READ_ONLY" required="true" reconcileScript="N/A">
          <statements dependency="VALUE1" statement="EKS_ABC_REFHELP &quot; &quot; GO"/>
          <statements dependency="VALUE1" statement="SELECT&#xD;&#xA; IF (PAR1=&quot;ALL&quot;)&#xD;&#xA;  from nomenclature n,code_value cv&#xD;&#xA;  plan cv where cv.code_set=401 and cv.cdf_meaning =&quot;ALPHA RESPON&quot;&#xD;&#xA;  join n where n.active_ind=1 and n.principle_type_cd=cv.code_value&#xD;&#xA;   and n.beg_effective_dt_tm &lt;= cnvtdatetime(curdate, curtime3)&#xD;&#xA;   and n.end_effective_dt_tm >= cnvtdatetime(curdate, curtime3)&#xD;&#xA;   and n.source_string != &quot; &quot;&#xD;&#xA; ELSEIF (PAR1 != &quot;OTHER&quot;) &#xD;&#xA;  from nomenclature n,code_value cv&#xD;&#xA;  plan cv where cv.code_set=401 and cv.cdf_meaning =&quot;ALPHA RESPON&quot;&#xD;&#xA;  join n where n.active_ind=1 and n.principle_type_cd=cv.code_value&#xD;&#xA;   and n.beg_effective_dt_tm &lt;= cnvtdatetime(curdate, curtime3)&#xD;&#xA;   and n.end_effective_dt_tm >= cnvtdatetime(curdate, curtime3)&#xD;&#xA;   and n.source_string != &quot; &quot;&#xD;&#xA;   and CNVTUPPER(n.source_string)=PATSTRING(CONCAT(cnvtupper(PAR1),&quot;*&quot;))    &#xD;&#xA; ELSE&#xD;&#xA;  from nomenclature n,code_value cv&#xD;&#xA;  plan cv where cv.code_set=401 and cv.cdf_meaning =&quot;ALPHA RESPON&quot;&#xD;&#xA;  join n where n.active_ind=1 and n.principle_type_cd=cv.code_value&#xD;&#xA;   and n.beg_effective_dt_tm &lt;= cnvtdatetime(curdate, curtime3)&#xD;&#xA;   and n.end_effective_dt_tm >= cnvtdatetime(curdate, curtime3)&#xD;&#xA;   and n.source_string != &quot; &quot;&#xD;&#xA;   and  CNVTUPPER(substring(1,1,n.source_string)) NOT BETWEEN &quot;0&quot; AND &quot;Z&quot;&#xD;&#xA; ENDIF&#xD;&#xA;STRING = n.source_string&#xD;&#xA;ORDER cnvtupper(n.source_string)"/>
        </arguments>
        <arguments name="OPT_LINK" dataType="LINK" controlType="TEMPLATE_REFERENCE" reconcileScript="N/A"/>
        <arguments name="OPT_TIME_NUM" dataType="CHARACTER" validationType="MAX_LENGTH" reconcileScript="N/A"/>
        <arguments xsi:type="EM:FixedListArgument" name="OPT_TIME_UNIT" dataType="CHARACTER" validationType="READ_ONLY" reconcileScript="N/A">
          <stringTable>
            <column value="minutes"/>
            <column value="minutes"/>
          </stringTable>
          <stringTable>
            <column value="hours"/>
            <column value="hours"/>
          </stringTable>
          <stringTable>
            <column value="days"/>
            <column value="days"/>
          </stringTable>
        </arguments>
      </templateDefinitions>
      <templateDefinitions xsi:type="EM:ExpertTemplate" name="EKS_CE_RESULT_MOST_RECENT_L" definition="the most recent result for EVENT_SET_NAME is EVALUATION VALUE1 and OPT_VALUE2 for the same encounter as OPT_LINK over the last OPT_TIME_NUM OPT_TIME_UNIT" description="Most recent numeric result value" recommeded="CAUTION" eventDependency="//@expertTemplates/@events/@event.1 //@expertTemplates/@events/@event.2 //@expertTemplates/@events/@event.3 //@expertTemplates/@events/@event.8 //@expertTemplates/@events/@event.9 //@expertTemplates/@events/@event.10 //@expertTemplates/@events/@event.13 //@expertTemplates/@events/@event.16 //@expertTemplates/@events/@event.23 //@expertTemplates/@events/@event.36 //@expertTemplates/@events/@event.38 //@expertTemplates/@events/@event.39 //@expertTemplates/@events/@event.41 //@expertTemplates/@events/@event.42 //@expertTemplates/@events/@event.49 //@expertTemplates/@events/@event.50 //@expertTemplates/@events/@event.51 //@expertTemplates/@events/@event.55 //@expertTemplates/@events/@event.57 //@expertTemplates/@events/@event.61 //@expertTemplates/@events/@event.72 //@expertTemplates/@events/@event.73 //@expertTemplates/@events/@event.74 //@expertTemplates/@events/@event.75" optimizable="true" reconcilable="true">
        <keywords>CLINICALEVENT</keywords>
        <arguments xsi:type="EM:ReferentialArgument" name="EVENT_SET_NAME" dataType="CHARACTER" controlType="LISTBOX" validationType="READ_ONLY" required="true" optimizable="true" reconcileScript="eks_p_event_set_name" keyFieldIndex="2">
          <statements dependency="EVENT_SET_NAME" statement="EKS_abc_refhelp &quot; &quot; go&#xD;&#xA;"/>
          <statements dependency="EVENT_SET_NAME" statement="eks_event_set_name_refhelp PAR1, &quot;EVENT_SET&quot; go"/>
        </arguments>
        <arguments xsi:type="EM:FixedListArgument" name="EVALUATION" dataType="CHARACTER" validationType="READ_ONLY" required="true" reconcileScript="N/A">
          <stringTable>
            <column value="equal to"/>
            <column value="alpha or numeric"/>
          </stringTable>
          <stringTable>
            <column value="not equal to"/>
            <column value="alpha or numeric"/>
          </stringTable>
          <stringTable>
            <column value="less than"/>
            <column value="numeric only"/>
          </stringTable>
          <stringTable>
            <column value="less than or equal to"/>
            <column value="numeric only"/>
          </stringTable>
          <stringTable>
            <column value="greater than"/>
            <column value="numeric only"/>
          </stringTable>
          <stringTable>
            <column value="greater than or equal to"/>
            <column value="numeric only"/>
          </stringTable>
          <stringTable>
            <column value="between"/>
            <column value="numeric only"/>
          </stringTable>
          <stringTable>
            <column value="outside"/>
            <column value="numeric only"/>
          </stringTable>
        </arguments>
        <arguments name="VALUE1" dataType="CHARACTER" required="true" reconcileScript="N/A"/>
        <arguments name="OPT_VALUE2" dataType="CHARACTER" reconcileScript="N/A"/>
        <arguments name="OPT_LINK" dataType="LINK" controlType="TEMPLATE_REFERENCE" reconcileScript="N/A"/>
        <arguments name="OPT_TIME_NUM" reconcileScript="N/A"/>
        <arguments xsi:type="EM:FixedListArgument" name="OPT_TIME_UNIT" dataType="CHARACTER" validationType="READ_ONLY" reconcileScript="N/A">
          <stringTable>
            <column value="minutes"/>
            <column value="minutes"/>
          </stringTable>
          <stringTable>
            <column value="hours"/>
            <column value="hours"/>
          </stringTable>
          <stringTable>
            <column value="days"/>
            <column value="days"/>
          </stringTable>
        </arguments>
      </templateDefinitions>
      <templateDefinitions xsi:type="EM:ExpertTemplate" name="EKS_EXEC_CCL_L" definition="Execute PROGRAM_NAME with parameters OPT_PARAM and link to OPT_LINK" description="Execute CCL program" eventDependency="//@expertTemplates/@events/@event.1 //@expertTemplates/@events/@event.2 //@expertTemplates/@events/@event.3 //@expertTemplates/@events/@event.4 //@expertTemplates/@events/@event.5 //@expertTemplates/@events/@event.8 //@expertTemplates/@events/@event.9 //@expertTemplates/@events/@event.10 //@expertTemplates/@events/@event.11 //@expertTemplates/@events/@event.13 //@expertTemplates/@events/@event.16 //@expertTemplates/@events/@event.23 //@expertTemplates/@events/@event.32 //@expertTemplates/@events/@event.34 //@expertTemplates/@events/@event.36 //@expertTemplates/@events/@event.38 //@expertTemplates/@events/@event.39 //@expertTemplates/@events/@event.41 //@expertTemplates/@events/@event.42 //@expertTemplates/@events/@event.49 //@expertTemplates/@events/@event.50 //@expertTemplates/@events/@event.51 //@expertTemplates/@events/@event.55 //@expertTemplates/@events/@event.56 //@expertTemplates/@events/@event.57 //@expertTemplates/@events/@event.58 //@expertTemplates/@events/@event.60 //@expertTemplates/@events/@event.61 //@expertTemplates/@events/@event.72 //@expertTemplates/@events/@event.73 //@expertTemplates/@events/@event.74 //@expertTemplates/@events/@event.75" reconcilable="true">
        <keywords>UTILITY</keywords>
        <arguments name="PROGRAM_NAME" dataType="CHARACTER" required="true" reconcileScript="eks_p_checkprg"/>
        <arguments name="OPT_PARAM" dataType="CHARACTER" reconcileScript="N/A"/>
        <arguments name="OPT_LINK" dataType="LINK" controlType="TEMPLATE_REFERENCE" reconcileScript="N/A"/>
      </templateDefinitions>
      <templateDefinitions xsi:type="EM:ExpertTemplate" name="EKS_PREVIOUS_ACTION_L" definition="If previous action of ACTION_NAME was executed for SCOPE OPT_LINK initiated by PERSONNEL user in last OPT_TIME_NUM OPT_TIME_UNIT" description="If previous action of ACTION_NAME was executed for SCOPE OPT_LINK initiated by PERSONNEL user in last OPT_TIME_NUM OPT_TIME_UNIT" eventDependency="//@expertTemplates/@events/@event.1 //@expertTemplates/@events/@event.2 //@expertTemplates/@events/@event.3 //@expertTemplates/@events/@event.9 //@expertTemplates/@events/@event.10 //@expertTemplates/@events/@event.11 //@expertTemplates/@events/@event.13 //@expertTemplates/@events/@event.16 //@expertTemplates/@events/@event.23 //@expertTemplates/@events/@event.36 //@expertTemplates/@events/@event.38 //@expertTemplates/@events/@event.39 //@expertTemplates/@events/@event.41 //@expertTemplates/@events/@event.42 //@expertTemplates/@events/@event.50 //@expertTemplates/@events/@event.51 //@expertTemplates/@events/@event.55 //@expertTemplates/@events/@event.57 //@expertTemplates/@events/@event.61 //@expertTemplates/@events/@event.72 //@expertTemplates/@events/@event.73 //@expertTemplates/@events/@event.74 //@expertTemplates/@events/@event.75" reconcilable="true">
        <keywords>UTILITY</keywords>
        <arguments xsi:type="EM:ReferentialArgument" name="ACTION_NAME" dataType="CHARACTER" controlType="LISTBOX" validationType="READ_ONLY" required="true" reconcileScript="eks_p_moduleName" keyFieldIndex="2">
          <statements dependency="ACTION_NAME" statement="execute eks_t_dlg_refhelp &quot;step0^&quot; go"/>
          <statements dependency="ACTION_NAME" statement="execute eks_t_dlg_refhelp concat(&quot;step1^&quot;, PAR1) go"/>
        </arguments>
        <arguments xsi:type="EM:FixedListArgument" name="SCOPE" dataType="CHARACTER" validationType="READ_ONLY" required="true" reconcileScript="N/A">
          <stringTable>
            <column value="same person"/>
            <column value="same person"/>
          </stringTable>
          <stringTable>
            <column value="same encounter"/>
            <column value="same encounter"/>
          </stringTable>
          <stringTable>
            <column value="any person"/>
            <column value="any person"/>
          </stringTable>
        </arguments>
        <arguments name="OPT_LINK" dataType="LINK" controlType="TEMPLATE_REFERENCE" reconcileScript="N/A"/>
        <arguments xsi:type="EM:FixedListArgument" name="PERSONNEL" dataType="CHARACTER" validationType="READ_ONLY" required="true" reconcileScript="N/A">
          <defaultValue xsi:type="EM:StringValue" value="any"/>
          <stringTable>
            <column value="current"/>
            <column value="current"/>
          </stringTable>
          <stringTable>
            <column value="any"/>
            <column value="any"/>
          </stringTable>
        </arguments>
        <arguments name="OPT_TIME_NUM" dataType="CHARACTER" reconcileScript="N/A"/>
        <arguments xsi:type="EM:FixedListArgument" name="OPT_TIME_UNIT" dataType="CHARACTER" validationType="READ_ONLY" reconcileScript="N/A">
          <stringTable>
            <column value="minutes"/>
            <column value="minutes"/>
          </stringTable>
          <stringTable>
            <column value="hours"/>
            <column value="hours"/>
          </stringTable>
          <stringTable>
            <column value="days"/>
            <column value="days"/>
          </stringTable>
        </arguments>
      </templateDefinitions>
    </logicTemplates>
    <actionTemplates>
      <templateDefinitions xsi:type="EM:ExpertTemplate" name="EKS_MESSENGER_ESC_A" definition="Send message to OPT_RECIPIENT and/or OPT_FT_RECIPIENT with subject OPT_SUBJECT, text OPT_MSG and a OPT_PRIORITY priority related to ESC_LINK. Delay escalation of the message for TIME_INTERVAL TIME_UNIT and STOP_FLAG escalation.  " description="Send escalation message to printer, email, alphapager" eventDependency="//@expertTemplates/@events/@event.1 //@expertTemplates/@events/@event.2 //@expertTemplates/@events/@event.3 //@expertTemplates/@events/@event.4 //@expertTemplates/@events/@event.5 //@expertTemplates/@events/@event.8 //@expertTemplates/@events/@event.9 //@expertTemplates/@events/@event.10 //@expertTemplates/@events/@event.11 //@expertTemplates/@events/@event.12 //@expertTemplates/@events/@event.13 //@expertTemplates/@events/@event.14 //@expertTemplates/@events/@event.15 //@expertTemplates/@events/@event.16 //@expertTemplates/@events/@event.23 //@expertTemplates/@events/@event.26 //@expertTemplates/@events/@event.27 //@expertTemplates/@events/@event.28 //@expertTemplates/@events/@event.31 //@expertTemplates/@events/@event.32 //@expertTemplates/@events/@event.33 //@expertTemplates/@events/@event.34 //@expertTemplates/@events/@event.35 //@expertTemplates/@events/@event.36 //@expertTemplates/@events/@event.37 //@expertTemplates/@events/@event.38 //@expertTemplates/@events/@event.39 //@expertTemplates/@events/@event.41 //@expertTemplates/@events/@event.42 //@expertTemplates/@events/@event.45 //@expertTemplates/@events/@event.44 //@expertTemplates/@events/@event.48 //@expertTemplates/@events/@event.51 //@expertTemplates/@events/@event.57 //@expertTemplates/@events/@event.58 //@expertTemplates/@events/@event.61 //@expertTemplates/@events/@event.62 //@expertTemplates/@events/@event.63 //@expertTemplates/@events/@event.64 //@expertTemplates/@events/@event.65 //@expertTemplates/@events/@event.66 //@expertTemplates/@events/@event.67 //@expertTemplates/@events/@event.68 //@expertTemplates/@events/@event.69 //@expertTemplates/@events/@event.70 //@expertTemplates/@events/@event.72 //@expertTemplates/@events/@event.73 //@expertTemplates/@events/@event.75 //@expertTemplates/@events/@event.47" reconcilable="true">
        <keywords>ESCALATION</keywords>
        <arguments xsi:type="EM:ReferentialArgument" name="OPT_RECIPIENT" dataType="CHARACTER" controlType="LISTBOX" validationType="READ_ONLY" reconcileScript="eks_p_messenger_recp" keyFieldIndex="2">
          <statements dependency="OPT_RECIPIENT" statement="execute eks_recipient_refhelp &quot;NOTIFICATION_TYPE&quot; go"/>
          <statements dependency="OPT_RECIPIENT" statement="execute eks_recipient_refhelp concat(&quot;RELATION_TYPE^&quot;,PAR1) go"/>
          <statements dependency="OPT_RECIPIENT" statement="execute eks_recipient_refhelp concat(&quot;ALPHA^&quot;,PAR1) go"/>
          <statements dependency="OPT_RECIPIENT" statement="execute eks_recipient_refhelp concat(&quot;NOTIFICATION_RECIPIENT^&quot;,PAR1) go"/>
        </arguments>
        <arguments xsi:type="EM:ReferentialArgument" name="OPT_FT_RECIPIENT" dataType="CHARACTER" controlType="LISTBOX" validationType="READ_ONLY" reconcileScript="N/A">
          <statements dependency="OPT_FT_RECIPIENT" statement="execute eks_recipient_refhelp &quot;FREETEXT&quot; go"/>
        </arguments>
        <arguments name="OPT_SUBJECT" dataType="CHARACTER" reconcileScript="N/A"/>
        <arguments name="OPT_MSG" dataType="CHARACTER" controlType="TEXT_MULTI_LINE" reconcileScript="N/A"/>
        <arguments xsi:type="EM:ReferentialArgument" name="OPT_PRIORITY" dataType="CHARACTER" controlType="REFERENTIAL" validationType="REFERENTIAL" reconcileScript="N/A">
          <statements dependency="OPT_PRIORITY" statement="execute eks_t_messenger &quot;HELPPRIORITY&quot; go"/>
        </arguments>
        <arguments name="ESC_LINK" dataType="LINK" controlType="TEMPLATE_REFERENCE" required="true" reconcileScript="N/A"/>
        <arguments name="TIME_INTERVAL" reconcileScript="N/A"/>
        <arguments xsi:type="EM:FixedListArgument" name="TIME_UNIT" dataType="CHARACTER" validationType="READ_ONLY" reconcileScript="N/A">
          <stringTable>
            <column value="minutes"/>
            <column value="minutes"/>
          </stringTable>
          <stringTable>
            <column value="hours"/>
            <column value="hours"/>
          </stringTable>
          <stringTable>
            <column value="days"/>
            <column value="days"/>
          </stringTable>
        </arguments>
        <arguments xsi:type="EM:FixedListArgument" name="STOP_FLAG" dataType="CHARACTER" validationType="READ_ONLY" required="true" reconcileScript="N/A">
          <defaultValue xsi:type="EM:StringValue" value="CONTINUE"/>
          <stringTable>
            <column value="CONTINUE"/>
            <column value="CONTINUE"/>
          </stringTable>
          <stringTable>
            <column value="STOP"/>
            <column value="STOP"/>
          </stringTable>
          <stringTable>
            <column value="SKIP"/>
            <column value="SKIP"/>
          </stringTable>
        </arguments>
      </templateDefinitions>
      <templateDefinitions xsi:type="EM:ExpertTemplate" name="EKS_LOG_ACTION_A" definition="Log action with name ACTION_NAME" description="Log action with name ACTION_NAME" eventDependency="//@expertTemplates/@events/@event.2 //@expertTemplates/@events/@event.3 //@expertTemplates/@events/@event.9 //@expertTemplates/@events/@event.10 //@expertTemplates/@events/@event.11 //@expertTemplates/@events/@event.13 //@expertTemplates/@events/@event.16 //@expertTemplates/@events/@event.23 //@expertTemplates/@events/@event.36 //@expertTemplates/@events/@event.38 //@expertTemplates/@events/@event.39 //@expertTemplates/@events/@event.41 //@expertTemplates/@events/@event.42 //@expertTemplates/@events/@event.51 //@expertTemplates/@events/@event.55 //@expertTemplates/@events/@event.57 //@expertTemplates/@events/@event.61 //@expertTemplates/@events/@event.72 //@expertTemplates/@events/@event.73 //@expertTemplates/@events/@event.75" reconcilable="true" alwaysTrue="true">
        <keywords>UTILITY</keywords>
        <arguments xsi:type="EM:ReferentialArgument" name="ACTION_NAME" dataType="CHARACTER" controlType="LISTBOX" validationType="READ_ONLY" required="true" reconcileScript="eks_p_moduleName" keyFieldIndex="2">
          <statements dependency="ACTION_NAME" statement="execute eks_t_dlg_refhelp &quot;step0^&quot; go"/>
          <statements dependency="ACTION_NAME" statement="execute eks_t_dlg_refhelp concat(&quot;step1^&quot;, PAR1) go"/>
        </arguments>
      </templateDefinitions>
    </actionTemplates>
  </expertTemplates>
  <ruleDefinition>
    <evokeSection>
      <evokes evokeEvent="//@expertTemplates/@events/@event.9">
        <logicExpression xsi:type="EM:InfixExpression">
          <leftExpression xsi:type="EM:Antecedent" id="E1" template="EKS_CE_CONTRIB_SYSTEM_E">
            <facts argument="EVALUATION">
              <value xsi:type="EM:StringValue" value="EQUAL TO"/>
            </facts>
            <facts argument="CONTRIBUTOR_SYSTEM">
              <value xsi:type="EM:ListValue">
                <values xsi:type="EM:ListValue">
                  <values xsi:type="EM:CustomValue" hideDisplay="true">
                    <customValue xsi:type="EM:StringValue" value="CKI.CODEVALUE!4835"/>
                  </values>
                  <values xsi:type="EM:StringValue" value="PowerChart"/>
                </values>
              </value>
            </facts>
          </leftExpression>
          <rightExpression xsi:type="EM:InfixExpression">
            <leftExpression xsi:type="EM:Antecedent" id="E2" template="EKS_CE_RESULT_STATUS_E">
              <facts argument="EVENT_SET_NAME">
                <value xsi:type="EM:ListValue">
                  <values xsi:type="EM:ListValue">
                    <values xsi:type="EM:CustomValue" hideDisplay="true">
                      <customValue xsi:type="EM:StringValue" value="SARS CoV2 RNA, RT PCR"/>
                    </values>
                    <values xsi:type="EM:StringValue" value="SARS CoV2 RNA, RT PCR"/>
                    <values xsi:type="EM:ListValue">
                      <values xsi:type="EM:CustomValue" hideDisplay="true">
                        <customValue xsi:type="EM:StringValue" value="S"/>
                      </values>
                    </values>
                  </values>
                  <values xsi:type="EM:ListValue">
                    <values xsi:type="EM:CustomValue" hideDisplay="true">
                      <customValue xsi:type="EM:StringValue" value="SARS-CoV-2"/>
                    </values>
                    <values xsi:type="EM:StringValue" value="SARS-CoV-2"/>
                    <values xsi:type="EM:ListValue">
                      <values xsi:type="EM:CustomValue" hideDisplay="true">
                        <customValue xsi:type="EM:StringValue" value="S"/>
                      </values>
                    </values>
                  </values>
                  <values xsi:type="EM:ListValue">
                    <values xsi:type="EM:CustomValue" hideDisplay="true">
                      <customValue xsi:type="EM:StringValue" value="CRP"/>
                    </values>
                    <values xsi:type="EM:StringValue" value="CRP"/>
                    <values xsi:type="EM:ListValue">
                      <values xsi:type="EM:CustomValue" hideDisplay="true">
                        <customValue xsi:type="EM:StringValue" value="C"/>
                      </values>
                    </values>
                  </values>
                  <values xsi:type="EM:ListValue">
                    <values xsi:type="EM:CustomValue" hideDisplay="true">
                      <customValue xsi:type="EM:StringValue" value="Sed Rate Automated"/>
                    </values>
                    <values xsi:type="EM:StringValue" value="Sed Rate Automated"/>
                    <values xsi:type="EM:ListValue">
                      <values xsi:type="EM:CustomValue" hideDisplay="true">
                        <customValue xsi:type="EM:StringValue" value="S"/>
                      </values>
                    </values>
                  </values>
                  <values xsi:type="EM:ListValue">
                    <values xsi:type="EM:CustomValue" hideDisplay="true">
                      <customValue xsi:type="EM:StringValue" value="Sed Rate Westergren"/>
                    </values>
                    <values xsi:type="EM:StringValue" value="Sed Rate Westergren"/>
                    <values xsi:type="EM:ListValue">
                      <values xsi:type="EM:CustomValue" hideDisplay="true">
                        <customValue xsi:type="EM:StringValue" value="S"/>
                      </values>
                    </values>
                  </values>
                  <values xsi:type="EM:ListValue">
                    <values xsi:type="EM:CustomValue" hideDisplay="true">
                      <customValue xsi:type="EM:StringValue" value="CCK93:CERNER!AeXiwwEJc7Lb7JHTCqk/Mw"/>
                    </values>
                    <values xsi:type="EM:StringValue" value="Fibrinogen Lvl"/>
                    <values xsi:type="EM:ListValue">
                      <values xsi:type="EM:CustomValue" hideDisplay="true">
                        <customValue xsi:type="EM:StringValue" value="F"/>
                      </values>
                    </values>
                  </values>
                  <values xsi:type="EM:ListValue">
                    <values xsi:type="EM:CustomValue" hideDisplay="true">
                      <customValue xsi:type="EM:StringValue" value="Procalcitonin"/>
                    </values>
                    <values xsi:type="EM:StringValue" value="Procalcitonin"/>
                    <values xsi:type="EM:ListValue">
                      <values xsi:type="EM:CustomValue" hideDisplay="true">
                        <customValue xsi:type="EM:StringValue" value="P"/>
                      </values>
                    </values>
                  </values>
                  <values xsi:type="EM:ListValue">
                    <values xsi:type="EM:CustomValue" hideDisplay="true">
                      <customValue xsi:type="EM:StringValue" value="D Dimer, (Quant.)"/>
                    </values>
                    <values xsi:type="EM:StringValue" value="D Dimer, (Quant.)"/>
                    <values xsi:type="EM:ListValue">
                      <values xsi:type="EM:CustomValue" hideDisplay="true">
                        <customValue xsi:type="EM:StringValue" value="D"/>
                      </values>
                    </values>
                  </values>
                  <values xsi:type="EM:ListValue">
                    <values xsi:type="EM:CustomValue" hideDisplay="true">
                      <customValue xsi:type="EM:StringValue" value="Ferritin Lvl"/>
                    </values>
                    <values xsi:type="EM:StringValue" value="Ferritin Lvl"/>
                    <values xsi:type="EM:ListValue">
                      <values xsi:type="EM:CustomValue" hideDisplay="true">
                        <customValue xsi:type="EM:StringValue" value="F"/>
                      </values>
                    </values>
                  </values>
                  <values xsi:type="EM:ListValue">
                    <values xsi:type="EM:CustomValue" hideDisplay="true">
                      <customValue xsi:type="EM:StringValue" value="LDH"/>
                    </values>
                    <values xsi:type="EM:StringValue" value="LDH"/>
                    <values xsi:type="EM:ListValue">
                      <values xsi:type="EM:CustomValue" hideDisplay="true">
                        <customValue xsi:type="EM:StringValue" value="L"/>
                      </values>
                    </values>
                  </values>
                  <values xsi:type="EM:ListValue">
                    <values xsi:type="EM:CustomValue" hideDisplay="true">
                      <customValue xsi:type="EM:StringValue" value="Absolute Neuts"/>
                    </values>
                    <values xsi:type="EM:StringValue" value="Absolute Neuts"/>
                    <values xsi:type="EM:ListValue">
                      <values xsi:type="EM:CustomValue" hideDisplay="true">
                        <customValue xsi:type="EM:StringValue" value="A"/>
                      </values>
                    </values>
                  </values>
                  <values xsi:type="EM:ListValue">
                    <values xsi:type="EM:CustomValue" hideDisplay="true">
                      <customValue xsi:type="EM:StringValue" value="Lymphocytes"/>
                    </values>
                    <values xsi:type="EM:StringValue" value="Lymphocytes"/>
                    <values xsi:type="EM:ListValue">
                      <values xsi:type="EM:CustomValue" hideDisplay="true">
                        <customValue xsi:type="EM:StringValue" value="L"/>
                      </values>
                    </values>
                  </values>
                  <values xsi:type="EM:ListValue">
                    <values xsi:type="EM:CustomValue" hideDisplay="true">
                      <customValue xsi:type="EM:StringValue" value="CCK93:CERNER!AKUJFgEW6OV+moJjCqIGfQ"/>
                    </values>
                    <values xsi:type="EM:StringValue" value="Albumin Lvl"/>
                    <values xsi:type="EM:ListValue">
                      <values xsi:type="EM:CustomValue" hideDisplay="true">
                        <customValue xsi:type="EM:StringValue" value="A"/>
                      </values>
                    </values>
                  </values>
                  <values xsi:type="EM:ListValue">
                    <values xsi:type="EM:CustomValue" hideDisplay="true">
                      <customValue xsi:type="EM:StringValue" value="CCK93:CERNER!AC6aqgEDbA0M1oDPn4waeg"/>
                    </values>
                    <values xsi:type="EM:StringValue" value="Temperature Oral"/>
                    <values xsi:type="EM:ListValue">
                      <values xsi:type="EM:CustomValue" hideDisplay="true">
                        <customValue xsi:type="EM:StringValue" value="T"/>
                      </values>
                    </values>
                  </values>
                  <values xsi:type="EM:ListValue">
                    <values xsi:type="EM:CustomValue" hideDisplay="true">
                      <customValue xsi:type="EM:StringValue" value="CCK93:CERNER!AC6aqgEDbA0M1oCnn4waeg"/>
                    </values>
                    <values xsi:type="EM:StringValue" value="Temperature Axillary"/>
                    <values xsi:type="EM:ListValue">
                      <values xsi:type="EM:CustomValue" hideDisplay="true">
                        <customValue xsi:type="EM:StringValue" value="T"/>
                      </values>
                    </values>
                  </values>
                  <values xsi:type="EM:ListValue">
                    <values xsi:type="EM:CustomValue" hideDisplay="true">
                      <customValue xsi:type="EM:StringValue" value="CCK93:CERNER!AC6aqgEDbA0M1oDXn4waeg"/>
                    </values>
                    <values xsi:type="EM:StringValue" value="Temperature Rectal"/>
                    <values xsi:type="EM:ListValue">
                      <values xsi:type="EM:CustomValue" hideDisplay="true">
                        <customValue xsi:type="EM:StringValue" value="T"/>
                      </values>
                    </values>
                  </values>
                  <values xsi:type="EM:ListValue">
                    <values xsi:type="EM:CustomValue" hideDisplay="true">
                      <customValue xsi:type="EM:StringValue" value="CCK93:CERNER!AC6aqgEDbA0M1oDfn4waeg"/>
                    </values>
                    <values xsi:type="EM:StringValue" value="Temperature Tympanic"/>
                    <values xsi:type="EM:ListValue">
                      <values xsi:type="EM:CustomValue" hideDisplay="true">
                        <customValue xsi:type="EM:StringValue" value="T"/>
                      </values>
                    </values>
                  </values>
                  <values xsi:type="EM:ListValue">
                    <values xsi:type="EM:CustomValue" hideDisplay="true">
                      <customValue xsi:type="EM:StringValue" value="CCK93:CERNER!0BF8678F-E5DD-4342-BED7-BAC7F7C7ECA0"/>
                    </values>
                    <values xsi:type="EM:StringValue" value="Temperature Temporal Artery"/>
                    <values xsi:type="EM:ListValue">
                      <values xsi:type="EM:CustomValue" hideDisplay="true">
                        <customValue xsi:type="EM:StringValue" value="T"/>
                      </values>
                    </values>
                  </values>
                  <values xsi:type="EM:ListValue">
                    <values xsi:type="EM:CustomValue" hideDisplay="true">
                      <customValue xsi:type="EM:StringValue" value="CCK93:CERNER!AC6aqgEDbA0M1oCvn4waeg"/>
                    </values>
                    <values xsi:type="EM:StringValue" value="Temperature Bladder"/>
                    <values xsi:type="EM:ListValue">
                      <values xsi:type="EM:CustomValue" hideDisplay="true">
                        <customValue xsi:type="EM:StringValue" value="T"/>
                      </values>
                    </values>
                  </values>
                  <values xsi:type="EM:ListValue">
                    <values xsi:type="EM:CustomValue" hideDisplay="true">
                      <customValue xsi:type="EM:StringValue" value="CCK93:CERNER!ANyj7QEXgx8NqoKxCqIGfQ"/>
                    </values>
                    <values xsi:type="EM:StringValue" value="Temperature Core"/>
                    <values xsi:type="EM:ListValue">
                      <values xsi:type="EM:CustomValue" hideDisplay="true">
                        <customValue xsi:type="EM:StringValue" value="T"/>
                      </values>
                    </values>
                  </values>
                  <values xsi:type="EM:ListValue">
                    <values xsi:type="EM:CustomValue" hideDisplay="true">
                      <customValue xsi:type="EM:StringValue" value="COVID RISK"/>
                    </values>
                    <values xsi:type="EM:StringValue" value="COVID RISK"/>
                    <values xsi:type="EM:ListValue">
                      <values xsi:type="EM:CustomValue" hideDisplay="true">
                        <customValue xsi:type="EM:StringValue" value="C"/>
                      </values>
                    </values>
                  </values>
                  <values xsi:type="EM:ListValue">
                    <values xsi:type="EM:CustomValue" hideDisplay="true">
                      <customValue xsi:type="EM:StringValue" value="Interleukin 6"/>
                    </values>
                    <values xsi:type="EM:StringValue" value="Interleukin 6"/>
                    <values xsi:type="EM:ListValue">
                      <values xsi:type="EM:CustomValue" hideDisplay="true">
                        <customValue xsi:type="EM:StringValue" value="I"/>
                      </values>
                    </values>
                  </values>
                  <values xsi:type="EM:ListValue">
                    <values xsi:type="EM:CustomValue" hideDisplay="true">
                      <customValue xsi:type="EM:StringValue" value="COVID19 Reference Lab"/>
                    </values>
                    <values xsi:type="EM:StringValue" value="COVID19 Reference Lab"/>
                    <values xsi:type="EM:ListValue">
                      <values xsi:type="EM:CustomValue" hideDisplay="true">
                        <customValue xsi:type="EM:StringValue" value="C"/>
                      </values>
                    </values>
                  </values>
                </value>
              </facts>
              <facts argument="STATUS">
                <value xsi:type="EM:ListValue">
                  <values xsi:type="EM:ListValue">
                    <values xsi:type="EM:CustomValue" hideDisplay="true">
                      <customValue xsi:type="EM:StringValue" value="CDF8:AUTH"/>
                    </values>
                    <values xsi:type="EM:StringValue" value="Auth (Verified)"/>
                  </values>
                  <values xsi:type="EM:ListValue">
                    <values xsi:type="EM:CustomValue" hideDisplay="true">
                      <customValue xsi:type="EM:StringValue" value="CDF8:ALTERED"/>
                    </values>
                    <values xsi:type="EM:StringValue" value="Modified"/>
                  </values>
                  <values xsi:type="EM:ListValue">
                    <values xsi:type="EM:CustomValue" hideDisplay="true">
                      <customValue xsi:type="EM:StringValue" value="CDF8:MODIFIED"/>
                    </values>
                    <values xsi:type="EM:StringValue" value="Modified"/>
                  </values>
                </value>
              </facts>
            </leftExpression>
            <rightExpression xsi:type="EM:Antecedent" id="E3" template="EKS_DEBUGEKM_E">
              <facts argument="DEBUG_STATUS">
                <value xsi:type="EM:ListValue">
                  <values xsi:type="EM:ListValue">
                    <values xsi:type="EM:CustomValue" hideDisplay="true">
                      <customValue xsi:type="EM:StringValue" value="5"/>
                    </values>
                    <values xsi:type="EM:StringValue" value="To FullAudit for this module only"/>
                  </values>
                </value>
              </facts>
            </rightExpression>
          </rightExpression>
        </logicExpression>
      </evokes>
    </evokeSection>
    <logicSection>
      <logicExpression xsi:type="EM:InfixExpression">
        <leftExpression xsi:type="EM:Antecedent" id="L1" template="EKS_STOP_LOGIC_L">
          <facts argument="MODE">
            <value xsi:type="EM:StringValue" value="STOP"/>
          </facts>
        </leftExpression>
        <rightExpression xsi:type="EM:InfixExpression">
          <leftExpression xsi:type="EM:Antecedent" id="L2" template="EKS_LOGIC_TRUE">
            <facts argument="LOGIC">
              <value xsi:type="EM:StringValue" value="@quot;LOGIC@quot;"/>
            </facts>
          </leftExpression>
          <rightExpression xsi:type="EM:InfixExpression">
            <leftExpression xsi:type="EM:Antecedent" id="L3" template="EKS_AGE_EVAL_L">
              <facts argument="EVALUATION">
                <value xsi:type="EM:StringValue" value="less than"/>
              </facts>
              <facts argument="AGE1">
                <value xsi:type="EM:IntegerValue" intValue="21"/>
              </facts>
              <facts argument="UNIT1">
                <value xsi:type="EM:StringValue" value="years"/>
              </facts>
              <facts argument="OPT_AGE2"/>
              <facts argument="OPT_UNIT2">
                <value xsi:type="EM:StringValue"/>
              </facts>
              <facts argument="OPT_LINK">
                <value xsi:type="EM:AntecedentReference" antecedent="//@ruleDefinition/@logicSection/@logicExpression/@rightExpression/@leftExpression"/>
              </facts>
            </leftExpression>
            <rightExpression xsi:type="EM:InfixExpression">
              <leftExpression xsi:type="EM:Antecedent" id="L4" template="EKS_ENCOUNTER_DETAIL_L">
                <facts argument="ENC_DETAIL">
                  <value xsi:type="EM:ListValue">
                    <values xsi:type="EM:ListValue">
                      <values xsi:type="EM:CustomValue" hideDisplay="true">
                        <customValue xsi:type="EM:StringValue" value="ENCNTR_TYPE_CD\71"/>
                      </values>
                      <values xsi:type="EM:StringValue" value="Encounter Type"/>
                    </values>
                  </value>
                </facts>
                <facts argument="QUAL">
                  <value xsi:type="EM:ListValue">
                    <values xsi:type="EM:ListValue">
                      <values xsi:type="EM:CustomValue" hideDisplay="true">
                        <customValue xsi:type="EM:StringValue" value="="/>
                      </values>
                      <values xsi:type="EM:StringValue" value="is listed"/>
                    </values>
                  </value>
                </facts>
                <facts argument="DETAIL_VALUE">
                  <value xsi:type="EM:ListValue">
                    <values xsi:type="EM:ListValue">
                      <values xsi:type="EM:CustomValue" hideDisplay="true">
                        <customValue xsi:type="EM:StringValue" value="CKI.CODEVALUE!3958"/>
                      </values>
                      <values xsi:type="EM:StringValue" value="INPATIENT"/>
                    </values>
                    <values xsi:type="EM:ListValue">
                      <values xsi:type="EM:CustomValue" hideDisplay="true">
                        <customValue xsi:type="EM:StringValue" value="CKI.CODEVALUE!17613"/>
                      </values>
                      <values xsi:type="EM:StringValue" value="OBSERVATION"/>
                    </values>
                    <values xsi:type="EM:ListValue">
                      <values xsi:type="EM:CustomValue" hideDisplay="true">
                        <customValue xsi:type="EM:StringValue" value="CKI.CODEVALUE!3957"/>
                      </values>
                      <values xsi:type="EM:StringValue" value="EMERGENCY"/>
                    </values>
                  </value>
                </facts>
                <facts argument="OPT_LINK">
                  <value xsi:type="EM:AntecedentReference" antecedent="//@ruleDefinition/@logicSection/@logicExpression/@rightExpression/@leftExpression"/>
                </facts>
              </leftExpression>
              <rightExpression xsi:type="EM:InfixExpression">
                <leftExpression xsi:type="EM:Antecedent" id="L5" template="EKS_ENCOUNTER_DETAIL_L">
                  <facts argument="ENC_DETAIL">
                    <value xsi:type="EM:ListValue">
                      <values xsi:type="EM:ListValue">
                        <values xsi:type="EM:CustomValue" hideDisplay="true">
                          <customValue xsi:type="EM:StringValue" value="ENCNTR_STATUS_CD\261"/>
                        </values>
                        <values xsi:type="EM:StringValue" value="Encounter Status"/>
                      </values>
                    </value>
                  </facts>
                  <facts argument="QUAL">
                    <value xsi:type="EM:ListValue">
                      <values xsi:type="EM:ListValue">
                        <values xsi:type="EM:CustomValue" hideDisplay="true">
                          <customValue xsi:type="EM:StringValue" value="="/>
                        </values>
                        <values xsi:type="EM:StringValue" value="is listed"/>
                      </values>
                    </value>
                  </facts>
                  <facts argument="DETAIL_VALUE">
                    <value xsi:type="EM:ListValue">
                      <values xsi:type="EM:ListValue">
                        <values xsi:type="EM:CustomValue" hideDisplay="true">
                          <customValue xsi:type="EM:StringValue" value="CKI.CODEVALUE!3980"/>
                        </values>
                        <values xsi:type="EM:StringValue" value="ACTIVE"/>
                      </values>
                    </value>
                  </facts>
                  <facts argument="OPT_LINK">
                    <value xsi:type="EM:AntecedentReference" antecedent="//@ruleDefinition/@logicSection/@logicExpression/@rightExpression/@leftExpression"/>
                  </facts>
                </leftExpression>
                <rightExpression xsi:type="EM:InfixExpression">
                  <leftExpression xsi:type="EM:GroupExpression">
                    <expression xsi:type="EM:InfixExpression" operator="OR">
                      <leftExpression xsi:type="EM:Antecedent" alias="CovidPositive" id="L6" template="EKS_CE_RESULTA_MOST_RECENT_L">
                        <facts argument="EVENT_SET_NAME">
                          <value xsi:type="EM:ListValue">
                            <values xsi:type="EM:ListValue">
                              <values xsi:type="EM:CustomValue" hideDisplay="true">
                                <customValue xsi:type="EM:StringValue" value="SARS CoV2 RNA, RT PCR"/>
                              </values>
                              <values xsi:type="EM:StringValue" value="SARS CoV2 RNA, RT PCR"/>
                              <values xsi:type="EM:ListValue">
                                <values xsi:type="EM:CustomValue" hideDisplay="true">
                                  <customValue xsi:type="EM:StringValue" value="S"/>
                                </values>
                              </values>
                            </values>
                            <values xsi:type="EM:ListValue">
                              <values xsi:type="EM:CustomValue" hideDisplay="true">
                                <customValue xsi:type="EM:StringValue" value="SARS-CoV-2"/>
                              </values>
                              <values xsi:type="EM:StringValue" value="SARS-CoV-2"/>
                              <values xsi:type="EM:ListValue">
                                <values xsi:type="EM:CustomValue" hideDisplay="true">
                                  <customValue xsi:type="EM:StringValue" value="S"/>
                                </values>
                              </values>
                            </values>
                            <values xsi:type="EM:ListValue">
                              <values xsi:type="EM:CustomValue" hideDisplay="true">
                                <customValue xsi:type="EM:StringValue" value="COVID19 Reference Lab"/>
                              </values>
                              <values xsi:type="EM:StringValue" value="COVID19 Reference Lab"/>
                              <values xsi:type="EM:ListValue">
                                <values xsi:type="EM:CustomValue" hideDisplay="true">
                                  <customValue xsi:type="EM:StringValue" value="C"/>
                                </values>
                              </values>
                            </values>
                          </value>
                        </facts>
                        <facts argument="EVALUATION">
                          <value xsi:type="EM:StringValue" value="equal to"/>
                        </facts>
                        <facts argument="VALUE1">
                          <value xsi:type="EM:ListValue">
                            <values xsi:type="EM:ListValue">
                              <values xsi:type="EM:CustomValue" hideDisplay="true">
                                <customValue xsi:type="EM:StringValue" value=" "/>
                              </values>
                              <values xsi:type="EM:StringValue" value="Positive"/>
                              <values xsi:type="EM:ListValue">
                                <values xsi:type="EM:CustomValue" hideDisplay="true">
                                  <customValue xsi:type="EM:StringValue" value="P"/>
                                </values>
                              </values>
                            </values>
                          </value>
                        </facts>
                        <facts argument="OPT_LINK">
                          <value xsi:type="EM:AntecedentReference" antecedent="//@ruleDefinition/@logicSection/@logicExpression/@rightExpression/@leftExpression"/>
                        </facts>
                        <facts argument="OPT_TIME_NUM">
                          <value xsi:type="EM:StringValue"/>
                        </facts>
                        <facts argument="OPT_TIME_UNIT">
                          <value xsi:type="EM:StringValue"/>
                        </facts>
                      </leftExpression>
                      <rightExpression xsi:type="EM:InfixExpression" operator="OR">
                        <leftExpression xsi:type="EM:Antecedent" alias="CovidExposure" id="L7" template="EKS_CE_RESULTA_MOST_RECENT_L">
                          <facts argument="EVENT_SET_NAME">
                            <value xsi:type="EM:ListValue">
                              <values xsi:type="EM:ListValue">
                                <values xsi:type="EM:CustomValue" hideDisplay="true">
                                  <customValue xsi:type="EM:StringValue" value="COVID RISK"/>
                                </values>
                                <values xsi:type="EM:StringValue" value="COVID RISK"/>
                                <values xsi:type="EM:ListValue">
                                  <values xsi:type="EM:CustomValue" hideDisplay="true">
                                    <customValue xsi:type="EM:StringValue" value="C"/>
                                  </values>
                                </values>
                              </values>
                            </value>
                          </facts>
                          <facts argument="EVALUATION">
                            <value xsi:type="EM:StringValue" value="equal to"/>
                          </facts>
                          <facts argument="VALUE1">
                            <value xsi:type="EM:ListValue">
                              <values xsi:type="EM:ListValue">
                                <values xsi:type="EM:CustomValue" hideDisplay="true">
                                  <customValue xsi:type="EM:StringValue" value=" "/>
                                </values>
                                <values xsi:type="EM:StringValue" value="Close contact with a person with confirmed COVID-19"/>
                                <values xsi:type="EM:ListValue">
                                  <values xsi:type="EM:CustomValue" hideDisplay="true">
                                    <customValue xsi:type="EM:StringValue" value="C"/>
                                  </values>
                                </values>
                              </values>
                            </value>
                          </facts>
                          <facts argument="OPT_LINK">
                            <value xsi:type="EM:AntecedentReference" antecedent="//@ruleDefinition/@logicSection/@logicExpression/@rightExpression/@leftExpression"/>
                          </facts>
                          <facts argument="OPT_TIME_NUM">
                            <value xsi:type="EM:StringValue"/>
                          </facts>
                          <facts argument="OPT_TIME_UNIT">
                            <value xsi:type="EM:StringValue"/>
                          </facts>
                        </leftExpression>
                        <rightExpression xsi:type="EM:InfixExpression" operator="OR">
                          <leftExpression xsi:type="EM:Antecedent" alias="HealthCareExpo" id="L8" template="EKS_CE_RESULTA_MOST_RECENT_L">
                            <facts argument="EVENT_SET_NAME">
                              <value xsi:type="EM:ListValue">
                                <values xsi:type="EM:ListValue">
                                  <values xsi:type="EM:CustomValue" hideDisplay="true">
                                    <customValue xsi:type="EM:StringValue" value="COVID-19 healthcare worker exposure"/>
                                  </values>
                                  <values xsi:type="EM:StringValue" value="COVID-19 healthcare worker exposure"/>
                                  <values xsi:type="EM:ListValue">
                                    <values xsi:type="EM:CustomValue" hideDisplay="true">
                                      <customValue xsi:type="EM:StringValue" value="C"/>
                                    </values>
                                  </values>
                                </values>
                              </value>
                            </facts>
                            <facts argument="EVALUATION">
                              <value xsi:type="EM:StringValue" value="equal to"/>
                            </facts>
                            <facts argument="VALUE1">
                              <value xsi:type="EM:ListValue">
                                <values xsi:type="EM:ListValue">
                                  <values xsi:type="EM:CustomValue" hideDisplay="true">
                                    <customValue xsi:type="EM:StringValue" value=" "/>
                                  </values>
                                  <values xsi:type="EM:StringValue" value="Yes"/>
                                  <values xsi:type="EM:ListValue">
                                    <values xsi:type="EM:CustomValue" hideDisplay="true">
                                      <customValue xsi:type="EM:StringValue" value="C"/>
                                    </values>
                                  </values>
                                </values>
                              </value>
                            </facts>
                            <facts argument="OPT_LINK">
                              <value xsi:type="EM:AntecedentReference" antecedent="//@ruleDefinition/@logicSection/@logicExpression/@rightExpression/@leftExpression"/>
                            </facts>
                            <facts argument="OPT_TIME_NUM">
                              <value xsi:type="EM:StringValue"/>
                            </facts>
                            <facts argument="OPT_TIME_UNIT">
                              <value xsi:type="EM:StringValue"/>
                            </facts>
                          </leftExpression>
                          <rightExpression xsi:type="EM:Antecedent" id="L9" template="EKS_CE_RESULTA_MOST_RECENT_L">
                            <facts argument="EVENT_SET_NAME">
                              <value xsi:type="EM:ListValue">
                                <values xsi:type="EM:ListValue">
                                  <values xsi:type="EM:CustomValue" hideDisplay="true">
                                    <customValue xsi:type="EM:StringValue" value="COVID-19 test past results"/>
                                  </values>
                                  <values xsi:type="EM:StringValue" value="COVID-19 test past results"/>
                                  <values xsi:type="EM:ListValue">
                                    <values xsi:type="EM:CustomValue" hideDisplay="true">
                                      <customValue xsi:type="EM:StringValue" value="C"/>
                                    </values>
                                  </values>
                                </values>
                              </value>
                            </facts>
                            <facts argument="EVALUATION">
                              <value xsi:type="EM:StringValue" value="equal to"/>
                            </facts>
                            <facts argument="VALUE1">
                              <value xsi:type="EM:ListValue">
                                <values xsi:type="EM:ListValue">
                                  <values xsi:type="EM:CustomValue" hideDisplay="true">
                                    <customValue xsi:type="EM:StringValue" value=" "/>
                                  </values>
                                  <values xsi:type="EM:StringValue" value="Positive"/>
                                  <values xsi:type="EM:ListValue">
                                    <values xsi:type="EM:CustomValue" hideDisplay="true">
                                      <customValue xsi:type="EM:StringValue" value="P"/>
                                    </values>
                                  </values>
                                </values>
                              </value>
                            </facts>
                            <facts argument="OPT_LINK">
                              <value xsi:type="EM:AntecedentReference" antecedent="//@ruleDefinition/@logicSection/@logicExpression/@rightExpression/@leftExpression"/>
                            </facts>
                            <facts argument="OPT_TIME_NUM">
                              <value xsi:type="EM:StringValue"/>
                            </facts>
                            <facts argument="OPT_TIME_UNIT">
                              <value xsi:type="EM:StringValue"/>
                            </facts>
                          </rightExpression>
                        </rightExpression>
                      </rightExpression>
                    </expression>
                  </leftExpression>
                  <rightExpression xsi:type="EM:InfixExpression">
                    <leftExpression xsi:type="EM:GroupExpression">
                      <expression xsi:type="EM:InfixExpression">
                        <leftExpression xsi:type="EM:GroupExpression">
                          <expression xsi:type="EM:InfixExpression">
                            <leftExpression xsi:type="EM:Antecedent" id="L10" template="EKS_CE_RESULT_MOST_RECENT_L">
                              <facts argument="EVENT_SET_NAME">
                                <value xsi:type="EM:ListValue">
                                  <values xsi:type="EM:ListValue">
                                    <values xsi:type="EM:CustomValue" hideDisplay="true">
                                      <customValue xsi:type="EM:StringValue" value="CCK93:CERNER!AC6aqgEDbA0M1oCvn4waeg"/>
                                    </values>
                                    <values xsi:type="EM:StringValue" value="Temperature Bladder"/>
                                    <values xsi:type="EM:ListValue">
                                      <values xsi:type="EM:CustomValue" hideDisplay="true">
                                        <customValue xsi:type="EM:StringValue" value="T"/>
                                      </values>
                                    </values>
                                  </values>
                                  <values xsi:type="EM:ListValue">
                                    <values xsi:type="EM:CustomValue" hideDisplay="true">
                                      <customValue xsi:type="EM:StringValue" value="CCK93:CERNER!ANyj7QEXgx8NqoKxCqIGfQ"/>
                                    </values>
                                    <values xsi:type="EM:StringValue" value="Temperature Core"/>
                                    <values xsi:type="EM:ListValue">
                                      <values xsi:type="EM:CustomValue" hideDisplay="true">
                                        <customValue xsi:type="EM:StringValue" value="T"/>
                                      </values>
                                    </values>
                                  </values>
                                  <values xsi:type="EM:ListValue">
                                    <values xsi:type="EM:CustomValue" hideDisplay="true">
                                      <customValue xsi:type="EM:StringValue" value="CCK93:CERNER!AC6aqgEDbA0M1oCnn4waeg"/>
                                    </values>
                                    <values xsi:type="EM:StringValue" value="Temperature Axillary"/>
                                    <values xsi:type="EM:ListValue">
                                      <values xsi:type="EM:CustomValue" hideDisplay="true">
                                        <customValue xsi:type="EM:StringValue" value="T"/>
                                      </values>
                                    </values>
                                  </values>
                                  <values xsi:type="EM:ListValue">
                                    <values xsi:type="EM:CustomValue" hideDisplay="true">
                                      <customValue xsi:type="EM:StringValue" value="CCK93:CERNER!AC6aqgEDbA0M1oDPn4waeg"/>
                                    </values>
                                    <values xsi:type="EM:StringValue" value="Temperature Oral"/>
                                    <values xsi:type="EM:ListValue">
                                      <values xsi:type="EM:CustomValue" hideDisplay="true">
                                        <customValue xsi:type="EM:StringValue" value="T"/>
                                      </values>
                                    </values>
                                  </values>
                                  <values xsi:type="EM:ListValue">
                                    <values xsi:type="EM:CustomValue" hideDisplay="true">
                                      <customValue xsi:type="EM:StringValue" value="CCK93:CERNER!AC6aqgEDbA0M1oDXn4waeg"/>
                                    </values>
                                    <values xsi:type="EM:StringValue" value="Temperature Rectal"/>
                                    <values xsi:type="EM:ListValue">
                                      <values xsi:type="EM:CustomValue" hideDisplay="true">
                                        <customValue xsi:type="EM:StringValue" value="T"/>
                                      </values>
                                    </values>
                                  </values>
                                  <values xsi:type="EM:ListValue">
                                    <values xsi:type="EM:CustomValue" hideDisplay="true">
                                      <customValue xsi:type="EM:StringValue" value="CCK93:CERNER!AC6aqgEDbA0M1oDfn4waeg"/>
                                    </values>
                                    <values xsi:type="EM:StringValue" value="Temperature Tympanic"/>
                                    <values xsi:type="EM:ListValue">
                                      <values xsi:type="EM:CustomValue" hideDisplay="true">
                                        <customValue xsi:type="EM:StringValue" value="T"/>
                                      </values>
                                    </values>
                                  </values>
                                  <values xsi:type="EM:ListValue">
                                    <values xsi:type="EM:CustomValue" hideDisplay="true">
                                      <customValue xsi:type="EM:StringValue" value="CCK93:CERNER!0BF8678F-E5DD-4342-BED7-BAC7F7C7ECA0"/>
                                    </values>
                                    <values xsi:type="EM:StringValue" value="Temperature Temporal Artery"/>
                                    <values xsi:type="EM:ListValue">
                                      <values xsi:type="EM:CustomValue" hideDisplay="true">
                                        <customValue xsi:type="EM:StringValue" value="T"/>
                                      </values>
                                    </values>
                                  </values>
                                </value>
                              </facts>
                              <facts argument="EVALUATION">
                                <value xsi:type="EM:StringValue" value="greater than or equal to"/>
                              </facts>
                              <facts argument="VALUE1">
                                <value xsi:type="EM:StringValue" value="38.0"/>
                              </facts>
                              <facts argument="OPT_VALUE2">
                                <value xsi:type="EM:StringValue"/>
                              </facts>
                              <facts argument="OPT_LINK">
                                <value xsi:type="EM:AntecedentReference" antecedent="//@ruleDefinition/@logicSection/@logicExpression/@rightExpression/@leftExpression"/>
                              </facts>
                              <facts argument="OPT_TIME_NUM"/>
                              <facts argument="OPT_TIME_UNIT">
                                <value xsi:type="EM:StringValue"/>
                              </facts>
                            </leftExpression>
                            <rightExpression xsi:type="EM:Antecedent" id="L11" template="EKS_EXEC_CCL_L">
                              <facts argument="PROGRAM_NAME">
                                <value xsi:type="EM:StringValue" value="cov_ic_misc_covid_fever"/>
                              </facts>
                              <facts argument="OPT_PARAM">
                                <value xsi:type="EM:StringValue"/>
                              </facts>
                              <facts argument="OPT_LINK">
                                <value xsi:type="EM:AntecedentReference" antecedent="//@ruleDefinition/@logicSection/@logicExpression/@rightExpression/@leftExpression"/>
                              </facts>
                            </rightExpression>
                          </expression>
                        </leftExpression>
                        <rightExpression xsi:type="EM:GroupExpression">
                          <expression xsi:type="EM:InfixExpression" operator="OR">
                            <leftExpression xsi:type="EM:Antecedent" id="L12" template="EKS_EXEC_CCL_L">
                              <facts argument="PROGRAM_NAME">
                                <value xsi:type="EM:StringValue" value="cov_ic_misc_covid_cog_hi"/>
                              </facts>
                              <facts argument="OPT_PARAM">
                                <value xsi:type="EM:StringValue"/>
                              </facts>
                              <facts argument="OPT_LINK">
                                <value xsi:type="EM:AntecedentReference" antecedent="//@ruleDefinition/@logicSection/@logicExpression/@rightExpression/@leftExpression"/>
                              </facts>
                            </leftExpression>
                            <rightExpression xsi:type="EM:Antecedent" id="L13" template="EKS_EXEC_CCL_L">
                              <facts argument="PROGRAM_NAME">
                                <value xsi:type="EM:StringValue" value="cov_ic_misc_covid_cog_low"/>
                              </facts>
                              <facts argument="OPT_PARAM">
                                <value xsi:type="EM:StringValue"/>
                              </facts>
                              <facts argument="OPT_LINK">
                                <value xsi:type="EM:AntecedentReference" antecedent="//@ruleDefinition/@logicSection/@logicExpression/@rightExpression/@leftExpression"/>
                              </facts>
                            </rightExpression>
                          </expression>
                        </rightExpression>
                      </expression>
                    </leftExpression>
                    <rightExpression xsi:type="EM:PrefixExpression">
                      <expression xsi:type="EM:Antecedent" id="L14" template="EKS_PREVIOUS_ACTION_L">
                        <facts argument="ACTION_NAME">
                          <value xsi:type="EM:ListValue">
                            <values xsi:type="EM:ListValue">
                              <values xsi:type="EM:CustomValue" hideDisplay="true">
                                <customValue xsi:type="EM:StringValue" value=" "/>
                              </values>
                              <values xsi:type="EM:StringValue" value="COV_IC_MISC_COVID_TASK ALERT"/>
                              <values xsi:type="EM:ListValue">
                                <values xsi:type="EM:CustomValue" hideDisplay="true">
                                  <customValue xsi:type="EM:StringValue" value="0"/>
                                </values>
                              </values>
                            </values>
                          </value>
                        </facts>
                        <facts argument="SCOPE">
                          <value xsi:type="EM:StringValue" value="same encounter"/>
                        </facts>
                        <facts argument="OPT_LINK">
                          <value xsi:type="EM:AntecedentReference" antecedent="//@ruleDefinition/@logicSection/@logicExpression/@rightExpression/@leftExpression"/>
                        </facts>
                        <facts argument="PERSONNEL">
                          <value xsi:type="EM:StringValue" value="any"/>
                        </facts>
                        <facts argument="OPT_TIME_NUM">
                          <value xsi:type="EM:StringValue"/>
                        </facts>
                        <facts argument="OPT_TIME_UNIT">
                          <value xsi:type="EM:StringValue"/>
                        </facts>
                      </expression>
                    </rightExpression>
                  </rightExpression>
                </rightExpression>
              </rightExpression>
            </rightExpression>
          </rightExpression>
        </rightExpression>
      </logicExpression>
    </logicSection>
    <actionSection>
      <action xsi:type="EM:ActionExpression">
        <logicExpression xsi:type="EM:InfixExpression">
          <leftExpression xsi:type="EM:Antecedent" id="A1" template="EKS_MESSENGER_ESC_A">
            <facts argument="OPT_RECIPIENT">
              <value xsi:type="EM:ListValue">
                <values xsi:type="EM:ListValue">
                  <values xsi:type="EM:CustomValue" hideDisplay="true">
                    <customValue xsi:type="EM:StringValue" value="12735933.0|12735933.0|PERSON|NOTIFY"/>
                  </values>
                  <values xsi:type="EM:StringValue" value="MYERS, LORI"/>
                  <values xsi:type="EM:ListValue">
                    <values xsi:type="EM:CustomValue" hideDisplay="true">
                      <customValue xsi:type="EM:StringValue" value="NOTIFY"/>
                    </values>
                    <values xsi:type="EM:CustomValue" hideDisplay="true">
                      <customValue xsi:type="EM:StringValue" value="PERSON^NOTIFY"/>
                    </values>
                    <values xsi:type="EM:CustomValue" hideDisplay="true">
                      <customValue xsi:type="EM:StringValue" value="M^ALPHA^PERSON^NOTIFY"/>
                    </values>
                  </values>
                </values>
                <values xsi:type="EM:ListValue">
                  <values xsi:type="EM:CustomValue" hideDisplay="true">
                    <customValue xsi:type="EM:StringValue" value="12416527.0|12416527.0|PERSON|NOTIFY"/>
                  </values>
                  <values xsi:type="EM:StringValue" value="FOWLER, AMANDA"/>
                  <values xsi:type="EM:ListValue">
                    <values xsi:type="EM:CustomValue" hideDisplay="true">
                      <customValue xsi:type="EM:StringValue" value="NOTIFY"/>
                    </values>
                    <values xsi:type="EM:CustomValue" hideDisplay="true">
                      <customValue xsi:type="EM:StringValue" value="PERSON^NOTIFY"/>
                    </values>
                    <values xsi:type="EM:CustomValue" hideDisplay="true">
                      <customValue xsi:type="EM:StringValue" value="F^ALPHA^PERSON^NOTIFY"/>
                    </values>
                  </values>
                </values>
                <values xsi:type="EM:ListValue">
                  <values xsi:type="EM:CustomValue" hideDisplay="true">
                    <customValue xsi:type="EM:StringValue" value="12428721.0|12428721.0|PERSON|NOTIFY"/>
                  </values>
                  <values xsi:type="EM:StringValue" value="PARAMASIVAM, GEETHA"/>
                  <values xsi:type="EM:ListValue">
                    <values xsi:type="EM:CustomValue" hideDisplay="true">
                      <customValue xsi:type="EM:StringValue" value="NOTIFY"/>
                    </values>
                    <values xsi:type="EM:CustomValue" hideDisplay="true">
                      <customValue xsi:type="EM:StringValue" value="PERSON^NOTIFY"/>
                    </values>
                    <values xsi:type="EM:CustomValue" hideDisplay="true">
                      <customValue xsi:type="EM:StringValue" value="P^ALPHA^PERSON^NOTIFY"/>
                    </values>
                  </values>
                </values>
              </value>
            </facts>
            <facts argument="OPT_FT_RECIPIENT">
              <value xsi:type="EM:StringValue"/>
            </facts>
            <facts argument="OPT_SUBJECT">
              <value xsi:type="EM:StringValue" value="@PATIENT:2 - MIS-C &amp; COVID19 Patient Alert"/>
            </facts>
            <facts argument="OPT_MSG">
              <value xsi:type="EM:StringValue" value="MIS-C &amp; Covid19  Patient Alert"/>
            </facts>
            <facts argument="OPT_PRIORITY">
              <value xsi:type="EM:StringValue" value="Low"/>
            </facts>
            <facts argument="ESC_LINK">
              <value xsi:type="EM:AntecedentReference" antecedent="//@ruleDefinition/@logicSection/@logicExpression/@rightExpression/@leftExpression"/>
            </facts>
            <facts argument="TIME_INTERVAL">
              <value xsi:type="EM:IntegerValue" intValue="3"/>
            </facts>
            <facts argument="TIME_UNIT">
              <value xsi:type="EM:StringValue" value="days"/>
            </facts>
            <facts argument="STOP_FLAG">
              <value xsi:type="EM:StringValue" value="STOP"/>
            </facts>
          </leftExpression>
          <rightExpression xsi:type="EM:Antecedent" id="A2" template="EKS_LOG_ACTION_A">
            <facts argument="ACTION_NAME">
              <value xsi:type="EM:ListValue">
                <values xsi:type="EM:ListValue">
                  <values xsi:type="EM:CustomValue" hideDisplay="true">
                    <customValue xsi:type="EM:StringValue" value=" "/>
                  </values>
                  <values xsi:type="EM:StringValue" value="COV_IC_MISC_COVID_TASK ALERT"/>
                  <values xsi:type="EM:ListValue">
                    <values xsi:type="EM:CustomValue" hideDisplay="true">
                      <customValue xsi:type="EM:StringValue" value="0"/>
                    </values>
                  </values>
                </values>
              </value>
            </facts>
          </rightExpression>
        </logicExpression>
      </action>
    </actionSection>
  </ruleDefinition>
</EM:ExpertModule>
